# Hybrid submarine model
# Low-poly body+tower + high-poly control surfaces+propeller
mtllib submarine-hybrid.mtl
#
v 3.040114 -6.088717 2.735381
v 2.492976 -10.724854 3.229031
v 3.456088 -16.577400 2.467058
v -3.697219 -27.478120 -0.520016
v -2.964023 -29.693356 -1.197088
v -3.255870 -29.914818 0.346449
v -0.757173 -19.264548 -3.510830
v 0.890323 -17.077966 -3.526893
v 0.200059 -24.714863 -3.282773
v -3.569318 -16.346905 -2.241822
v -2.217908 -15.041702 -3.131320
v -2.538433 -23.871485 -2.644253
v -2.066104 -32.393728 1.068948
v -2.498035 -32.254406 0.127850
v -1.233390 -33.730814 0.723846
v 3.822146 -25.977478 -0.639839
v 3.838573 -26.662470 0.382818
v 3.139185 -30.373179 -0.119953
v 1.541415 -26.957320 -2.761142
v 2.825702 -28.735893 -1.665707
v 0.946960 -29.916051 -2.468953
v -0.630276 32.991317 0.840764
v -1.618413 28.027374 0.597876
v -2.664137 16.807982 1.162357
v -4.433194 -13.543362 1.014508
v -4.506005 -16.707735 0.064127
v -4.149884 -24.370335 0.414178
v -0.943489 -12.838211 3.756917
v -2.428269 -17.837037 3.218391
v -1.328223 -23.694466 3.390864
v -4.484626 -7.142033 -0.015931
v 1.983710 -20.004300 -3.119668
v -0.004263 35.278737 0.752275
v -0.959943 21.004319 2.040655
v 0.558736 25.637345 1.691597
v -0.024592 38.344316 0.103776
v -0.116789 35.131488 -0.564136
v -0.642180 34.804391 -0.377870
v 3.531636 -27.096843 1.254764
v 2.659297 -28.814236 1.978065
v 2.554010 -30.918621 1.309916
v -0.085913 9.849736 3.027640
v 2.711764 4.122473 -2.299287
v 3.073851 12.209978 -0.954313
v 3.459088 0.078657 -1.848423
v -1.716498 -6.391889 -3.292342
v 0.810039 -6.997739 -3.521564
v -0.552387 -12.821657 -3.600867
v 1.296707 -33.758556 -0.218695
v 1.338429 -33.611454 0.754639
v 0.507972 -34.086227 0.390873
v -0.595779 -31.560905 2.316306
v -2.060946 -30.046456 2.125958
v -1.449307 -32.274895 1.723760
v -1.367325 -24.272299 -3.110455
v -1.950713 -29.207504 -2.241395
v 2.671493 -23.759358 -2.530218
v 3.523661 -22.504357 -1.909129
v -2.734943 -25.177612 2.581475
v -2.718917 -29.947879 1.643272
v 2.175360 -30.864692 -1.564130
v -1.331915 14.079866 -2.292641
v -1.790264 3.246220 -2.873754
v -2.696393 3.501626 -2.380514
v -1.122132 -2.764808 3.537764
v -2.612813 -7.663982 3.131853
v 3.336778 2.807489 1.985273
v 4.051546 -10.356192 1.738880
v 0.773621 34.596443 -0.248487
v 1.900711 25.738205 0.567937
v 2.294840 22.326126 -0.316614
v -1.419949 5.049157 3.111369
v 0.181365 0.192868 3.544482
v -1.587196 -33.460943 -0.416119
v -0.786464 -29.956750 -2.501588
v 4.168192 -19.564199 -1.132277
v 4.126959 -2.400326 1.117388
v 4.427671 -13.430139 0.861140
v 4.441067 -7.845939 -0.300883
v -0.638872 25.905235 -1.426894
v -1.694541 22.233026 -1.299833
v -0.313517 -33.382901 -1.325803
v -0.601112 -33.884767 -0.720304
v -0.156294 38.239428 0.084551
v -1.514575 29.323494 -0.260455
v 0.928411 32.778063 0.606806
v 1.691911 16.325584 2.124528
v 0.019372 -12.903996 3.846516
v -1.152882 -28.405178 2.895884
v -0.451504 3.754964 -3.181768
v -2.783382 14.404166 -1.155217
v -3.464971 3.043217 -1.633852
v -3.571305 -26.629210 1.355190
v 2.275121 -32.385356 0.689591
v -4.125767 -20.750040 -1.157940
v -3.428751 -24.241306 -1.814571
v 2.140864 19.325830 -1.218210
v 1.073325 14.356984 -2.377590
v 0.607379 0.368734 -3.302739
v 1.611405 3.113474 -2.937496
v -4.125722 -0.201626 -0.740938
v -3.632817 -6.660962 -2.090435
v -4.412637 -11.729514 -0.871633
v 0.834937 24.445471 -1.518335
v -0.179275 20.650849 -1.987738
v 0.393778 -23.344495 3.559719
v -2.343325 22.633258 -0.033431
v -3.531555 3.796199 1.643776
v -4.132696 0.087601 0.829297
v -3.697548 -6.639105 2.186991
v 3.958759 -8.320147 -1.648779
v -1.744162 -32.196915 -1.372606
v 3.739220 -21.993052 1.877807
v 1.214418 10.623611 2.793927
v 0.081033 -29.460642 2.860981
v 1.391420 -31.949840 1.909996
v -0.144948 38.235306 0.186982
v 1.713356 2.560125 3.129805
v 0.984746 -10.347860 3.734381
v 4.446298 -15.728965 -0.450779
v 4.343333 -20.847492 0.224785
v 1.304453 -29.203535 2.720140
v 1.494291 -17.444757 3.565013
v 2.115189 -21.613264 3.213585
v 2.234338 -32.507278 -0.474712
v 2.798471 -10.897581 -2.840415
v -3.829670 -17.122452 2.117293
v -4.138675 -21.413386 1.242968
v -1.663461 23.290622 1.371582
v -2.202450 11.781515 2.237043
v 0.010038 38.350000 0.092440
v -3.479784 10.807725 -0.278978
v 2.132719 19.465997 1.390469
v 2.638761 8.852763 2.168754
v 3.196387 13.485945 0.532581
v 1.267835 -32.613816 -1.436033
v 0.473818 -33.800769 -0.895185
v 2.342591 -26.006831 2.672272
v 0.080463 -33.090246 1.721051
v -0.008796 -33.837343 1.161716
v 0.146115 38.218514 0.045393
v 3.921072 3.719238 -0.526721
v -2.792686 3.460598 2.483057
v -3.415683 10.525912 0.763781
v -0.484266 -34.135663 0.132460
v 0.498457 -34.087646 -0.166291
v -0.221623 -31.936599 -2.052315
v 4.000112 3.139157 0.451440
v -0.013016 -34.153559 0.091034
v 2.080000 36.700000 0.110000
v 2.103840 36.730667 0.386976
v 2.062205 36.700000 0.381494
v 2.121994 36.730667 0.110000
v 2.134968 36.820577 0.391074
v 2.153391 36.820577 0.110000
v 2.152680 36.963604 0.393406
v 2.171255 36.963604 0.110000
v 2.154923 37.150000 0.393701
v 2.173518 37.150000 0.110000
v 2.142092 37.367063 0.392012
v 2.160576 37.367063 0.110000
v 2.117190 37.600000 0.388733
v 2.135459 37.600000 0.110000
v 2.084754 37.832937 0.384463
v 2.102743 37.832937 0.110000
v 2.049567 38.050000 0.379831
v 2.067253 38.050000 0.110000
v 2.016028 38.236396 0.375415
v 2.033424 38.236396 0.110000
v 1.988159 38.379423 0.371746
v 2.005315 38.379423 0.110000
v 1.969594 38.469333 0.369302
v 1.986590 38.469333 0.110000
v 1.963061 38.500000 0.368442
v 1.980000 38.500000 0.110000
v 1.959906 38.469333 0.368026
v 1.976817 38.469333 0.110000
v 1.951245 38.379423 0.366886
v 1.968082 38.379423 0.110000
v 1.939132 38.236396 0.365292
v 1.955865 38.236396 0.110000
v 1.926127 38.050000 0.363579
v 1.942747 38.050000 0.110000
v 1.914852 37.832937 0.362095
v 1.931375 37.832937 0.110000
v 1.908077 37.600000 0.361203
v 1.924541 37.600000 0.110000
v 1.908835 37.367063 0.361303
v 1.925306 37.367063 0.110000
v 1.919915 37.150000 0.362762
v 1.936482 37.150000 0.110000
v 1.942692 36.963604 0.365760
v 1.959455 36.963604 0.110000
v 1.976159 36.820577 0.370166
v 1.993212 36.820577 0.110000
v 2.017192 36.730667 0.375568
v 2.034599 36.730667 0.110000
v 2.049689 36.730667 0.659212
v 2.009126 36.700000 0.648344
v 2.080016 36.820577 0.667339
v 2.097271 36.963604 0.671962
v 2.099457 37.150000 0.672548
v 2.086956 37.367063 0.669198
v 2.062695 37.600000 0.662697
v 2.031094 37.832937 0.654230
v 1.996813 38.050000 0.645044
v 1.964137 38.236396 0.636289
v 1.936986 38.379423 0.629014
v 1.918899 38.469333 0.624167
v 1.912533 38.500000 0.622462
v 1.909459 38.469333 0.621638
v 1.901022 38.379423 0.619377
v 1.889220 38.236396 0.616215
v 1.876550 38.050000 0.612820
v 1.865565 37.832937 0.609877
v 1.858964 37.600000 0.608108
v 1.859703 37.367063 0.608306
v 1.870498 37.150000 0.611198
v 1.892689 36.963604 0.617144
v 1.925295 36.820577 0.625881
v 1.965271 36.730667 0.636593
v 1.960467 36.730667 0.922052
v 1.921669 36.700000 0.905982
v 1.989474 36.820577 0.934067
v 2.005978 36.963604 0.940903
v 2.008069 37.150000 0.941769
v 1.996112 37.367063 0.936817
v 1.972907 37.600000 0.927205
v 1.942681 37.832937 0.914685
v 1.909893 38.050000 0.901103
v 1.878639 38.236396 0.888158
v 1.852670 38.379423 0.877401
v 1.835370 38.469333 0.870235
v 1.829281 38.500000 0.867713
v 1.826341 38.469333 0.866495
v 1.818271 38.379423 0.863153
v 1.806984 38.236396 0.858477
v 1.794864 38.050000 0.853457
v 1.784358 37.832937 0.849105
v 1.778044 37.600000 0.846490
v 1.778751 37.367063 0.846783
v 1.789076 37.150000 0.851060
v 1.810301 36.963604 0.859851
v 1.841487 36.820577 0.872769
v 1.879724 36.730667 0.888607
v 1.837701 36.730667 1.170997
v 1.801333 36.700000 1.150000
v 1.864891 36.820577 1.186695
v 1.880362 36.963604 1.195628
v 1.882322 37.150000 1.196759
v 1.871114 37.367063 1.190288
v 1.849361 37.600000 1.177729
v 1.821029 37.832937 1.161371
v 1.790293 38.050000 1.143626
v 1.760997 38.236396 1.126712
v 1.736654 38.379423 1.112658
v 1.720437 38.469333 1.103295
v 1.714730 38.500000 1.100000
v 1.711974 38.469333 1.098409
v 1.704409 38.379423 1.094041
v 1.693829 38.236396 1.087932
v 1.682468 38.050000 1.081374
v 1.672620 37.832937 1.075688
v 1.666702 37.600000 1.072271
v 1.667364 37.367063 1.072653
v 1.677043 37.150000 1.078241
v 1.696938 36.963604 1.089728
v 1.726172 36.820577 1.106606
v 1.762014 36.730667 1.127299
v 1.683491 36.730667 1.401788
v 1.650175 36.700000 1.376224
v 1.708400 36.820577 1.420901
v 1.722573 36.963604 1.431776
v 1.724368 37.150000 1.433154
v 1.714100 37.367063 1.425275
v 1.694173 37.600000 1.409985
v 1.668218 37.832937 1.390069
v 1.640062 38.050000 1.368464
v 1.613224 38.236396 1.347870
v 1.590923 38.379423 1.330758
v 1.576068 38.469333 1.319359
v 1.570840 38.500000 1.315348
v 1.568315 38.469333 1.313410
v 1.561385 38.379423 1.308093
v 1.551692 38.236396 1.300655
v 1.541285 38.050000 1.292670
v 1.532263 37.832937 1.285747
v 1.526841 37.600000 1.281587
v 1.527448 37.367063 1.282052
v 1.536314 37.150000 1.288856
v 1.554541 36.963604 1.302841
v 1.581321 36.820577 1.323390
v 1.614156 36.730667 1.348585
v 1.500476 36.730667 1.610476
v 1.470782 36.700000 1.580782
v 1.522677 36.820577 1.632677
v 1.535309 36.963604 1.645309
v 1.536909 37.150000 1.646909
v 1.527758 37.367063 1.637758
v 1.509997 37.600000 1.619997
v 1.486864 37.832937 1.596864
v 1.461768 38.050000 1.571768
v 1.437848 38.236396 1.547848
v 1.417972 38.379423 1.527972
v 1.404731 38.469333 1.514731
v 1.400071 38.500000 1.510071
v 1.397821 38.469333 1.507821
v 1.391644 38.379423 1.501644
v 1.383005 38.236396 1.493005
v 1.373730 38.050000 1.483730
v 1.365689 37.832937 1.475689
v 1.360856 37.600000 1.470856
v 1.361397 37.367063 1.471397
v 1.369300 37.150000 1.479300
v 1.385544 36.963604 1.495544
v 1.409413 36.820577 1.519413
v 1.438679 36.730667 1.548679
v 1.291788 36.730667 1.793491
v 1.266224 36.700000 1.760175
v 1.310901 36.820577 1.818400
v 1.321776 36.963604 1.832573
v 1.323154 37.150000 1.834368
v 1.315275 37.367063 1.824100
v 1.299985 37.600000 1.804173
v 1.280069 37.832937 1.778218
v 1.258464 38.050000 1.750062
v 1.237870 38.236396 1.723224
v 1.220758 38.379423 1.700923
v 1.209359 38.469333 1.686068
v 1.205348 38.500000 1.680840
v 1.203410 38.469333 1.678315
v 1.198093 38.379423 1.671385
v 1.190655 38.236396 1.661692
v 1.182670 38.050000 1.651285
v 1.175747 37.832937 1.642263
v 1.171587 37.600000 1.636841
v 1.172052 37.367063 1.637448
v 1.178856 37.150000 1.646314
v 1.192841 36.963604 1.664541
v 1.213390 36.820577 1.691321
v 1.238585 36.730667 1.724156
v 1.060997 36.730667 1.947701
v 1.040000 36.700000 1.911333
v 1.076695 36.820577 1.974891
v 1.085628 36.963604 1.990362
v 1.086759 37.150000 1.992322
v 1.080288 37.367063 1.981114
v 1.067729 37.600000 1.959361
v 1.051371 37.832937 1.931029
v 1.033626 38.050000 1.900293
v 1.016712 38.236396 1.870997
v 1.002658 38.379423 1.846654
v 0.993295 38.469333 1.830437
v 0.990000 38.500000 1.824730
v 0.988409 38.469333 1.821974
v 0.984041 38.379423 1.814409
v 0.977932 38.236396 1.803829
v 0.971374 38.050000 1.792468
v 0.965688 37.832937 1.782620
v 0.962271 37.600000 1.776702
v 0.962653 37.367063 1.777364
v 0.968241 37.150000 1.787043
v 0.979728 36.963604 1.806938
v 0.996606 36.820577 1.836172
v 1.017299 36.730667 1.872014
v 0.812052 36.730667 2.070467
v 0.795982 36.700000 2.031669
v 0.824067 36.820577 2.099474
v 0.830903 36.963604 2.115978
v 0.831769 37.150000 2.118069
v 0.826817 37.367063 2.106112
v 0.817205 37.600000 2.082907
v 0.804685 37.832937 2.052681
v 0.791103 38.050000 2.019893
v 0.778158 38.236396 1.988639
v 0.767401 38.379423 1.962670
v 0.760235 38.469333 1.945370
v 0.757713 38.500000 1.939281
v 0.756495 38.469333 1.936341
v 0.753153 38.379423 1.928271
v 0.748477 38.236396 1.916984
v 0.743457 38.050000 1.904864
v 0.739105 37.832937 1.894358
v 0.736490 37.600000 1.888044
v 0.736783 37.367063 1.888751
v 0.741060 37.150000 1.899076
v 0.749851 36.963604 1.920301
v 0.762769 36.820577 1.951487
v 0.778607 36.730667 1.989724
v 0.549212 36.730667 2.159689
v 0.538344 36.700000 2.119126
v 0.557339 36.820577 2.190016
v 0.561962 36.963604 2.207271
v 0.562548 37.150000 2.209457
v 0.559198 37.367063 2.196956
v 0.552697 37.600000 2.172695
v 0.544230 37.832937 2.141094
v 0.535044 38.050000 2.106813
v 0.526289 38.236396 2.074137
v 0.519014 38.379423 2.046986
v 0.514167 38.469333 2.028899
v 0.512462 38.500000 2.022533
v 0.511638 38.469333 2.019459
v 0.509377 38.379423 2.011022
v 0.506215 38.236396 1.999220
v 0.502820 38.050000 1.986550
v 0.499877 37.832937 1.975565
v 0.498108 37.600000 1.968964
v 0.498306 37.367063 1.969703
v 0.501198 37.150000 1.980498
v 0.507144 36.963604 2.002689
v 0.515881 36.820577 2.035295
v 0.526593 36.730667 2.075271
v 0.276976 36.730667 2.213840
v 0.271494 36.700000 2.172205
v 0.281074 36.820577 2.244968
v 0.283406 36.963604 2.262680
v 0.283701 37.150000 2.264923
v 0.282012 37.367063 2.252092
v 0.278733 37.600000 2.227190
v 0.274463 37.832937 2.194754
v 0.269831 38.050000 2.159567
v 0.265415 38.236396 2.126028
v 0.261746 38.379423 2.098159
v 0.259302 38.469333 2.079594
v 0.258442 38.500000 2.073061
v 0.258026 38.469333 2.069906
v 0.256886 38.379423 2.061245
v 0.255292 38.236396 2.049132
v 0.253579 38.050000 2.036127
v 0.252095 37.832937 2.024852
v 0.251203 37.600000 2.018077
v 0.251303 37.367063 2.018835
v 0.252762 37.150000 2.029915
v 0.255760 36.963604 2.052692
v 0.260166 36.820577 2.086159
v 0.265568 36.730667 2.127192
v 0.000000 36.730667 2.231994
v 0.000000 36.700000 2.190000
v 0.000000 36.820577 2.263391
v 0.000000 36.963604 2.281255
v 0.000000 37.150000 2.283518
v 0.000000 37.367063 2.270576
v 0.000000 37.600000 2.245459
v 0.000000 37.832937 2.212743
v 0.000000 38.050000 2.177253
v 0.000000 38.236396 2.143424
v 0.000000 38.379423 2.115315
v 0.000000 38.469333 2.096590
v 0.000000 38.500000 2.090000
v 0.000000 38.469333 2.086817
v 0.000000 38.379423 2.078082
v 0.000000 38.236396 2.065865
v 0.000000 38.050000 2.052747
v 0.000000 37.832937 2.041375
v 0.000000 37.600000 2.034541
v 0.000000 37.367063 2.035306
v 0.000000 37.150000 2.046482
v 0.000000 36.963604 2.069455
v 0.000000 36.820577 2.103212
v 0.000000 36.730667 2.144599
v -0.276976 36.730667 2.213840
v -0.271494 36.700000 2.172205
v -0.281074 36.820577 2.244968
v -0.283406 36.963604 2.262680
v -0.283701 37.150000 2.264923
v -0.282012 37.367063 2.252092
v -0.278733 37.600000 2.227190
v -0.274463 37.832937 2.194754
v -0.269831 38.050000 2.159567
v -0.265415 38.236396 2.126028
v -0.261746 38.379423 2.098159
v -0.259302 38.469333 2.079594
v -0.258442 38.500000 2.073061
v -0.258026 38.469333 2.069906
v -0.256886 38.379423 2.061245
v -0.255292 38.236396 2.049132
v -0.253579 38.050000 2.036127
v -0.252095 37.832937 2.024852
v -0.251203 37.600000 2.018077
v -0.251303 37.367063 2.018835
v -0.252762 37.150000 2.029915
v -0.255760 36.963604 2.052692
v -0.260166 36.820577 2.086159
v -0.265568 36.730667 2.127192
v -0.549212 36.730667 2.159689
v -0.538344 36.700000 2.119126
v -0.557339 36.820577 2.190016
v -0.561962 36.963604 2.207271
v -0.562548 37.150000 2.209457
v -0.559198 37.367063 2.196956
v -0.552697 37.600000 2.172695
v -0.544230 37.832937 2.141094
v -0.535044 38.050000 2.106813
v -0.526289 38.236396 2.074137
v -0.519014 38.379423 2.046986
v -0.514167 38.469333 2.028899
v -0.512462 38.500000 2.022533
v -0.511638 38.469333 2.019459
v -0.509377 38.379423 2.011022
v -0.506215 38.236396 1.999220
v -0.502820 38.050000 1.986550
v -0.499877 37.832937 1.975565
v -0.498108 37.600000 1.968964
v -0.498306 37.367063 1.969703
v -0.501198 37.150000 1.980498
v -0.507144 36.963604 2.002689
v -0.515881 36.820577 2.035295
v -0.526593 36.730667 2.075271
v -0.812052 36.730667 2.070467
v -0.795982 36.700000 2.031669
v -0.824067 36.820577 2.099474
v -0.830903 36.963604 2.115978
v -0.831769 37.150000 2.118069
v -0.826817 37.367063 2.106112
v -0.817205 37.600000 2.082907
v -0.804685 37.832937 2.052681
v -0.791103 38.050000 2.019893
v -0.778158 38.236396 1.988639
v -0.767401 38.379423 1.962670
v -0.760235 38.469333 1.945370
v -0.757713 38.500000 1.939281
v -0.756495 38.469333 1.936341
v -0.753153 38.379423 1.928271
v -0.748477 38.236396 1.916984
v -0.743457 38.050000 1.904864
v -0.739105 37.832937 1.894358
v -0.736490 37.600000 1.888044
v -0.736783 37.367063 1.888751
v -0.741060 37.150000 1.899076
v -0.749851 36.963604 1.920301
v -0.762769 36.820577 1.951487
v -0.778607 36.730667 1.989724
v -1.060997 36.730667 1.947701
v -1.040000 36.700000 1.911333
v -1.076695 36.820577 1.974891
v -1.085628 36.963604 1.990362
v -1.086759 37.150000 1.992322
v -1.080288 37.367063 1.981114
v -1.067729 37.600000 1.959361
v -1.051371 37.832937 1.931029
v -1.033626 38.050000 1.900293
v -1.016712 38.236396 1.870997
v -1.002658 38.379423 1.846654
v -0.993295 38.469333 1.830437
v -0.990000 38.500000 1.824730
v -0.988409 38.469333 1.821974
v -0.984041 38.379423 1.814409
v -0.977932 38.236396 1.803829
v -0.971374 38.050000 1.792468
v -0.965688 37.832937 1.782620
v -0.962271 37.600000 1.776702
v -0.962653 37.367063 1.777364
v -0.968241 37.150000 1.787043
v -0.979728 36.963604 1.806938
v -0.996606 36.820577 1.836172
v -1.017299 36.730667 1.872014
v -1.291788 36.730667 1.793491
v -1.266224 36.700000 1.760175
v -1.310901 36.820577 1.818400
v -1.321776 36.963604 1.832573
v -1.323154 37.150000 1.834368
v -1.315275 37.367063 1.824100
v -1.299985 37.600000 1.804173
v -1.280069 37.832937 1.778218
v -1.258464 38.050000 1.750062
v -1.237870 38.236396 1.723224
v -1.220758 38.379423 1.700923
v -1.209359 38.469333 1.686068
v -1.205348 38.500000 1.680840
v -1.203410 38.469333 1.678315
v -1.198093 38.379423 1.671385
v -1.190655 38.236396 1.661692
v -1.182670 38.050000 1.651285
v -1.175747 37.832937 1.642263
v -1.171587 37.600000 1.636841
v -1.172052 37.367063 1.637448
v -1.178856 37.150000 1.646314
v -1.192841 36.963604 1.664541
v -1.213390 36.820577 1.691321
v -1.238585 36.730667 1.724156
v -1.500476 36.730667 1.610476
v -1.470782 36.700000 1.580782
v -1.522677 36.820577 1.632677
v -1.535309 36.963604 1.645309
v -1.536909 37.150000 1.646909
v -1.527758 37.367063 1.637758
v -1.509997 37.600000 1.619997
v -1.486864 37.832937 1.596864
v -1.461768 38.050000 1.571768
v -1.437848 38.236396 1.547848
v -1.417972 38.379423 1.527972
v -1.404731 38.469333 1.514731
v -1.400071 38.500000 1.510071
v -1.397821 38.469333 1.507821
v -1.391644 38.379423 1.501644
v -1.383005 38.236396 1.493005
v -1.373730 38.050000 1.483730
v -1.365689 37.832937 1.475689
v -1.360856 37.600000 1.470856
v -1.361397 37.367063 1.471397
v -1.369300 37.150000 1.479300
v -1.385544 36.963604 1.495544
v -1.409413 36.820577 1.519413
v -1.438679 36.730667 1.548679
v -1.683491 36.730667 1.401788
v -1.650175 36.700000 1.376224
v -1.708400 36.820577 1.420901
v -1.722573 36.963604 1.431776
v -1.724368 37.150000 1.433154
v -1.714100 37.367063 1.425275
v -1.694173 37.600000 1.409985
v -1.668218 37.832937 1.390069
v -1.640062 38.050000 1.368464
v -1.613224 38.236396 1.347870
v -1.590923 38.379423 1.330758
v -1.576068 38.469333 1.319359
v -1.570840 38.500000 1.315348
v -1.568315 38.469333 1.313410
v -1.561385 38.379423 1.308093
v -1.551692 38.236396 1.300655
v -1.541285 38.050000 1.292670
v -1.532263 37.832937 1.285747
v -1.526841 37.600000 1.281587
v -1.527448 37.367063 1.282052
v -1.536314 37.150000 1.288856
v -1.554541 36.963604 1.302841
v -1.581321 36.820577 1.323390
v -1.614156 36.730667 1.348585
v -1.837701 36.730667 1.170997
v -1.801333 36.700000 1.150000
v -1.864891 36.820577 1.186695
v -1.880362 36.963604 1.195628
v -1.882322 37.150000 1.196759
v -1.871114 37.367063 1.190288
v -1.849361 37.600000 1.177729
v -1.821029 37.832937 1.161371
v -1.790293 38.050000 1.143626
v -1.760997 38.236396 1.126712
v -1.736654 38.379423 1.112658
v -1.720437 38.469333 1.103295
v -1.714730 38.500000 1.100000
v -1.711974 38.469333 1.098409
v -1.704409 38.379423 1.094041
v -1.693829 38.236396 1.087932
v -1.682468 38.050000 1.081374
v -1.672620 37.832937 1.075688
v -1.666702 37.600000 1.072271
v -1.667364 37.367063 1.072653
v -1.677043 37.150000 1.078241
v -1.696938 36.963604 1.089728
v -1.726172 36.820577 1.106606
v -1.762014 36.730667 1.127299
v -1.960467 36.730667 0.922052
v -1.921669 36.700000 0.905982
v -1.989474 36.820577 0.934067
v -2.005978 36.963604 0.940903
v -2.008069 37.150000 0.941769
v -1.996112 37.367063 0.936817
v -1.972907 37.600000 0.927205
v -1.942681 37.832937 0.914685
v -1.909893 38.050000 0.901103
v -1.878639 38.236396 0.888158
v -1.852670 38.379423 0.877401
v -1.835370 38.469333 0.870235
v -1.829281 38.500000 0.867713
v -1.826341 38.469333 0.866495
v -1.818271 38.379423 0.863153
v -1.806984 38.236396 0.858477
v -1.794864 38.050000 0.853457
v -1.784358 37.832937 0.849105
v -1.778044 37.600000 0.846490
v -1.778751 37.367063 0.846783
v -1.789076 37.150000 0.851060
v -1.810301 36.963604 0.859851
v -1.841487 36.820577 0.872769
v -1.879724 36.730667 0.888607
v -2.049689 36.730667 0.659212
v -2.009126 36.700000 0.648344
v -2.080016 36.820577 0.667339
v -2.097271 36.963604 0.671962
v -2.099457 37.150000 0.672548
v -2.086956 37.367063 0.669198
v -2.062695 37.600000 0.662697
v -2.031094 37.832937 0.654230
v -1.996813 38.050000 0.645044
v -1.964137 38.236396 0.636289
v -1.936986 38.379423 0.629014
v -1.918899 38.469333 0.624167
v -1.912533 38.500000 0.622462
v -1.909459 38.469333 0.621638
v -1.901022 38.379423 0.619377
v -1.889220 38.236396 0.616215
v -1.876550 38.050000 0.612820
v -1.865565 37.832937 0.609877
v -1.858964 37.600000 0.608108
v -1.859703 37.367063 0.608306
v -1.870498 37.150000 0.611198
v -1.892689 36.963604 0.617144
v -1.925295 36.820577 0.625881
v -1.965271 36.730667 0.636593
v -2.103840 36.730667 0.386976
v -2.062205 36.700000 0.381494
v -2.134968 36.820577 0.391074
v -2.152680 36.963604 0.393406
v -2.154923 37.150000 0.393701
v -2.142092 37.367063 0.392012
v -2.117190 37.600000 0.388733
v -2.084754 37.832937 0.384463
v -2.049567 38.050000 0.379831
v -2.016028 38.236396 0.375415
v -1.988159 38.379423 0.371746
v -1.969594 38.469333 0.369302
v -1.963061 38.500000 0.368442
v -1.959906 38.469333 0.368026
v -1.951245 38.379423 0.366886
v -1.939132 38.236396 0.365292
v -1.926127 38.050000 0.363579
v -1.914852 37.832937 0.362095
v -1.908077 37.600000 0.361203
v -1.908835 37.367063 0.361303
v -1.919915 37.150000 0.362762
v -1.942692 36.963604 0.365760
v -1.976159 36.820577 0.370166
v -2.017192 36.730667 0.375568
v -2.121994 36.730667 0.110000
v -2.080000 36.700000 0.110000
v -2.153391 36.820577 0.110000
v -2.171255 36.963604 0.110000
v -2.173518 37.150000 0.110000
v -2.160576 37.367063 0.110000
v -2.135459 37.600000 0.110000
v -2.102743 37.832937 0.110000
v -2.067253 38.050000 0.110000
v -2.033424 38.236396 0.110000
v -2.005315 38.379423 0.110000
v -1.986590 38.469333 0.110000
v -1.980000 38.500000 0.110000
v -1.976817 38.469333 0.110000
v -1.968082 38.379423 0.110000
v -1.955865 38.236396 0.110000
v -1.942747 38.050000 0.110000
v -1.931375 37.832937 0.110000
v -1.924541 37.600000 0.110000
v -1.925306 37.367063 0.110000
v -1.936482 37.150000 0.110000
v -1.959455 36.963604 0.110000
v -1.993212 36.820577 0.110000
v -2.034599 36.730667 0.110000
v -2.103840 36.730667 -0.166976
v -2.062205 36.700000 -0.161494
v -2.134968 36.820577 -0.171074
v -2.152680 36.963604 -0.173406
v -2.154923 37.150000 -0.173701
v -2.142092 37.367063 -0.172012
v -2.117190 37.600000 -0.168733
v -2.084754 37.832937 -0.164463
v -2.049567 38.050000 -0.159831
v -2.016028 38.236396 -0.155415
v -1.988159 38.379423 -0.151746
v -1.969594 38.469333 -0.149302
v -1.963061 38.500000 -0.148442
v -1.959906 38.469333 -0.148026
v -1.951245 38.379423 -0.146886
v -1.939132 38.236396 -0.145292
v -1.926127 38.050000 -0.143579
v -1.914852 37.832937 -0.142095
v -1.908077 37.600000 -0.141203
v -1.908835 37.367063 -0.141303
v -1.919915 37.150000 -0.142762
v -1.942692 36.963604 -0.145760
v -1.976159 36.820577 -0.150166
v -2.017192 36.730667 -0.155568
v -2.049689 36.730667 -0.439212
v -2.009126 36.700000 -0.428344
v -2.080016 36.820577 -0.447339
v -2.097271 36.963604 -0.451962
v -2.099457 37.150000 -0.452548
v -2.086956 37.367063 -0.449198
v -2.062695 37.600000 -0.442697
v -2.031094 37.832937 -0.434230
v -1.996813 38.050000 -0.425044
v -1.964137 38.236396 -0.416289
v -1.936986 38.379423 -0.409014
v -1.918899 38.469333 -0.404167
v -1.912533 38.500000 -0.402462
v -1.909459 38.469333 -0.401638
v -1.901022 38.379423 -0.399377
v -1.889220 38.236396 -0.396215
v -1.876550 38.050000 -0.392820
v -1.865565 37.832937 -0.389877
v -1.858964 37.600000 -0.388108
v -1.859703 37.367063 -0.388306
v -1.870498 37.150000 -0.391198
v -1.892689 36.963604 -0.397144
v -1.925295 36.820577 -0.405881
v -1.965271 36.730667 -0.416593
v -1.960467 36.730667 -0.702052
v -1.921669 36.700000 -0.685982
v -1.989474 36.820577 -0.714067
v -2.005978 36.963604 -0.720903
v -2.008069 37.150000 -0.721769
v -1.996112 37.367063 -0.716817
v -1.972907 37.600000 -0.707205
v -1.942681 37.832937 -0.694685
v -1.909893 38.050000 -0.681103
v -1.878639 38.236396 -0.668158
v -1.852670 38.379423 -0.657401
v -1.835370 38.469333 -0.650235
v -1.829281 38.500000 -0.647713
v -1.826341 38.469333 -0.646495
v -1.818271 38.379423 -0.643153
v -1.806984 38.236396 -0.638477
v -1.794864 38.050000 -0.633457
v -1.784358 37.832937 -0.629105
v -1.778044 37.600000 -0.626490
v -1.778751 37.367063 -0.626783
v -1.789076 37.150000 -0.631060
v -1.810301 36.963604 -0.639851
v -1.841487 36.820577 -0.652769
v -1.879724 36.730667 -0.668607
v -1.837701 36.730667 -0.950997
v -1.801333 36.700000 -0.930000
v -1.864891 36.820577 -0.966695
v -1.880362 36.963604 -0.975628
v -1.882322 37.150000 -0.976759
v -1.871114 37.367063 -0.970288
v -1.849361 37.600000 -0.957729
v -1.821029 37.832937 -0.941371
v -1.790293 38.050000 -0.923626
v -1.760997 38.236396 -0.906712
v -1.736654 38.379423 -0.892658
v -1.720437 38.469333 -0.883295
v -1.714730 38.500000 -0.880000
v -1.711974 38.469333 -0.878409
v -1.704409 38.379423 -0.874041
v -1.693829 38.236396 -0.867932
v -1.682468 38.050000 -0.861374
v -1.672620 37.832937 -0.855688
v -1.666702 37.600000 -0.852271
v -1.667364 37.367063 -0.852653
v -1.677043 37.150000 -0.858241
v -1.696938 36.963604 -0.869728
v -1.726172 36.820577 -0.886606
v -1.762014 36.730667 -0.907299
v -1.683491 36.730667 -1.181788
v -1.650175 36.700000 -1.156224
v -1.708400 36.820577 -1.200901
v -1.722573 36.963604 -1.211776
v -1.724368 37.150000 -1.213154
v -1.714100 37.367063 -1.205275
v -1.694173 37.600000 -1.189985
v -1.668218 37.832937 -1.170069
v -1.640062 38.050000 -1.148464
v -1.613224 38.236396 -1.127870
v -1.590923 38.379423 -1.110758
v -1.576068 38.469333 -1.099359
v -1.570840 38.500000 -1.095348
v -1.568315 38.469333 -1.093410
v -1.561385 38.379423 -1.088093
v -1.551692 38.236396 -1.080655
v -1.541285 38.050000 -1.072670
v -1.532263 37.832937 -1.065747
v -1.526841 37.600000 -1.061587
v -1.527448 37.367063 -1.062052
v -1.536314 37.150000 -1.068856
v -1.554541 36.963604 -1.082841
v -1.581321 36.820577 -1.103390
v -1.614156 36.730667 -1.128585
v -1.500476 36.730667 -1.390476
v -1.470782 36.700000 -1.360782
v -1.522677 36.820577 -1.412677
v -1.535309 36.963604 -1.425309
v -1.536909 37.150000 -1.426909
v -1.527758 37.367063 -1.417758
v -1.509997 37.600000 -1.399997
v -1.486864 37.832937 -1.376864
v -1.461768 38.050000 -1.351768
v -1.437848 38.236396 -1.327848
v -1.417972 38.379423 -1.307972
v -1.404731 38.469333 -1.294731
v -1.400071 38.500000 -1.290071
v -1.397821 38.469333 -1.287821
v -1.391644 38.379423 -1.281644
v -1.383005 38.236396 -1.273005
v -1.373730 38.050000 -1.263730
v -1.365689 37.832937 -1.255689
v -1.360856 37.600000 -1.250856
v -1.361397 37.367063 -1.251397
v -1.369300 37.150000 -1.259300
v -1.385544 36.963604 -1.275544
v -1.409413 36.820577 -1.299413
v -1.438679 36.730667 -1.328679
v -1.291788 36.730667 -1.573491
v -1.266224 36.700000 -1.540175
v -1.310901 36.820577 -1.598400
v -1.321776 36.963604 -1.612573
v -1.323154 37.150000 -1.614368
v -1.315275 37.367063 -1.604100
v -1.299985 37.600000 -1.584173
v -1.280069 37.832937 -1.558218
v -1.258464 38.050000 -1.530062
v -1.237870 38.236396 -1.503224
v -1.220758 38.379423 -1.480923
v -1.209359 38.469333 -1.466068
v -1.205348 38.500000 -1.460840
v -1.203410 38.469333 -1.458315
v -1.198093 38.379423 -1.451385
v -1.190655 38.236396 -1.441692
v -1.182670 38.050000 -1.431285
v -1.175747 37.832937 -1.422263
v -1.171587 37.600000 -1.416841
v -1.172052 37.367063 -1.417448
v -1.178856 37.150000 -1.426314
v -1.192841 36.963604 -1.444541
v -1.213390 36.820577 -1.471321
v -1.238585 36.730667 -1.504156
v -1.060997 36.730667 -1.727701
v -1.040000 36.700000 -1.691333
v -1.076695 36.820577 -1.754891
v -1.085628 36.963604 -1.770362
v -1.086759 37.150000 -1.772322
v -1.080288 37.367063 -1.761114
v -1.067729 37.600000 -1.739361
v -1.051371 37.832937 -1.711029
v -1.033626 38.050000 -1.680293
v -1.016712 38.236396 -1.650997
v -1.002658 38.379423 -1.626654
v -0.993295 38.469333 -1.610437
v -0.990000 38.500000 -1.604730
v -0.988409 38.469333 -1.601974
v -0.984041 38.379423 -1.594409
v -0.977932 38.236396 -1.583829
v -0.971374 38.050000 -1.572468
v -0.965688 37.832937 -1.562620
v -0.962271 37.600000 -1.556702
v -0.962653 37.367063 -1.557364
v -0.968241 37.150000 -1.567043
v -0.979728 36.963604 -1.586938
v -0.996606 36.820577 -1.616172
v -1.017299 36.730667 -1.652014
v -0.812052 36.730667 -1.850467
v -0.795982 36.700000 -1.811669
v -0.824067 36.820577 -1.879474
v -0.830903 36.963604 -1.895978
v -0.831769 37.150000 -1.898069
v -0.826817 37.367063 -1.886112
v -0.817205 37.600000 -1.862907
v -0.804685 37.832937 -1.832681
v -0.791103 38.050000 -1.799893
v -0.778158 38.236396 -1.768639
v -0.767401 38.379423 -1.742670
v -0.760235 38.469333 -1.725370
v -0.757713 38.500000 -1.719281
v -0.756495 38.469333 -1.716341
v -0.753153 38.379423 -1.708271
v -0.748477 38.236396 -1.696984
v -0.743457 38.050000 -1.684864
v -0.739105 37.832937 -1.674358
v -0.736490 37.600000 -1.668044
v -0.736783 37.367063 -1.668751
v -0.741060 37.150000 -1.679076
v -0.749851 36.963604 -1.700301
v -0.762769 36.820577 -1.731487
v -0.778607 36.730667 -1.769724
v -0.549212 36.730667 -1.939689
v -0.538344 36.700000 -1.899126
v -0.557339 36.820577 -1.970016
v -0.561962 36.963604 -1.987271
v -0.562548 37.150000 -1.989457
v -0.559198 37.367063 -1.976956
v -0.552697 37.600000 -1.952695
v -0.544230 37.832937 -1.921094
v -0.535044 38.050000 -1.886813
v -0.526289 38.236396 -1.854137
v -0.519014 38.379423 -1.826986
v -0.514167 38.469333 -1.808899
v -0.512462 38.500000 -1.802533
v -0.511638 38.469333 -1.799459
v -0.509377 38.379423 -1.791022
v -0.506215 38.236396 -1.779220
v -0.502820 38.050000 -1.766550
v -0.499877 37.832937 -1.755565
v -0.498108 37.600000 -1.748964
v -0.498306 37.367063 -1.749703
v -0.501198 37.150000 -1.760498
v -0.507144 36.963604 -1.782689
v -0.515881 36.820577 -1.815295
v -0.526593 36.730667 -1.855271
v -0.276976 36.730667 -1.993840
v -0.271494 36.700000 -1.952205
v -0.281074 36.820577 -2.024968
v -0.283406 36.963604 -2.042680
v -0.283701 37.150000 -2.044923
v -0.282012 37.367063 -2.032092
v -0.278733 37.600000 -2.007190
v -0.274463 37.832937 -1.974754
v -0.269831 38.050000 -1.939567
v -0.265415 38.236396 -1.906028
v -0.261746 38.379423 -1.878159
v -0.259302 38.469333 -1.859594
v -0.258442 38.500000 -1.853061
v -0.258026 38.469333 -1.849906
v -0.256886 38.379423 -1.841245
v -0.255292 38.236396 -1.829132
v -0.253579 38.050000 -1.816127
v -0.252095 37.832937 -1.804852
v -0.251203 37.600000 -1.798077
v -0.251303 37.367063 -1.798835
v -0.252762 37.150000 -1.809915
v -0.255760 36.963604 -1.832692
v -0.260166 36.820577 -1.866159
v -0.265568 36.730667 -1.907192
v -0.000000 36.730667 -2.011994
v -0.000000 36.700000 -1.970000
v -0.000000 36.820577 -2.043391
v -0.000000 36.963604 -2.061255
v -0.000000 37.150000 -2.063518
v -0.000000 37.367063 -2.050576
v -0.000000 37.600000 -2.025459
v -0.000000 37.832937 -1.992743
v -0.000000 38.050000 -1.957253
v -0.000000 38.236396 -1.923424
v -0.000000 38.379423 -1.895315
v -0.000000 38.469333 -1.876590
v -0.000000 38.500000 -1.870000
v -0.000000 38.469333 -1.866817
v -0.000000 38.379423 -1.858082
v -0.000000 38.236396 -1.845865
v -0.000000 38.050000 -1.832747
v -0.000000 37.832937 -1.821375
v -0.000000 37.600000 -1.814541
v -0.000000 37.367063 -1.815306
v -0.000000 37.150000 -1.826482
v -0.000000 36.963604 -1.849455
v -0.000000 36.820577 -1.883212
v -0.000000 36.730667 -1.924599
v 0.276976 36.730667 -1.993840
v 0.271494 36.700000 -1.952205
v 0.281074 36.820577 -2.024968
v 0.283406 36.963604 -2.042680
v 0.283701 37.150000 -2.044923
v 0.282012 37.367063 -2.032092
v 0.278733 37.600000 -2.007190
v 0.274463 37.832937 -1.974754
v 0.269831 38.050000 -1.939567
v 0.265415 38.236396 -1.906028
v 0.261746 38.379423 -1.878159
v 0.259302 38.469333 -1.859594
v 0.258442 38.500000 -1.853061
v 0.258026 38.469333 -1.849906
v 0.256886 38.379423 -1.841245
v 0.255292 38.236396 -1.829132
v 0.253579 38.050000 -1.816127
v 0.252095 37.832937 -1.804852
v 0.251203 37.600000 -1.798077
v 0.251303 37.367063 -1.798835
v 0.252762 37.150000 -1.809915
v 0.255760 36.963604 -1.832692
v 0.260166 36.820577 -1.866159
v 0.265568 36.730667 -1.907192
v 0.549212 36.730667 -1.939689
v 0.538344 36.700000 -1.899126
v 0.557339 36.820577 -1.970016
v 0.561962 36.963604 -1.987271
v 0.562548 37.150000 -1.989457
v 0.559198 37.367063 -1.976956
v 0.552697 37.600000 -1.952695
v 0.544230 37.832937 -1.921094
v 0.535044 38.050000 -1.886813
v 0.526289 38.236396 -1.854137
v 0.519014 38.379423 -1.826986
v 0.514167 38.469333 -1.808899
v 0.512462 38.500000 -1.802533
v 0.511638 38.469333 -1.799459
v 0.509377 38.379423 -1.791022
v 0.506215 38.236396 -1.779220
v 0.502820 38.050000 -1.766550
v 0.499877 37.832937 -1.755565
v 0.498108 37.600000 -1.748964
v 0.498306 37.367063 -1.749703
v 0.501198 37.150000 -1.760498
v 0.507144 36.963604 -1.782689
v 0.515881 36.820577 -1.815295
v 0.526593 36.730667 -1.855271
v 0.812052 36.730667 -1.850467
v 0.795982 36.700000 -1.811669
v 0.824067 36.820577 -1.879474
v 0.830903 36.963604 -1.895978
v 0.831769 37.150000 -1.898069
v 0.826817 37.367063 -1.886112
v 0.817205 37.600000 -1.862907
v 0.804685 37.832937 -1.832681
v 0.791103 38.050000 -1.799893
v 0.778158 38.236396 -1.768639
v 0.767401 38.379423 -1.742670
v 0.760235 38.469333 -1.725370
v 0.757713 38.500000 -1.719281
v 0.756495 38.469333 -1.716341
v 0.753153 38.379423 -1.708271
v 0.748477 38.236396 -1.696984
v 0.743457 38.050000 -1.684864
v 0.739105 37.832937 -1.674358
v 0.736490 37.600000 -1.668044
v 0.736783 37.367063 -1.668751
v 0.741060 37.150000 -1.679076
v 0.749851 36.963604 -1.700301
v 0.762769 36.820577 -1.731487
v 0.778607 36.730667 -1.769724
v 1.060997 36.730667 -1.727701
v 1.040000 36.700000 -1.691333
v 1.076695 36.820577 -1.754891
v 1.085628 36.963604 -1.770362
v 1.086759 37.150000 -1.772322
v 1.080288 37.367063 -1.761114
v 1.067729 37.600000 -1.739361
v 1.051371 37.832937 -1.711029
v 1.033626 38.050000 -1.680293
v 1.016712 38.236396 -1.650997
v 1.002658 38.379423 -1.626654
v 0.993295 38.469333 -1.610437
v 0.990000 38.500000 -1.604730
v 0.988409 38.469333 -1.601974
v 0.984041 38.379423 -1.594409
v 0.977932 38.236396 -1.583829
v 0.971374 38.050000 -1.572468
v 0.965688 37.832937 -1.562620
v 0.962271 37.600000 -1.556702
v 0.962653 37.367063 -1.557364
v 0.968241 37.150000 -1.567043
v 0.979728 36.963604 -1.586938
v 0.996606 36.820577 -1.616172
v 1.017299 36.730667 -1.652014
v 1.291788 36.730667 -1.573491
v 1.266224 36.700000 -1.540175
v 1.310901 36.820577 -1.598400
v 1.321776 36.963604 -1.612573
v 1.323154 37.150000 -1.614368
v 1.315275 37.367063 -1.604100
v 1.299985 37.600000 -1.584173
v 1.280069 37.832937 -1.558218
v 1.258464 38.050000 -1.530062
v 1.237870 38.236396 -1.503224
v 1.220758 38.379423 -1.480923
v 1.209359 38.469333 -1.466068
v 1.205348 38.500000 -1.460840
v 1.203410 38.469333 -1.458315
v 1.198093 38.379423 -1.451385
v 1.190655 38.236396 -1.441692
v 1.182670 38.050000 -1.431285
v 1.175747 37.832937 -1.422263
v 1.171587 37.600000 -1.416841
v 1.172052 37.367063 -1.417448
v 1.178856 37.150000 -1.426314
v 1.192841 36.963604 -1.444541
v 1.213390 36.820577 -1.471321
v 1.238585 36.730667 -1.504156
v 1.500476 36.730667 -1.390476
v 1.470782 36.700000 -1.360782
v 1.522677 36.820577 -1.412677
v 1.535309 36.963604 -1.425309
v 1.536909 37.150000 -1.426909
v 1.527758 37.367063 -1.417758
v 1.509997 37.600000 -1.399997
v 1.486864 37.832937 -1.376864
v 1.461768 38.050000 -1.351768
v 1.437848 38.236396 -1.327848
v 1.417972 38.379423 -1.307972
v 1.404731 38.469333 -1.294731
v 1.400071 38.500000 -1.290071
v 1.397821 38.469333 -1.287821
v 1.391644 38.379423 -1.281644
v 1.383005 38.236396 -1.273005
v 1.373730 38.050000 -1.263730
v 1.365689 37.832937 -1.255689
v 1.360856 37.600000 -1.250856
v 1.361397 37.367063 -1.251397
v 1.369300 37.150000 -1.259300
v 1.385544 36.963604 -1.275544
v 1.409413 36.820577 -1.299413
v 1.438679 36.730667 -1.328679
v 1.683491 36.730667 -1.181788
v 1.650175 36.700000 -1.156224
v 1.708400 36.820577 -1.200901
v 1.722573 36.963604 -1.211776
v 1.724368 37.150000 -1.213154
v 1.714100 37.367063 -1.205275
v 1.694173 37.600000 -1.189985
v 1.668218 37.832937 -1.170069
v 1.640062 38.050000 -1.148464
v 1.613224 38.236396 -1.127870
v 1.590923 38.379423 -1.110758
v 1.576068 38.469333 -1.099359
v 1.570840 38.500000 -1.095348
v 1.568315 38.469333 -1.093410
v 1.561385 38.379423 -1.088093
v 1.551692 38.236396 -1.080655
v 1.541285 38.050000 -1.072670
v 1.532263 37.832937 -1.065747
v 1.526841 37.600000 -1.061587
v 1.527448 37.367063 -1.062052
v 1.536314 37.150000 -1.068856
v 1.554541 36.963604 -1.082841
v 1.581321 36.820577 -1.103390
v 1.614156 36.730667 -1.128585
v 1.837701 36.730667 -0.950997
v 1.801333 36.700000 -0.930000
v 1.864891 36.820577 -0.966695
v 1.880362 36.963604 -0.975628
v 1.882322 37.150000 -0.976759
v 1.871114 37.367063 -0.970288
v 1.849361 37.600000 -0.957729
v 1.821029 37.832937 -0.941371
v 1.790293 38.050000 -0.923626
v 1.760997 38.236396 -0.906712
v 1.736654 38.379423 -0.892658
v 1.720437 38.469333 -0.883295
v 1.714730 38.500000 -0.880000
v 1.711974 38.469333 -0.878409
v 1.704409 38.379423 -0.874041
v 1.693829 38.236396 -0.867932
v 1.682468 38.050000 -0.861374
v 1.672620 37.832937 -0.855688
v 1.666702 37.600000 -0.852271
v 1.667364 37.367063 -0.852653
v 1.677043 37.150000 -0.858241
v 1.696938 36.963604 -0.869728
v 1.726172 36.820577 -0.886606
v 1.762014 36.730667 -0.907299
v 1.960467 36.730667 -0.702052
v 1.921669 36.700000 -0.685982
v 1.989474 36.820577 -0.714067
v 2.005978 36.963604 -0.720903
v 2.008069 37.150000 -0.721769
v 1.996112 37.367063 -0.716817
v 1.972907 37.600000 -0.707205
v 1.942681 37.832937 -0.694685
v 1.909893 38.050000 -0.681103
v 1.878639 38.236396 -0.668158
v 1.852670 38.379423 -0.657401
v 1.835370 38.469333 -0.650235
v 1.829281 38.500000 -0.647713
v 1.826341 38.469333 -0.646495
v 1.818271 38.379423 -0.643153
v 1.806984 38.236396 -0.638477
v 1.794864 38.050000 -0.633457
v 1.784358 37.832937 -0.629105
v 1.778044 37.600000 -0.626490
v 1.778751 37.367063 -0.626783
v 1.789076 37.150000 -0.631060
v 1.810301 36.963604 -0.639851
v 1.841487 36.820577 -0.652769
v 1.879724 36.730667 -0.668607
v 2.049689 36.730667 -0.439212
v 2.009126 36.700000 -0.428344
v 2.080016 36.820577 -0.447339
v 2.097271 36.963604 -0.451962
v 2.099457 37.150000 -0.452548
v 2.086956 37.367063 -0.449198
v 2.062695 37.600000 -0.442697
v 2.031094 37.832937 -0.434230
v 1.996813 38.050000 -0.425044
v 1.964137 38.236396 -0.416289
v 1.936986 38.379423 -0.409014
v 1.918899 38.469333 -0.404167
v 1.912533 38.500000 -0.402462
v 1.909459 38.469333 -0.401638
v 1.901022 38.379423 -0.399377
v 1.889220 38.236396 -0.396215
v 1.876550 38.050000 -0.392820
v 1.865565 37.832937 -0.389877
v 1.858964 37.600000 -0.388108
v 1.859703 37.367063 -0.388306
v 1.870498 37.150000 -0.391198
v 1.892689 36.963604 -0.397144
v 1.925295 36.820577 -0.405881
v 1.965271 36.730667 -0.416593
v 2.103840 36.730667 -0.166976
v 2.062205 36.700000 -0.161494
v 2.134968 36.820577 -0.171074
v 2.152680 36.963604 -0.173406
v 2.154923 37.150000 -0.173701
v 2.142092 37.367063 -0.172012
v 2.117190 37.600000 -0.168733
v 2.084754 37.832937 -0.164463
v 2.049567 38.050000 -0.159831
v 2.016028 38.236396 -0.155415
v 1.988159 38.379423 -0.151746
v 1.969594 38.469333 -0.149302
v 1.963061 38.500000 -0.148442
v 1.959906 38.469333 -0.148026
v 1.951245 38.379423 -0.146886
v 1.939132 38.236396 -0.145292
v 1.926127 38.050000 -0.143579
v 1.914852 37.832937 -0.142095
v 1.908077 37.600000 -0.141203
v 1.908835 37.367063 -0.141303
v 1.919915 37.150000 -0.142762
v 1.942692 36.963604 -0.145760
v 1.976159 36.820577 -0.150166
v 2.017192 36.730667 -0.155568
v 0.228117 36.741168 0.212286
v 0.167772 36.978832 0.295345
v 0.212459 36.978832 0.241762
v 0.190966 36.741168 0.271344
v 1.695105 36.741168 1.277667
v 1.675934 36.978832 1.305019
v 1.634333 36.978832 1.361312
v 1.654423 36.741168 1.334627
v 0.228117 36.741168 0.212286
v 0.212459 36.978832 0.241762
v 1.675934 36.978832 1.305019
v 1.695105 36.741168 1.277667
v 0.212459 36.978832 0.241762
v 0.167772 36.978832 0.295345
v 1.634333 36.978832 1.361312
v 1.675934 36.978832 1.305019
v 0.167772 36.978832 0.295345
v 0.190966 36.741168 0.271344
v 1.654423 36.741168 1.334627
v 1.634333 36.978832 1.361312
v 0.190966 36.741168 0.271344
v 0.228117 36.741168 0.212286
v 1.695105 36.741168 1.277667
v 1.654423 36.741168 1.334627
v -0.026788 36.741168 0.358561
v -0.124429 36.978832 0.326835
v -0.059659 36.978832 0.352777
v -0.094435 36.741168 0.341478
v -0.586701 36.741168 2.082969
v -0.618638 36.978832 2.073189
v -0.685031 36.978832 2.051020
v -0.653445 36.741168 2.061880
v -0.026788 36.741168 0.358561
v -0.059659 36.978832 0.352777
v -0.618638 36.978832 2.073189
v -0.586701 36.741168 2.082969
v -0.059659 36.978832 0.352777
v -0.124429 36.978832 0.326835
v -0.685031 36.978832 2.051020
v -0.618638 36.978832 2.073189
v -0.124429 36.978832 0.326835
v -0.094435 36.741168 0.341478
v -0.653445 36.741168 2.061880
v -0.685031 36.978832 2.051020
v -0.094435 36.741168 0.341478
v -0.026788 36.741168 0.358561
v -0.586701 36.741168 2.082969
v -0.653445 36.741168 2.061880
v -0.244673 36.741168 0.161333
v -0.244673 36.978832 0.058667
v -0.249331 36.978832 0.128283
v -0.249331 36.741168 0.091717
v -2.057706 36.741168 0.161695
v -2.058274 36.978832 0.128299
v -2.057706 36.978832 0.058305
v -2.058274 36.741168 0.091701
v -0.244673 36.741168 0.161333
v -0.249331 36.978832 0.128283
v -2.058274 36.978832 0.128299
v -2.057706 36.741168 0.161695
v -0.249331 36.978832 0.128283
v -0.244673 36.978832 0.058667
v -2.057706 36.978832 0.058305
v -2.058274 36.978832 0.128299
v -0.244673 36.978832 0.058667
v -0.249331 36.741168 0.091717
v -2.058274 36.741168 0.091701
v -2.057706 36.978832 0.058305
v -0.249331 36.741168 0.091717
v -0.244673 36.741168 0.161333
v -2.057706 36.741168 0.161695
v -2.058274 36.741168 0.091701
v -0.124429 36.741168 -0.106835
v -0.026788 36.978832 -0.138561
v -0.094435 36.978832 -0.121478
v -0.059659 36.741168 -0.132777
v -0.685031 36.741168 -1.831020
v -0.653445 36.978832 -1.841880
v -0.586701 36.978832 -1.862969
v -0.618638 36.741168 -1.853189
v -0.124429 36.741168 -0.106835
v -0.094435 36.978832 -0.121478
v -0.653445 36.978832 -1.841880
v -0.685031 36.741168 -1.831020
v -0.094435 36.978832 -0.121478
v -0.026788 36.978832 -0.138561
v -0.586701 36.978832 -1.862969
v -0.653445 36.978832 -1.841880
v -0.026788 36.978832 -0.138561
v -0.059659 36.741168 -0.132777
v -0.618638 36.741168 -1.853189
v -0.586701 36.978832 -1.862969
v -0.059659 36.741168 -0.132777
v -0.124429 36.741168 -0.106835
v -0.685031 36.741168 -1.831020
v -0.618638 36.741168 -1.853189
v 0.167772 36.741168 -0.075345
v 0.228117 36.978832 0.007714
v 0.190966 36.978832 -0.051344
v 0.212459 36.741168 -0.021762
v 1.634333 36.741168 -1.141312
v 1.654423 36.978832 -1.114627
v 1.695105 36.978832 -1.057667
v 1.675934 36.741168 -1.085019
v 0.167772 36.741168 -0.075345
v 0.190966 36.978832 -0.051344
v 1.654423 36.978832 -1.114627
v 1.634333 36.741168 -1.141312
v 0.190966 36.978832 -0.051344
v 0.228117 36.978832 0.007714
v 1.695105 36.978832 -1.057667
v 1.654423 36.978832 -1.114627
v 0.228117 36.978832 0.007714
v 0.212459 36.741168 -0.021762
v 1.675934 36.741168 -1.085019
v 1.695105 36.978832 -1.057667
v 0.212459 36.741168 -0.021762
v 0.167772 36.741168 -0.075345
v 1.634333 36.741168 -1.141312
v 1.675934 36.741168 -1.085019
v -0.072547 -18.499990 3.696187
v 0.405327 -18.259059 3.696795
v 0.147181 -18.066607 3.850258
v 0.325144 -17.923919 3.818363
v 0.640000 -17.869299 3.695686
v 0.480000 -17.642387 3.815686
v 0.840000 -17.018380 3.695686
v 0.590756 -17.109985 3.817798
v 0.000000 -18.096210 3.855686
v 0.800000 -15.713638 3.695686
v 0.604156 -15.104440 3.838610
v -0.557830 -13.904111 3.735255
v -0.847992 -15.720769 3.689171
v -0.711362 -14.916959 3.728075
v -0.640000 -16.904924 3.815686
v -0.857277 -17.205398 3.696179
v -0.600000 -17.302020 3.815686
v -0.520000 -17.642387 3.815686
v -0.590824 -18.049918 3.695255
v -0.201909 -18.039421 3.848870
v -0.400000 -13.217608 3.855686
v -0.621707 -14.895252 3.817505
v -0.522407 -14.230217 3.855495
v 0.317016 -13.028534 3.775303
v 0.158887 -11.939958 3.775497
v -0.002523 -10.977933 3.817971
v -0.325667 -12.761482 3.775877
v -0.248390 -12.402566 3.816695
v -0.200000 -12.196506 3.855686
v -0.400000 -15.997277 6.375686
v 0.000000 -11.856138 6.095686
v -0.639006 -14.888402 3.775247
v -0.240000 -13.841615 3.735686
v 0.000000 -10.835035 3.775686
v 0.627974 -14.518445 3.710267
v 0.360000 -15.656910 6.335686
v 0.144824 -16.447035 6.372863
v 0.278321 -16.588325 5.945375
v 0.440000 -16.791468 5.095686
v 0.359906 -15.949819 6.370527
v -0.600000 -14.976174 3.815686
v -0.640000 -15.713638 3.855686
v 0.313233 -16.245890 6.375013
v 0.393451 -13.547567 3.797416
v 0.616088 -14.475374 3.753900
v -0.480000 -16.791468 5.095686
v -0.312782 -16.258207 6.375825
v -0.280000 -16.564557 5.975686
v -0.400000 -17.018380 5.095686
v -0.235135 -17.419367 4.847163
v -0.184229 -16.447441 6.374006
v -0.120000 -14.862719 6.295686
v -0.080000 36.759701 -2.748000
v -0.040000 36.793737 -2.748000
v -0.080000 36.861811 -2.908000
v -0.200000 36.623553 -2.748000
v -0.000000 36.793737 -2.708000
v -0.040000 36.691627 -2.548000
v -0.000000 36.725664 -2.548000
v -0.160000 36.555480 -2.388000
v -0.000000 36.895848 -2.908000
v -0.000000 36.997958 -3.148000
v -0.000000 37.440436 -3.948000
v -0.120000 37.066031 -3.428000
v 0.040000 36.861811 -2.908000
v 0.040000 36.759701 -2.748000
v 0.080000 36.725664 -2.748000
v 0.040000 36.793737 -2.748000
v 0.000000 36.691627 -2.548000
v 0.120000 36.555480 -2.388000
v 0.160000 36.623553 -2.748000
v 0.040000 36.691627 -2.548000
v 0.160000 36.725664 -2.948000
v -0.000000 36.487407 -1.948000
v -0.080000 36.487407 -1.988000
v -0.000000 36.487407 -1.908000
v -0.080000 36.487407 -2.068000
v -0.200000 36.521443 -2.428000
v -0.000000 36.555480 -2.148000
v -0.120000 36.487407 -2.068000
v -0.120000 36.521443 -2.148000
v -0.160000 36.487407 -2.148000
v -0.000000 36.521443 -2.028000
v 0.120000 36.521443 -2.268000
v 0.080000 36.521443 -2.148000
v 0.040000 36.487407 -1.988000
v 0.160000 36.521443 -2.428000
v 0.040000 36.487407 -2.068000
v 0.160000 36.521443 -2.268000
v 0.120000 36.487407 -2.148000
v 0.080000 36.487407 -2.068000
v -0.240000 35.840708 -2.668000
v -0.000000 35.976855 -3.868000
v 0.200000 35.636487 -2.628000
v -0.200000 36.351260 -2.428000
v -0.240000 34.683458 -2.148000
v -0.000000 34.853642 -3.508000
v -0.160000 34.513274 -2.748000
v -0.000000 33.594282 -2.348000
v 0.200000 34.683458 -2.148000
v -0.240000 34.581348 -1.868000
v -0.280000 33.900613 -0.988000
v -0.000000 31.892444 0.132000
v -0.320000 33.968687 0.092000
v 0.240000 33.900613 -0.988000
v 0.280000 33.526208 0.092000
v 0.200000 34.138870 0.092000
v -0.160000 34.275017 0.092000
v -0.000000 34.445201 0.092000
v -0.200000 34.445201 -0.668000
v -0.200000 34.717495 -1.388000
v -0.240000 34.411164 -1.028000
v -0.040000 34.513274 -0.228000
v -0.080000 34.819605 -1.108000
v -0.120000 34.411164 -0.068000
v -0.000000 34.887679 -1.068000
v -0.000000 35.091899 -1.428000
v -0.240000 34.751532 -1.668000
v -0.160000 34.819605 -1.348000
v -0.000000 34.547311 -0.188000
v 0.200000 34.343091 -0.748000
v 0.120000 34.717495 -1.148000
v 0.160000 34.615385 -1.188000
v 0.240000 34.411164 -1.348000
v 0.040000 35.023826 -1.428000
v -0.200000 35.194010 -1.988000
v -0.200000 35.091899 -1.788000
v -0.200000 34.955753 -1.708000
v -0.200000 35.364194 -1.948000
v -0.160000 34.921716 -1.508000
v -0.160000 35.023826 -1.628000
v -0.160000 35.296120 -1.788000
v -0.120000 35.398230 -1.828000
v -0.080000 35.125936 -1.548000
v -0.080000 35.023826 -1.428000
v -0.080000 35.330157 -1.708000
v -0.080000 35.432267 -1.748000
v -0.000000 35.262083 -1.588000
v -0.000000 35.466304 -1.708000
v -0.000000 35.194010 -1.508000
v 0.120000 35.159973 -1.708000
v 0.040000 35.228046 -1.628000
v 0.120000 34.921716 -1.508000
v 0.120000 35.398230 -1.828000
v 0.040000 35.432267 -1.748000
v 0.160000 35.091899 -1.788000
v 0.160000 34.853642 -1.548000
v 0.160000 35.364194 -1.948000
v 0.200000 35.296120 -2.188000
v 0.200000 34.819605 -1.908000
v -0.160000 35.976855 -2.108000
v -0.160000 36.317223 -2.148000
v -0.120000 35.840708 -1.988000
v -0.080000 35.840708 -1.908000
v -0.080000 36.317223 -1.988000
v -0.000000 35.874745 -1.828000
v 0.080000 35.840708 -1.988000
v 0.040000 36.181076 -1.948000
v 0.040000 35.704561 -1.868000
v 0.160000 36.317223 -2.268000
v 0.160000 36.351260 -2.428000
v -5.760000 -11.005219 0.040000
v -4.440000 -8.849558 -0.080000
v -5.920000 -9.870660 0.000000
v -5.680000 -13.160880 0.080000
v -5.840000 -9.757204 -0.160000
v -5.520000 -12.196506 -0.200000
v -5.840000 -7.488087 -0.080000
v -4.480000 -15.373270 0.080000
v -4.480000 -15.089630 -0.280000
v -5.360000 -14.181983 0.000000
v -5.200000 -14.579079 -0.040000
v -4.480000 -15.656909 -0.040000
v -5.400000 -14.238711 -0.040000
v -5.600000 -13.898344 -0.040000
v -5.640000 -13.898344 -0.080000
v -5.880000 -13.501248 -0.080000
v -4.960000 -15.032902 -0.080000
v -4.480000 -15.827093 -0.080000
v -5.840000 -13.557976 -0.040000
v -5.200000 -14.635807 -0.080000
v -5.760000 -13.557976 0.000000
v -4.480000 -15.486726 0.040000
v -5.400000 -14.238711 -0.040000
v -5.400000 -14.295439 -0.080000
v -5.760000 -13.331064 0.040000
v -4.920000 -14.692535 -0.200000
v -5.520000 -13.784888 -0.200000
v -5.680000 -13.160880 -0.200000
v -4.920000 -14.862718 -0.200000
v -5.160000 -14.522351 -0.160000
v -5.560000 -13.841616 -0.160000
v -5.160000 -14.579079 -0.120000
v -5.600000 -13.898344 -0.120000
v -5.200000 -14.579079 -0.080000
v -4.960000 -14.919446 -0.120000
v -5.400000 -14.238711 -0.080000
v -4.480000 -15.656909 -0.120000
v -5.760000 -13.331064 -0.200000
v -5.760000 -13.557976 -0.160000
v -4.480000 -15.486726 -0.200000
v -5.840000 -13.557976 -0.120000
v -4.480000 -15.373270 -0.240000
v -5.920000 -13.274336 -0.040000
v -5.960000 -13.274336 -0.080000
v -5.920000 -13.387792 -0.080000
v -5.880000 -13.444520 -0.040000
v -5.960000 -13.104152 -0.040000
v -6.000000 -13.160880 -0.080000
v -6.000000 -12.933969 -0.040000
v -6.040000 -12.990697 -0.080000
v -6.040000 -12.763785 -0.040000
v -6.040000 -12.820513 -0.080000
v -5.880000 -13.274336 0.000000
v -5.840000 -13.387792 0.000000
v -5.920000 -13.047425 0.000000
v -5.960000 -12.877241 0.000000
v -6.000000 -12.650329 0.000000
v -5.880000 -12.933969 0.040000
v -5.960000 -12.480145 0.000000
v -5.840000 -12.253233 0.040000
v -6.040000 -12.536873 -0.040000
v -6.040000 -12.650329 -0.080000
v -6.000000 -12.423417 0.000000
v -5.840000 -12.536873 -0.200000
v -5.920000 -12.707057 -0.160000
v -5.960000 -12.480145 -0.160000
v -5.840000 -13.387792 -0.160000
v -5.880000 -13.274336 -0.160000
v -5.920000 -13.047425 -0.160000
v -6.000000 -12.650329 -0.120000
v -5.920000 -13.274336 -0.120000
v -5.880000 -13.444520 -0.120000
v -5.960000 -13.104152 -0.120000
v -6.040000 -12.763785 -0.120000
v -6.000000 -12.423417 -0.120000
v -6.040000 -12.536873 -0.120000
v -5.920000 -10.664851 0.000000
v -6.040000 -10.891763 -0.080000
v -6.040000 -11.685954 -0.040000
v -6.000000 -11.629226 0.000000
v -5.920000 -9.076469 -0.040000
v -5.960000 -11.459042 0.000000
v -5.880000 -11.288859 0.040000
v -6.040000 -8.168822 -0.080000
v -6.040000 -9.984116 -0.080000
v -5.960000 -9.927388 -0.120000
v -5.960000 -11.459042 -0.160000
v -6.000000 -11.629226 -0.120000
v -6.000000 -10.835035 -0.080000
v -6.040000 -11.685954 -0.120000
v -6.040000 -10.891763 -0.080000
v 5.800000 -9.870660 0.000000
v 4.320000 -8.849558 -0.080000
v 5.760000 -11.288859 0.040000
v 5.560000 -13.160880 0.080000
v 5.760000 -7.488087 -0.080000
v 5.720000 -9.757204 -0.160000
v 4.360000 -15.373270 0.080000
v 4.360000 -15.089630 -0.280000
v 4.360000 -15.656909 -0.040000
v 5.080000 -14.579079 -0.040000
v 5.240000 -14.181983 0.000000
v 5.280000 -14.238711 -0.040000
v 5.520000 -13.898344 -0.040000
v 4.360000 -15.827093 -0.080000
v 4.840000 -15.032902 -0.080000
v 5.760000 -13.501248 -0.080000
v 5.720000 -13.557976 -0.040000
v 5.080000 -14.635807 -0.080000
v 5.640000 -13.557976 0.000000
v 4.360000 -15.486726 0.040000
v 5.320000 -14.295439 -0.080000
v 5.280000 -14.238711 -0.040000
v 5.640000 -13.331064 0.040000
v 5.400000 -13.784888 -0.200000
v 4.800000 -14.692535 -0.200000
v 5.560000 -13.160880 -0.200000
v 5.440000 -13.841616 -0.160000
v 4.840000 -14.862718 -0.200000
v 5.520000 -13.898344 -0.120000
v 5.080000 -14.579079 -0.080000
v 4.840000 -14.919446 -0.120000
v 4.360000 -15.656909 -0.120000
v 5.640000 -13.331064 -0.200000
v 5.640000 -13.557976 -0.160000
v 4.360000 -15.486726 -0.200000
v 5.720000 -13.557976 -0.120000
v 4.360000 -15.373270 -0.240000
v 5.800000 -13.387792 -0.080000
v 5.880000 -13.274336 -0.080000
v 5.840000 -13.274336 -0.040000
v 5.760000 -13.444520 -0.040000
v 5.880000 -13.160880 -0.080000
v 5.880000 -13.104152 -0.040000
v 5.920000 -12.990697 -0.080000
v 5.880000 -12.933969 -0.040000
v 5.920000 -12.820513 -0.080000
v 5.920000 -12.763785 -0.040000
v 5.760000 -13.274336 0.000000
v 5.720000 -13.387792 0.000000
v 5.840000 -13.047425 0.000000
v 5.880000 -12.877241 0.000000
v 5.880000 -12.650329 0.000000
v 5.760000 -12.933969 0.040000
v 5.840000 -12.480145 0.000000
v 5.920000 -12.536873 -0.040000
v 5.960000 -12.650329 -0.080000
v 5.880000 -12.423417 0.000000
v 5.720000 -12.536873 -0.200000
v 5.840000 -12.480145 -0.160000
v 5.760000 -13.274336 -0.160000
v 5.720000 -13.387792 -0.160000
v 5.840000 -13.047425 -0.160000
v 5.880000 -12.650329 -0.120000
v 5.840000 -13.274336 -0.120000
v 5.760000 -13.444520 -0.120000
v 5.880000 -13.104152 -0.120000
v 5.920000 -12.763785 -0.120000
v 5.880000 -12.423417 -0.120000
v 5.920000 -12.536873 -0.120000
v 5.920000 -11.685954 -0.040000
v 5.960000 -10.891763 -0.080000
v 5.880000 -11.629226 0.000000
v 5.800000 -9.076469 -0.040000
v 5.840000 -11.459042 0.000000
v 5.960000 -8.168822 -0.080000
v 5.840000 -11.459042 -0.160000
v 0.352550 37.420040 -0.031805
v 0.513206 37.435450 -0.075516
v 0.511601 37.409511 -0.079899
v 0.353761 37.395324 -0.028756
v 0.359145 37.464542 -0.014156
v 0.524002 37.480874 -0.042376
v 0.369768 37.522053 0.022414
v 0.537514 37.538867 0.015791
v 0.378217 37.583819 0.073230
v 0.545372 37.600600 0.090856
v 0.379456 37.640437 0.130323
v 0.542337 37.656676 0.170553
v 0.372741 37.683286 0.183922
v 0.529666 37.698556 0.241339
v 0.362089 37.705844 0.225289
v 0.514386 37.719866 0.292219
v 0.353761 37.704676 0.248756
v 0.505034 37.717360 0.316729
v 0.678623 37.453135 -0.096450
v 0.675303 37.427453 -0.107063
v 0.691114 37.497629 -0.049724
v 0.704500 37.554161 0.027351
v 0.709204 37.614125 0.123406
v 0.700353 37.668391 0.222497
v 0.681125 37.708699 0.308039
v 0.661040 37.728912 0.367247
v 0.650442 37.725952 0.392977
v 0.845451 37.471780 -0.090120
v 0.841577 37.447077 -0.105835
v 0.857129 37.514425 -0.032004
v 0.867416 37.568520 0.060748
v 0.866461 37.625829 0.173892
v 0.850274 37.677628 0.288522
v 0.823879 37.716030 0.385787
v 0.798824 37.735190 0.451637
v 0.786816 37.732190 0.478451
v 1.008889 37.490776 -0.054103
v 1.005483 37.467408 -0.073819
v 1.017528 37.531088 0.012932
v 1.022119 37.582206 0.117688
v 1.013387 37.636347 0.243539
v 0.988685 37.685269 0.369400
v 0.954776 37.721524 0.474952
v 0.924769 37.739593 0.545417
v 0.911308 37.736725 0.572930
v 1.163210 37.509643 0.011090
v 1.161064 37.487768 -0.011530
v 1.167126 37.547381 0.084386
v 1.164144 37.595238 0.197229
v 1.146257 37.645927 0.331212
v 1.112479 37.691732 0.463880
v 1.071149 37.725679 0.574198
v 1.036485 37.742600 0.647157
v 1.021651 37.739920 0.674862
v 1.302739 37.527896 0.101776
v 1.302355 37.507555 0.077303
v 1.300952 37.562992 0.178698
v 1.289446 37.607500 0.295810
v 1.261940 37.654646 0.433580
v 1.219251 37.697250 0.568937
v 1.171071 37.728827 0.680780
v 1.132305 37.744570 0.754269
v 1.116280 37.742082 0.781652
v 1.422901 37.545078 0.211520
v 1.424485 37.526231 0.186135
v 1.415155 37.577593 0.289698
v 1.395106 37.618824 0.407715
v 1.358403 37.662496 0.545540
v 1.307634 37.701959 0.680129
v 1.253573 37.731206 0.790814
v 1.211454 37.745784 0.863215
v 1.194488 37.743474 0.889841
v 1.519499 37.563328 0.342016
v 1.523070 37.546283 0.317284
v 1.506107 37.592628 0.417168
v 1.478641 37.629722 0.529918
v 1.434988 37.668962 0.660925
v 1.379299 37.704374 0.788412
v 1.322694 37.730567 0.893064
v 1.279760 37.743554 0.961425
v 1.262803 37.741357 0.986378
v 1.588798 37.582937 0.488027
v 1.593952 37.568055 0.465672
v 1.571237 37.608274 0.555422
v 1.539120 37.640207 0.656164
v 1.492543 37.673876 0.772949
v 1.436711 37.704155 0.886560
v 1.382147 37.726434 0.979975
v 1.341714 37.737321 1.041122
v 1.325986 37.735159 1.063387
v 1.630357 37.602678 0.637059
v 1.636293 37.590141 0.618330
v 1.611073 37.623655 0.693351
v 1.578105 37.649879 0.777414
v 1.533217 37.677356 0.874918
v 1.481958 37.701905 0.970033
v 1.433490 37.719787 1.048596
v 1.398295 37.728280 1.100266
v 1.384757 37.726092 1.119110
v 1.646443 37.621844 0.778406
v 1.652174 37.611756 0.764111
v 1.628298 37.638238 0.821469
v 1.598601 37.658443 0.885897
v 1.559977 37.679382 0.960889
v 1.517541 37.697867 1.034452
v 1.478530 37.711085 1.095643
v 1.450695 37.717022 1.136170
v 1.440066 37.714776 1.151034
v 1.641140 37.639969 0.903473
v 1.645672 37.632440 0.894030
v 1.626936 37.651612 0.932204
v 1.604369 37.665597 0.975414
v 1.576013 37.679794 1.026037
v 1.545826 37.692042 1.076107
v 1.518743 37.700476 1.118146
v 1.499712 37.703812 1.146245
v 1.492458 37.701543 1.156666
v 1.619349 37.656635 1.005979
v 1.621831 37.651914 1.001478
v 1.611465 37.663277 1.020083
v 1.599167 37.670827 1.041523
v 1.584109 37.678137 1.066905
v 1.568488 37.684093 1.092300
v 1.554762 37.687788 1.113884
v 1.545229 37.688661 1.128497
v 1.541553 37.686577 1.134052
v 1.585696 37.670000 1.082198
v 1.585696 37.670000 1.082198
v 1.585696 37.670000 1.082198
v 1.585696 37.670000 1.082198
v 1.585696 37.670000 1.082198
v 1.585696 37.670000 1.082198
v 1.585696 37.670000 1.082198
v 1.585696 37.670000 1.082198
v 0.520136 37.407006 -0.055092
v 0.362089 37.394156 -0.005289
v 0.533724 37.428315 -0.003735
v 0.372741 37.416714 0.036078
v 0.544045 37.470196 0.067432
v 0.379456 37.459563 0.089677
v 0.544439 37.526271 0.147186
v 0.378217 37.516181 0.146770
v 0.534101 37.588005 0.221950
v 0.369768 37.577947 0.197586
v 0.518671 37.645998 0.279638
v 0.359145 37.635458 0.234156
v 0.506784 37.691421 0.312402
v 0.352550 37.679960 0.251805
v 0.683297 37.424493 -0.080409
v 0.697409 37.444706 -0.019501
v 0.708058 37.485014 0.067526
v 0.707037 37.539280 0.167007
v 0.692827 37.599244 0.262121
v 0.671863 37.655776 0.337488
v 0.654798 37.700270 0.382745
v 0.848393 37.444077 -0.077258
v 0.860776 37.463237 -0.007899
v 0.868638 37.501639 0.092577
v 0.863243 37.553438 0.208218
v 0.843159 37.610747 0.319570
v 0.815817 37.664842 0.408795
v 0.793544 37.707487 0.463729
v 1.010540 37.464539 -0.043610
v 1.019205 37.482608 0.032487
v 1.021605 37.518863 0.143326
v 1.009388 37.567785 0.271005
v 0.981867 37.621926 0.394119
v 0.947593 37.673044 0.493216
v 0.920195 37.713356 0.555003
v 1.163915 37.485087 0.019766
v 1.167369 37.502009 0.100467
v 1.162385 37.535956 0.218168
v 1.141730 37.581761 0.353501
v 1.105929 37.632450 0.483846
v 1.064653 37.680307 0.588910
v 1.032452 37.718045 0.654870
v 1.302765 37.505067 0.109027
v 1.300177 37.520810 0.192074
v 1.286833 37.552388 0.313120
v 1.257100 37.594992 0.451900
v 1.212974 37.642137 0.585279
v 1.165139 37.686646 0.692794
v 1.128701 37.721742 0.760562
v 1.422451 37.523921 0.217641
v 1.413681 37.538499 0.300942
v 1.391938 37.567746 0.422189
v 1.353421 37.607210 0.560783
v 1.301642 37.650881 0.693680
v 1.248121 37.692113 0.800758
v 1.208202 37.724627 0.868420
v 1.518709 37.544086 0.347136
v 1.504165 37.557073 0.426540
v 1.475175 37.583266 0.541934
v 1.430080 37.618678 0.673541
v 1.373734 37.657918 0.799611
v 1.317792 37.695011 0.901285
v 1.276883 37.724311 0.965733
v 1.587793 37.565893 0.492227
v 1.569041 37.576780 0.563094
v 1.535602 37.599059 0.665979
v 1.487926 37.629337 0.783247
v 1.431724 37.663006 0.895716
v 1.377879 37.694940 0.986718
v 1.339247 37.720276 1.044666
v 1.629260 37.587952 0.640442
v 1.608824 37.596446 0.699526
v 1.574741 37.614328 0.785313
v 1.529046 37.638876 0.883223
v 1.477630 37.666354 0.977448
v 1.429880 37.692577 1.054086
v 1.396237 37.713554 1.103166
v 1.645361 37.609510 0.781067
v 1.626165 37.615447 0.826330
v 1.595561 37.628665 0.892130
v 1.556369 37.647150 0.967471
v 1.513922 37.668089 1.040367
v 1.475579 37.688294 1.100055
v 1.449035 37.704688 1.138514
v 1.640171 37.630171 0.905474
v 1.625078 37.633507 0.935870
v 1.601812 37.641941 0.980136
v 1.573084 37.654189 1.031057
v 1.542973 37.668386 1.080656
v 1.516466 37.682370 1.121568
v 1.498447 37.694013 1.148074
v 1.618612 37.649830 1.007310
v 1.610080 37.650703 1.022530
v 1.597315 37.654398 1.044695
v 1.582050 37.660354 1.070306
v 1.566536 37.667663 1.095411
v 1.553236 37.675214 1.116244
v 1.544391 37.681855 1.129767
v 1.585696 37.670000 1.082198
v 1.585696 37.670000 1.082198
v 1.585696 37.670000 1.082198
v 1.585696 37.670000 1.082198
v 1.585696 37.670000 1.082198
v 1.585696 37.670000 1.082198
v 1.585696 37.670000 1.082198
v 1.585696 37.670000 1.082198
v 0.330679 37.420040 0.297220
v 0.465021 37.435450 0.395573
v 0.467446 37.409511 0.391586
v 0.329050 37.395324 0.300069
v 0.320993 37.464542 0.313381
v 0.445843 37.480874 0.424676
v 0.299024 37.522053 0.344488
v 0.408790 37.538867 0.471507
v 0.264562 37.583819 0.382776
v 0.355001 37.600600 0.524453
v 0.220698 37.640437 0.419342
v 0.290800 37.656676 0.571771
v 0.174605 37.683286 0.447510
v 0.227556 37.698556 0.605999
v 0.135622 37.705844 0.464974
v 0.178250 37.719866 0.625775
v 0.112083 37.704676 0.473094
v 0.153256 37.717360 0.633745
v 0.584524 37.453135 0.511849
v 0.590751 37.427453 0.502636
v 0.555780 37.497629 0.550749
v 0.503866 37.554161 0.609269
v 0.431701 37.614125 0.672837
v 0.348709 37.668391 0.727699
v 0.269841 37.708699 0.766000
v 0.211028 37.728912 0.787213
v 0.184304 37.725952 0.794969
v 0.683590 37.471780 0.646228
v 0.693461 37.447077 0.633400
v 0.645435 37.514425 0.691593
v 0.579332 37.568520 0.757465
v 0.490277 37.625829 0.827262
v 0.390563 37.677628 0.886078
v 0.298061 37.716030 0.926086
v 0.230956 37.735190 0.947553
v 0.202506 37.732190 0.954883
v 0.757333 37.490776 0.796465
v 0.770624 37.467408 0.781509
v 0.710309 37.531088 0.845015
v 0.631270 37.582206 0.913918
v 0.527432 37.636347 0.985558
v 0.413628 37.685269 1.044718
v 0.309962 37.721524 1.084017
v 0.236161 37.739593 1.104492
v 0.206258 37.736725 1.111121
v 0.802580 37.509643 0.957765
v 0.818928 37.487768 0.941984
v 0.747717 37.547381 1.006526
v 0.657634 37.595238 1.074551
v 0.541729 37.645927 1.144103
v 0.416945 37.691732 1.200411
v 0.304926 37.725679 1.236881
v 0.226271 37.742600 1.255269
v 0.195363 37.739920 1.260945
v 0.818674 37.527896 1.123395
v 0.837568 37.507555 1.107836
v 0.757420 37.562992 1.169958
v 0.658684 37.607500 1.233980
v 0.533821 37.654646 1.298373
v 0.401379 37.697250 1.349392
v 0.283897 37.728827 1.381455
v 0.202270 37.744570 1.396967
v 0.170871 37.742082 1.401511
v 0.807792 37.545078 1.285766
v 0.828627 37.526231 1.271177
v 0.741841 37.577593 1.328452
v 0.637071 37.618824 1.386360
v 0.506432 37.662496 1.443597
v 0.369551 37.701959 1.487819
v 0.249308 37.731206 1.514564
v 0.166442 37.745784 1.526775
v 0.135047 37.743474 1.530111
v 0.765995 37.563328 1.442652
v 0.787558 37.546283 1.430023
v 0.698889 37.592628 1.479037
v 0.593612 37.629722 1.527862
v 0.463969 37.668962 1.575415
v 0.329576 37.704374 1.611362
v 0.212463 37.730567 1.632356
v 0.132246 37.743554 1.641411
v 0.102165 37.741357 1.643712
v 0.695046 37.582937 1.587869
v 0.715737 37.568055 1.577959
v 0.631405 37.608274 1.616158
v 0.532617 37.640207 1.653860
v 0.412271 37.673876 1.690259
v 0.288635 37.704155 1.717443
v 0.181581 37.726434 1.733026
v 0.108565 37.737321 1.739539
v 0.081351 37.735159 1.741124
v 0.604440 37.602678 1.713281
v 0.622784 37.590141 1.706244
v 0.548405 37.623655 1.733301
v 0.462127 37.649879 1.759938
v 0.357908 37.677356 1.785636
v 0.251585 37.701905 1.804863
v 0.159943 37.719787 1.815953
v 0.097602 37.728280 1.820652
v 0.074428 37.726092 1.821817
v 0.503959 37.621844 1.813986
v 0.518709 37.611756 1.809554
v 0.458978 37.638238 1.826648
v 0.390090 37.658443 1.843601
v 0.307378 37.679382 1.860160
v 0.223406 37.697867 1.872848
v 0.151241 37.711085 1.880499
v 0.102202 37.717022 1.884006
v 0.083953 37.714776 1.884963
v 0.402872 37.639969 1.887817
v 0.413081 37.632440 1.885473
v 0.371553 37.651612 1.894626
v 0.323700 37.665597 1.903923
v 0.266442 37.679794 1.913316
v 0.208474 37.692042 1.920933
v 0.158721 37.700476 1.925970
v 0.124887 37.703812 1.928610
v 0.112215 37.701543 1.929436
v 0.309143 37.656635 1.934692
v 0.314209 37.651914 1.933826
v 0.293200 37.663277 1.937321
v 0.268770 37.670827 1.941074
v 0.239538 37.678137 1.945127
v 0.209944 37.684093 1.948747
v 0.184511 37.687788 1.951473
v 0.167142 37.688661 1.953131
v 0.160507 37.686577 1.953721
v 0.228570 37.670000 1.955902
v 0.228570 37.670000 1.955902
v 0.228570 37.670000 1.955902
v 0.228570 37.670000 1.955902
v 0.228570 37.670000 1.955902
v 0.228570 37.670000 1.955902
v 0.228570 37.670000 1.955902
v 0.228570 37.670000 1.955902
v 0.453374 37.407006 0.413725
v 0.315895 37.394156 0.321211
v 0.421693 37.428315 0.456369
v 0.290195 37.416714 0.355330
v 0.372487 37.470196 0.508810
v 0.252476 37.459563 0.394000
v 0.310379 37.526271 0.558845
v 0.207066 37.516181 0.428627
v 0.245480 37.588005 0.597377
v 0.162069 37.577947 0.453706
v 0.190758 37.645998 0.621281
v 0.126854 37.635458 0.468201
v 0.157730 37.691421 0.632415
v 0.108943 37.679960 0.474049
v 0.574897 37.424493 0.525505
v 0.536076 37.444706 0.574514
v 0.474674 37.485014 0.637100
v 0.396260 37.539280 0.698327
v 0.313037 37.599244 0.746520
v 0.241042 37.655776 0.777120
v 0.195019 37.700270 0.791996
v 0.675368 37.444077 0.656547
v 0.628862 37.463237 0.709473
v 0.555209 37.501639 0.778266
v 0.461433 37.553438 0.846149
v 0.361853 37.610747 0.899873
v 0.275046 37.664842 0.934127
v 0.218210 37.707487 0.950964
v 0.750158 37.464539 0.804297
v 0.696066 37.482608 0.858517
v 0.610905 37.518863 0.929501
v 0.503465 37.567785 0.999556
v 0.390051 37.621926 1.054800
v 0.291204 37.673044 1.089789
v 0.225814 37.713356 1.106892
v 0.796237 37.485087 0.963725
v 0.735296 37.502009 1.016742
v 0.640166 37.535956 1.086231
v 0.521480 37.581761 1.154461
v 0.397251 37.632450 1.207739
v 0.289373 37.680307 1.240975
v 0.217726 37.718045 1.256924
v 0.813021 37.505067 1.127936
v 0.746479 37.520810 1.177692
v 0.643522 37.552388 1.242730
v 0.516481 37.594992 1.306011
v 0.384689 37.642137 1.354673
v 0.270806 37.686646 1.384308
v 0.195104 37.721742 1.398073
v 0.802726 37.523921 1.289230
v 0.732132 37.538499 1.334311
v 0.623780 37.567746 1.392908
v 0.491407 37.607210 1.449206
v 0.355221 37.650881 1.491583
v 0.238135 37.692113 1.516501
v 0.160345 37.724627 1.527478
v 0.761499 37.544086 1.445226
v 0.690350 37.557073 1.483363
v 0.582057 37.583266 1.532645
v 0.451046 37.618678 1.579444
v 0.317349 37.657918 1.613994
v 0.202979 37.695011 1.633650
v 0.127085 37.724311 1.641848
v 0.691136 37.565893 1.589701
v 0.624038 37.576780 1.619225
v 0.522750 37.599059 1.657229
v 0.401341 37.629337 1.693070
v 0.278368 37.663006 1.719253
v 0.173648 37.694940 1.733894
v 0.104255 37.720276 1.739821
v 0.601111 37.587952 1.714532
v 0.542176 37.596446 1.735393
v 0.453854 37.614328 1.762233
v 0.348815 37.638876 1.787553
v 0.243089 37.666354 1.806102
v 0.153399 37.692577 1.816553
v 0.094051 37.713554 1.820851
v 0.501204 37.609510 1.814798
v 0.453848 37.615447 1.828011
v 0.383322 37.628665 1.845110
v 0.299983 37.647150 1.861443
v 0.216525 37.668089 1.873706
v 0.145952 37.688294 1.880943
v 0.099334 37.704688 1.884169
v 0.400703 37.630171 1.888307
v 0.367528 37.633507 1.895459
v 0.318414 37.641941 1.904868
v 0.260690 37.654189 1.914156
v 0.203139 37.668386 1.921539
v 0.154626 37.682370 1.926323
v 0.122668 37.694013 1.928761
v 0.307643 37.649830 1.934945
v 0.290424 37.650703 1.937764
v 0.265135 37.654398 1.941604
v 0.235595 37.660354 1.945637
v 0.206293 37.667663 1.949161
v 0.181713 37.675214 1.951752
v 0.165626 37.681855 1.953268
v 0.228570 37.670000 1.955902
v 0.228570 37.670000 1.955902
v 0.228570 37.670000 1.955902
v 0.228570 37.670000 1.955902
v 0.228570 37.670000 1.955902
v 0.228570 37.670000 1.955902
v 0.228570 37.670000 1.955902
v 0.228570 37.670000 1.955902
v 0.059800 37.420040 0.485265
v 0.066666 37.435450 0.651620
v 0.071296 37.409511 0.651030
v 0.056558 37.395324 0.485768
v 0.041126 37.464542 0.487768
v 0.031955 37.480874 0.654771
v 0.003109 37.522053 0.489987
v -0.027761 37.538867 0.655001
v -0.048313 37.583819 0.486916
v -0.102693 37.600600 0.645958
v -0.104250 37.640437 0.475420
v -0.179716 37.656676 0.625266
v -0.155012 37.683286 0.456946
v -0.245908 37.698556 0.597161
v -0.192971 37.705844 0.437357
v -0.292112 37.719866 0.570942
v -0.213996 37.704676 0.424015
v -0.313927 37.717360 0.556371
v 0.050266 37.453135 0.817548
v 0.061352 37.427453 0.816673
v 0.001932 37.497629 0.819328
v -0.076189 37.554161 0.815227
v -0.170882 37.614125 0.798440
v -0.265520 37.668391 0.767761
v -0.344639 37.708699 0.729980
v -0.397893 37.728912 0.697224
v -0.420619 37.725952 0.681166
v 0.006972 37.471780 0.978785
v 0.023156 37.447077 0.978504
v -0.052285 37.514425 0.977238
v -0.145001 37.568520 0.966628
v -0.255096 37.625829 0.940519
v -0.363250 37.677628 0.899231
v -0.452203 37.716030 0.851855
v -0.510827 37.735190 0.812774
v -0.534296 37.732190 0.795101
v -0.064510 37.490776 1.130110
v -0.044531 37.467408 1.131177
v -0.131787 37.531088 1.123617
v -0.234938 37.582206 1.104782
v -0.355691 37.636347 1.068264
v -0.472899 37.685269 1.016175
v -0.568259 37.721524 0.959628
v -0.630281 37.739593 0.914694
v -0.654108 37.736725 0.895448
v -0.162409 37.509643 1.266055
v -0.139878 37.487768 1.268997
v -0.234738 37.547381 1.253564
v -0.344088 37.595238 1.225546
v -0.470732 37.645927 1.178294
v -0.592557 37.691732 1.115841
v -0.690913 37.725679 1.050999
v -0.754330 37.742600 1.000970
v -0.778038 37.739920 0.980343
v -0.281869 37.527896 1.381907
v -0.257924 37.507555 1.386978
v -0.356465 37.562992 1.363048
v -0.468081 37.607500 1.325770
v -0.596275 37.654646 1.268297
v -0.718740 37.697250 1.196559
v -0.817057 37.728827 1.124699
v -0.880078 37.744570 1.070552
v -0.903207 37.742082 1.048836
v -0.415600 37.545078 1.474635
v -0.391204 37.526231 1.481828
v -0.490094 37.577593 1.449687
v -0.600691 37.618824 1.403879
v -0.726893 37.662496 1.337428
v -0.846811 37.701959 1.257983
v -0.942691 37.731206 1.180648
v -1.003904 37.745784 1.123474
v -1.026087 37.743474 1.101009
v -0.564319 37.563328 1.539774
v -0.541001 37.546283 1.548759
v -0.634606 37.592628 1.509994
v -0.738418 37.629722 1.458127
v -0.856427 37.668962 1.386417
v -0.968325 37.704374 1.303757
v -1.057758 37.730567 1.225284
v -1.114851 37.743554 1.168214
v -1.135405 37.741357 1.146130
v -0.722090 37.582937 1.574845
v -0.701442 37.568055 1.584844
v -0.783887 37.608274 1.542727
v -0.874957 37.640207 1.488998
v -0.978449 37.673876 1.417601
v -1.076789 37.704155 1.337889
v -1.155719 37.726434 1.263906
v -1.206336 37.737321 1.210881
v -1.224543 37.735159 1.190592
v -0.876633 37.602678 1.582199
v -0.859695 37.590141 1.592154
v -0.927223 37.623655 1.550872
v -1.001842 37.649879 1.500025
v -1.086913 37.677356 1.434566
v -1.168237 37.701905 1.363427
v -1.234045 37.719787 1.298692
v -1.276588 37.728280 1.252882
v -1.291947 37.726092 1.235490
v -1.018016 37.621844 1.566429
v -1.005355 37.611756 1.575198
v -1.055962 37.638238 1.539156
v -1.112166 37.658443 1.495867
v -1.176683 37.679382 1.441525
v -1.238958 37.697867 1.383783
v -1.289935 37.711085 1.332133
v -1.323252 37.717022 1.295979
v -1.335378 37.714776 1.282309
v -1.138767 37.639969 1.533429
v -1.130569 37.632440 1.539949
v -1.163617 37.651612 1.513188
v -1.200722 37.665597 1.481571
v -1.243766 37.679794 1.442662
v -1.285863 37.692042 1.402090
v -1.320822 37.700476 1.366332
v -1.343981 37.703812 1.341525
v -1.352527 37.701543 1.332133
v -1.233854 37.656635 1.489374
v -1.230018 37.651914 1.492796
v -1.245850 37.663277 1.478549
v -1.264016 37.670827 1.461789
v -1.285410 37.678137 1.441461
v -1.306693 37.684093 1.420581
v -1.324681 37.687788 1.402396
v -1.336807 37.688661 1.389850
v -1.341405 37.686577 1.385030
v -1.300674 37.670000 1.439604
v -1.300674 37.670000 1.439604
v -1.300674 37.670000 1.439604
v -1.300674 37.670000 1.439604
v -1.300674 37.670000 1.439604
v -1.300674 37.670000 1.439604
v -1.300674 37.670000 1.439604
v -1.300674 37.670000 1.439604
v 0.045212 37.407006 0.653831
v 0.031826 37.394156 0.488665
v -0.007881 37.428315 0.655651
v -0.010874 37.416714 0.489844
v -0.079561 37.470196 0.649877
v -0.064624 37.459563 0.484465
v -0.157403 37.526271 0.632514
v -0.120009 37.516181 0.470552
v -0.227992 37.588005 0.605799
v -0.167671 37.577947 0.451008
v -0.280800 37.645998 0.577919
v -0.200961 37.635458 0.432513
v -0.310098 37.691421 0.559039
v -0.216699 37.679960 0.422156
v 0.033587 37.424493 0.818535
v -0.028934 37.444706 0.818741
v -0.116149 37.485014 0.809757
v -0.212908 37.539280 0.786624
v -0.302476 37.599244 0.751606
v -0.371288 37.655776 0.714397
v -0.411613 37.700270 0.687689
v -0.006222 37.444077 0.978791
v -0.076598 37.463237 0.975430
v -0.176304 37.501639 0.960737
v -0.287846 37.553438 0.929744
v -0.391936 37.610747 0.885385
v -0.472840 37.664842 0.838875
v -0.521441 37.707487 0.804936
v -0.075107 37.464539 1.129385
v -0.151224 37.482608 1.120899
v -0.259819 37.518863 1.098575
v -0.381578 37.567785 1.058254
v -0.495482 37.621926 1.004027
v -0.584467 37.673044 0.948561
v -0.638609 37.713356 0.908101
v -0.171023 37.485087 1.264812
v -0.250470 37.502009 1.250221
v -0.364111 37.535956 1.219172
v -0.491455 37.581761 1.168920
v -0.610565 37.632450 1.105013
v -0.703811 37.680307 1.041392
v -0.760951 37.718045 0.995321
v -0.288944 37.505067 1.380318
v -0.369333 37.520810 1.359316
v -0.484374 37.552388 1.319371
v -0.613059 37.594992 1.259502
v -0.733275 37.642137 1.186803
v -0.827449 37.686646 1.116242
v -0.885410 37.721742 1.065639
v -0.421468 37.523921 1.472835
v -0.500728 37.538499 1.445749
v -0.614097 37.567746 1.397571
v -0.740646 37.607210 1.329179
v -0.858689 37.650881 1.249126
v -0.951172 37.692113 1.173120
v -1.008255 37.724627 1.119146
v -0.569135 37.544086 1.537864
v -0.643312 37.557073 1.506015
v -0.749362 37.583266 1.452075
v -0.867635 37.618678 1.378826
v -0.978006 37.657918 1.295839
v -1.064682 37.695011 1.218675
v -1.118411 37.724311 1.164450
v -0.725961 37.565893 1.572930
v -0.790878 37.576780 1.538879
v -0.883743 37.599059 1.483384
v -0.987462 37.629337 1.410809
v -1.084606 37.663006 1.330990
v -1.161343 37.694940 1.258245
v -1.209243 37.720276 1.207687
v -0.879687 37.587952 1.580376
v -0.932742 37.596446 1.547306
v -1.008794 37.614328 1.494987
v -1.094081 37.638876 1.428652
v -1.174503 37.666354 1.357557
v -1.238594 37.692577 1.293951
v -1.278957 37.713554 1.250230
v -1.020369 37.609510 1.564781
v -1.060226 37.615447 1.535996
v -1.117566 37.628665 1.491517
v -1.182297 37.647150 1.436543
v -1.243920 37.668089 1.378939
v -1.293579 37.688294 1.328275
v -1.325167 37.704688 1.293838
v -1.140503 37.630171 1.532039
v -1.166778 37.633507 1.510560
v -1.204757 37.641941 1.478028
v -1.248009 37.654189 1.438689
v -1.289664 37.668386 1.398296
v -1.323651 37.682370 1.363350
v -1.345483 37.694013 1.339884
v -1.234987 37.649830 1.488359
v -1.247927 37.650703 1.476655
v -1.266696 37.654398 1.459277
v -1.288268 37.660354 1.438696
v -1.309292 37.667663 1.417985
v -1.326643 37.675214 1.400382
v -1.337859 37.681855 1.388751
v -1.300674 37.670000 1.439604
v -1.300674 37.670000 1.439604
v -1.300674 37.670000 1.439604
v -1.300674 37.670000 1.439604
v -1.300674 37.670000 1.439604
v -1.300674 37.670000 1.439604
v -1.300674 37.670000 1.439604
v -1.300674 37.670000 1.439604
v -0.256109 37.420040 0.390728
v -0.381890 37.435450 0.499816
v -0.378542 37.409511 0.503068
v -0.258524 37.395324 0.388506
v -0.269709 37.464542 0.377688
v -0.405996 37.480874 0.474642
v -0.295148 37.522053 0.349349
v -0.443407 37.538867 0.428098
v -0.324808 37.583819 0.307231
v -0.483056 37.600600 0.363876
v -0.350696 37.640437 0.256330
v -0.514902 37.656676 0.290755
v -0.367901 37.683286 0.205124
v -0.534199 37.698556 0.221481
v -0.376253 37.705844 0.163233
v -0.542508 37.719866 0.169010
v -0.378932 37.704676 0.138477
v -0.544717 37.717360 0.142870
v -0.521842 37.453135 0.590449
v -0.514247 37.427453 0.598570
v -0.553371 37.497629 0.553769
v -0.598872 37.554161 0.490135
v -0.644788 37.614125 0.405634
v -0.679807 37.668391 0.312516
v -0.699598 37.708699 0.227102
v -0.707192 37.728912 0.165043
v -0.708807 37.725952 0.137263
v -0.674897 37.471780 0.657130
v -0.664587 37.447077 0.669607
v -0.710634 37.514425 0.609836
v -0.760145 37.568520 0.530732
v -0.808376 37.625829 0.428378
v -0.843528 37.677628 0.318077
v -0.861949 37.716030 0.218992
v -0.867947 37.735190 0.148792
v -0.868762 37.732190 0.119424
v -0.837776 37.490776 0.695592
v -0.826153 37.467408 0.711878
v -0.874645 37.531088 0.638944
v -0.924233 37.582206 0.546554
v -0.970971 37.636347 0.429378
v -1.003324 37.685269 0.305263
v -1.018570 37.721524 0.195452
v -1.022109 37.739593 0.118945
v -1.021918 37.736725 0.088316
v -1.005101 37.509643 0.703812
v -0.993353 37.487768 0.723262
v -1.040431 37.547381 0.639474
v -1.086705 37.595238 0.536513
v -1.128722 37.645927 0.408037
v -1.155852 37.691732 0.273852
v -1.166480 37.725679 0.156526
v -1.166905 37.742600 0.075752
v -1.165560 37.739920 0.044355
v -1.170159 37.527896 0.682647
v -1.159194 37.507555 0.704529
v -1.201925 37.562992 0.612567
v -1.242371 37.607500 0.502060
v -1.277365 37.654646 0.365999
v -1.297633 37.697250 0.225525
v -1.302750 37.728827 0.103853
v -1.299709 37.744570 0.020822
v -1.297152 37.742082 -0.010802
v -1.326038 37.545078 0.635907
v -1.316450 37.526231 0.659465
v -1.352978 37.577593 0.562110
v -1.386120 37.618824 0.447081
v -1.412852 37.662496 0.306981
v -1.425507 37.701959 0.163692
v -1.424825 37.731206 0.040512
v -1.418290 37.745784 -0.042993
v -1.414557 37.743474 -0.074343
v -1.469689 37.563328 0.560247
v -1.462176 37.546283 0.584079
v -1.490230 37.592628 0.486727
v -1.514405 37.629722 0.373225
v -1.531917 37.668962 0.236251
v -1.537058 37.704374 0.097228
v -1.531465 37.730567 -0.021620
v -1.522443 37.743554 -0.101840
v -1.517992 37.741357 -0.131679
v -1.595478 37.582937 0.458763
v -1.590421 37.568055 0.481140
v -1.608897 37.608274 0.390423
v -1.623671 37.640207 0.285722
v -1.632377 37.673876 0.160294
v -1.631369 37.704155 0.033709
v -1.622739 37.726434 -0.074129
v -1.612841 37.737321 -0.146764
v -1.608331 37.735159 -0.173648
v -1.697583 37.602678 0.342522
v -1.694806 37.590141 0.361971
v -1.704633 37.623655 0.283437
v -1.711403 37.649879 0.193395
v -1.713267 37.677356 0.086070
v -1.708352 37.701905 -0.021866
v -1.698771 37.719787 -0.113677
v -1.689481 37.728280 -0.175501
v -1.685460 37.726092 -0.198353
v -1.773405 37.621844 0.222152
v -1.772366 37.611756 0.237518
v -1.775740 37.638238 0.175480
v -1.776939 37.658443 0.104548
v -1.774678 37.679382 0.020224
v -1.768362 37.697867 -0.064466
v -1.759764 37.711085 -0.136524
v -1.752270 37.717022 -0.185114
v -1.749142 37.714776 -0.203118
v -1.822891 37.639969 0.107170
v -1.822877 37.632440 0.117644
v -1.822560 37.651612 0.075121
v -1.820975 37.665597 0.026398
v -1.817392 37.679794 -0.031514
v -1.811919 37.692042 -0.089723
v -1.805759 37.700476 -0.139350
v -1.800804 37.703812 -0.172923
v -1.798789 37.701543 -0.185461
v -1.847733 37.656635 0.005360
v -1.848017 37.651914 0.010492
v -1.846749 37.663277 -0.010768
v -1.844972 37.670827 -0.035421
v -1.842418 37.678137 -0.064822
v -1.839363 37.684093 -0.094480
v -1.836361 37.687788 -0.119882
v -1.834112 37.688661 -0.137184
v -1.833211 37.686577 -0.143784
v -1.850483 37.670000 -0.077913
v -1.850483 37.670000 -0.077913
v -1.850483 37.670000 -0.077913
v -1.850483 37.670000 -0.077913
v -1.850483 37.670000 -0.077913
v -1.850483 37.670000 -0.077913
v -1.850483 37.670000 -0.077913
v -1.850483 37.670000 -0.077913
v -0.396995 37.407006 0.484421
v -0.276209 37.394156 0.370976
v -0.431521 37.428315 0.444046
v -0.303754 37.416714 0.338328
v -0.471698 37.470196 0.384405
v -0.333061 37.459563 0.292950
v -0.506657 37.526271 0.312720
v -0.356715 37.516181 0.240974
v -0.529782 37.588005 0.240874
v -0.371152 37.577947 0.191524
v -0.540910 37.645998 0.182204
v -0.377448 37.635458 0.153966
v -0.544416 37.691421 0.147527
v -0.379163 37.679960 0.135204
v -0.533014 37.424493 0.578024
v -0.572156 37.444706 0.529271
v -0.619510 37.485014 0.455482
v -0.661752 37.539280 0.365410
v -0.690219 37.599244 0.273550
v -0.704031 37.655776 0.196550
v -0.708292 37.700270 0.148371
v -0.683128 37.444077 0.646817
v -0.724378 37.463237 0.589700
v -0.775057 37.501639 0.502585
v -0.820371 37.553438 0.396056
v -0.850589 37.610747 0.287017
v -0.864668 37.664842 0.194765
v -0.868436 37.707487 0.135607
v -0.843816 37.464539 0.686855
v -0.884640 37.482608 0.622053
v -0.934893 37.518863 0.523232
v -0.979284 37.567785 0.402897
v -1.007906 37.621926 0.280033
v -1.020023 37.673044 0.175879
v -1.022147 37.713356 0.108323
v -1.009500 37.485087 0.696302
v -1.047627 37.502009 0.625091
v -1.094205 37.535956 0.516884
v -1.134314 37.581761 0.385991
v -1.158613 37.632450 0.253021
v -1.167010 37.680307 0.140452
v -1.166617 37.718045 0.067053
v -1.173328 37.505067 0.676125
v -1.207030 37.520810 0.600180
v -1.247527 37.552388 0.485331
v -1.280953 37.594992 0.347394
v -1.299068 37.642137 0.208078
v -1.302618 37.686646 0.090456
v -1.299193 37.721742 0.013589
v -1.328288 37.523921 0.630197
v -1.356529 37.538499 0.551341
v -1.389547 37.567746 0.432666
v -1.414978 37.607210 0.291085
v -1.425988 37.650881 0.148883
v -1.424227 37.692113 0.029188
v -1.417619 37.724627 -0.049094
v -1.471198 37.544086 0.555291
v -1.492547 37.557073 0.477440
v -1.516496 37.583266 0.360895
v -1.532969 37.618678 0.222755
v -1.536903 37.657918 0.084723
v -1.530616 37.695011 -0.031154
v -1.521720 37.724311 -0.106970
v -1.596394 37.565893 0.454543
v -1.610247 37.576780 0.382558
v -1.624759 37.599059 0.275353
v -1.632686 37.629337 0.149013
v -1.630849 37.663006 0.023296
v -1.621820 37.694940 -0.082056
v -1.612157 37.720276 -0.151028
v -1.698062 37.587952 0.338998
v -1.705286 37.596446 0.276899
v -1.711800 37.614328 0.184819
v -1.713112 37.638876 0.076779
v -1.707670 37.666354 -0.030424
v -1.697901 37.692577 -0.120191
v -1.688884 37.713554 -0.179007
v -1.773584 37.609510 0.219285
v -1.775928 37.615447 0.170176
v -1.776904 37.628665 0.097613
v -1.774283 37.647150 0.012729
v -1.767667 37.668089 -0.071365
v -1.759019 37.688294 -0.141779
v -1.751790 37.704688 -0.187946
v -1.822886 37.630171 0.104946
v -1.822476 37.633507 0.071012
v -1.820721 37.641941 0.021034
v -1.816932 37.654189 -0.037308
v -1.811323 37.668386 -0.095060
v -1.805192 37.682370 -0.143421
v -1.800457 37.694013 -0.175120
v -1.847647 37.649830 0.003841
v -1.846564 37.650703 -0.013573
v -1.844680 37.654398 -0.039082
v -1.842039 37.660354 -0.068780
v -1.838954 37.667663 -0.098130
v -1.836010 37.675214 -0.122671
v -1.833909 37.681855 -0.138692
v -1.850483 37.670000 -0.077913
v -1.850483 37.670000 -0.077913
v -1.850483 37.670000 -0.077913
v -1.850483 37.670000 -0.077913
v -1.850483 37.670000 -0.077913
v -1.850483 37.670000 -0.077913
v -1.850483 37.670000 -0.077913
v -1.850483 37.670000 -0.077913
v -0.379163 37.420040 0.084796
v -0.542875 37.435450 0.054473
v -0.543330 37.409511 0.059118
v -0.378932 37.395324 0.081523
v -0.377448 37.464542 0.066034
v -0.538223 37.480874 0.019931
v -0.371152 37.522053 0.028476
v -0.525159 37.538867 -0.038339
v -0.356715 37.583819 -0.020974
v -0.499669 37.600600 -0.109380
v -0.333061 37.640437 -0.072950
v -0.462356 37.656676 -0.179868
v -0.303754 37.683286 -0.118328
v -0.420227 37.698556 -0.238146
v -0.276209 37.705844 -0.150976
v -0.384384 37.719866 -0.277357
v -0.258524 37.704676 -0.168506
v -0.365324 37.717360 -0.295383
v -0.700993 37.453135 0.001562
v -0.702607 37.427453 0.012565
v -0.691974 37.497629 -0.045957
v -0.670592 37.554161 -0.121207
v -0.633154 37.614125 -0.209790
v -0.582186 37.668391 -0.295228
v -0.527746 37.708699 -0.363956
v -0.483962 37.728912 -0.408586
v -0.463249 37.725952 -0.427169
v -0.848554 37.471780 -0.076526
v -0.851882 37.447077 -0.060685
v -0.833860 37.514425 -0.133953
v -0.802884 37.568520 -0.221983
v -0.752932 37.625829 -0.323508
v -0.688613 37.677628 -0.419763
v -0.622630 37.716030 -0.495944
v -0.571485 37.735190 -0.544401
v -0.549032 37.732190 -0.563350
v -0.980179 37.490776 -0.179889
v -0.985665 37.467408 -0.160648
v -0.958878 37.531088 -0.244034
v -0.917562 37.582206 -0.340408
v -0.855090 37.636347 -0.450007
v -0.778225 37.685269 -0.552685
v -0.701877 37.721524 -0.633072
v -0.644268 37.739593 -0.683540
v -0.620202 37.736725 -0.702487
v -1.090931 37.509643 -0.305583
v -1.098813 37.487768 -0.284272
v -1.062658 37.547381 -0.373320
v -1.011010 37.595238 -0.473694
v -0.936762 37.645927 -0.586647
v -0.848766 37.691732 -0.691521
v -0.763664 37.725679 -0.772982
v -0.700777 37.742600 -0.823676
v -0.675392 37.739920 -0.842201
v -1.177295 37.527896 -0.447828
v -1.187568 37.507555 -0.425612
v -1.142310 37.562992 -0.516357
v -1.081131 37.607500 -0.616879
v -0.996572 37.654646 -0.729071
v -0.899382 37.697250 -0.832501
v -0.807446 37.728827 -0.912364
v -0.740633 37.744570 -0.961755
v -0.714315 37.742082 -0.979473
v -1.237941 37.545078 -0.598840
v -1.250383 37.526231 -0.576656
v -1.197042 37.577593 -0.665915
v -1.127773 37.618824 -0.763546
v -1.034905 37.662496 -0.871797
v -0.930768 37.701959 -0.971030
v -0.834036 37.731206 -1.047297
v -0.764675 37.745784 -1.094254
v -0.737836 37.743474 -1.110881
v -1.268353 37.563328 -0.758325
v -1.282302 37.546283 -0.737591
v -1.223680 37.592628 -0.820224
v -1.150014 37.629722 -0.909891
v -1.053842 37.668962 -1.008985
v -0.948354 37.704374 -1.099683
v -0.851948 37.730567 -1.169411
v -0.783604 37.743554 -1.212374
v -0.757500 37.741357 -1.227499
v -1.267438 37.582937 -0.919944
v -1.281781 37.568055 -0.902039
v -1.222374 37.608274 -0.973045
v -1.149727 37.640207 -1.049876
v -1.057092 37.673876 -1.134886
v -0.957495 37.704155 -1.213022
v -0.867803 37.726434 -1.273511
v -0.804844 37.737321 -1.311060
v -0.781013 37.735159 -1.324295
v -1.240219 37.602678 -1.072249
v -1.253693 37.590141 -1.057951
v -1.198420 37.623655 -1.114600
v -1.132243 37.649879 -1.176033
v -1.049495 37.677356 -1.244406
v -0.962043 37.701905 -1.307860
v -0.884289 37.719787 -1.357613
v -0.830160 37.728280 -1.388896
v -0.809787 37.726092 -1.400001
v -1.193383 37.621844 -1.206578
v -1.204750 37.611756 -1.196185
v -1.158350 37.638238 -1.237504
v -1.103641 37.658443 -1.282666
v -1.036304 37.679382 -1.333474
v -0.966153 37.697867 -1.381339
v -0.904455 37.711085 -1.419544
v -0.861793 37.717022 -1.443980
v -0.845767 37.714776 -1.452761
v -1.134341 37.639969 -1.316958
v -1.142522 37.632440 -1.310417
v -1.109078 37.651612 -1.336681
v -1.069997 37.665597 -1.365821
v -1.022485 37.679794 -1.399127
v -0.973563 37.692042 -1.431141
v -0.930922 37.700476 -1.457266
v -0.901584 37.703812 -1.474325
v -0.890526 37.701543 -1.480567
v -1.070232 37.656635 -1.399858
v -1.074421 37.651914 -1.396880
v -1.057009 37.663277 -1.409144
v -1.036627 37.670827 -1.423125
v -1.012048 37.678137 -1.439461
v -0.986955 37.684093 -1.455563
v -0.965224 37.687788 -1.469054
v -0.950294 37.688661 -1.478084
v -0.944572 37.686577 -1.481494
v -1.006841 37.670000 -1.453928
v -1.006841 37.670000 -1.453928
v -1.006841 37.670000 -1.453928
v -1.006841 37.670000 -1.453928
v -1.006841 37.670000 -1.453928
v -1.006841 37.670000 -1.453928
v -1.006841 37.670000 -1.453928
v -1.006841 37.670000 -1.453928
v -0.540257 37.407006 0.033065
v -0.376253 37.394156 0.056767
v -0.530216 37.428315 -0.019102
v -0.367901 37.416714 0.014876
v -0.508637 37.470196 -0.087700
v -0.350696 37.459563 -0.036330
v -0.474388 37.526271 -0.159727
v -0.324808 37.516181 -0.087231
v -0.432635 37.588005 -0.222601
v -0.295148 37.577947 -0.129349
v -0.393703 37.645998 -0.267881
v -0.269709 37.635458 -0.157688
v -0.368777 37.691421 -0.292243
v -0.256109 37.679960 -0.170728
v -0.698245 37.424493 -0.014919
v -0.684533 37.444706 -0.075918
v -0.656367 37.485014 -0.158948
v -0.612284 37.539280 -0.248133
v -0.558213 37.599244 -0.327663
v -0.506624 37.655776 -0.386470
v -0.471613 37.700270 -0.419841
v -0.845624 37.444077 -0.089391
v -0.826687 37.463237 -0.157254
v -0.790176 37.501639 -0.251191
v -0.735140 37.553438 -0.353039
v -0.668731 37.610747 -0.444649
v -0.605383 37.664842 -0.513175
v -0.561481 37.707487 -0.553005
v -0.977114 37.464539 -0.190059
v -0.951903 37.482608 -0.262379
v -0.905974 37.518863 -0.363283
v -0.839570 37.567785 -0.473017
v -0.761357 37.621926 -0.571999
v -0.687480 37.673044 -0.646411
v -0.635987 37.713356 -0.690192
v -1.087802 37.485087 -0.313705
v -1.055899 37.502009 -0.387913
v -1.000341 37.535956 -0.491796
v -0.923012 37.581761 -0.604765
v -0.834202 37.632450 -0.706668
v -0.751427 37.680307 -0.783419
v -0.693796 37.718045 -0.828875
v -1.174172 37.505067 -0.454372
v -1.135808 37.520810 -0.528072
v -1.071266 37.552388 -0.631341
v -0.984263 37.594992 -0.743476
v -0.886636 37.642137 -0.844501
v -0.796889 37.686646 -0.920614
v -0.734656 37.721742 -0.965861
v -1.234880 37.523921 -0.604160
v -1.190836 37.538499 -0.675406
v -1.118639 37.567746 -0.775212
v -1.023802 37.607210 -0.883369
v -0.919489 37.650881 -0.980639
v -0.824810 37.692113 -1.053891
v -0.759486 37.724627 -1.097532
v -1.265420 37.544086 -0.762595
v -1.217864 37.557073 -0.827826
v -1.141678 37.583266 -0.919214
v -1.043947 37.618678 -1.018222
v -0.938481 37.657918 -1.107359
v -0.843964 37.695011 -1.174692
v -0.779143 37.724311 -1.215008
v -1.264710 37.565893 -0.923292
v -1.217067 37.576780 -0.979005
v -1.142299 37.599059 -1.057192
v -1.048464 37.629337 -1.142161
v -0.949029 37.663006 -1.219108
v -0.861033 37.694940 -1.277735
v -0.801084 37.720276 -1.313183
v -1.237762 37.587952 -1.074821
v -1.193715 37.596446 -1.119187
v -1.125785 37.614328 -1.181690
v -1.042134 37.638876 -1.250078
v -0.954927 37.666354 -1.312663
v -0.878654 37.692577 -1.360994
v -0.827047 37.713554 -1.390616
v -1.191254 37.609510 -1.208505
v -1.154320 37.615447 -1.240957
v -1.098197 37.628665 -1.286963
v -1.030198 37.647150 -1.337838
v -0.960325 37.668089 -1.385098
v -0.899882 37.688294 -1.422238
v -0.859280 37.704688 -1.445371
v -1.132599 37.630171 -1.318341
v -1.105813 37.633507 -1.339178
v -1.065645 37.641941 -1.368966
v -1.017668 37.654189 -1.402380
v -0.969019 37.668386 -1.434002
v -0.927386 37.682370 -1.459361
v -0.899651 37.694013 -1.475424
v -1.068991 37.649830 -1.400737
v -1.054700 37.650703 -1.410749
v -1.033582 37.654398 -1.425180
v -1.008716 37.660354 -1.441631
v -0.983846 37.667663 -1.457519
v -0.962824 37.675214 -1.470518
v -0.948988 37.681855 -1.478864
v -1.006841 37.670000 -1.453928
v -1.006841 37.670000 -1.453928
v -1.006841 37.670000 -1.453928
v -1.006841 37.670000 -1.453928
v -1.006841 37.670000 -1.453928
v -1.006841 37.670000 -1.453928
v -1.006841 37.670000 -1.453928
v -1.006841 37.670000 -1.453928
v -0.216699 37.420040 -0.202156
v -0.295064 37.435450 -0.349057
v -0.298979 37.409511 -0.346517
v -0.213996 37.395324 -0.204015
v -0.200961 37.464542 -0.212513
v -0.265157 37.480874 -0.366957
v -0.167671 37.522053 -0.231008
v -0.211455 37.538867 -0.393074
v -0.120009 37.583819 -0.250552
v -0.140021 37.600600 -0.417438
v -0.064624 37.640437 -0.264465
v -0.061646 37.656676 -0.432214
v -0.010874 37.683286 -0.269844
v 0.010185 37.698556 -0.435612
v 0.031826 37.705844 -0.268665
v 0.063189 37.719866 -0.432037
v 0.056558 37.704676 -0.265768
v 0.089165 37.717360 -0.428374
v -0.352282 37.453135 -0.505669
v -0.361890 37.427453 -0.500070
v -0.309507 37.497629 -0.528245
v -0.237343 37.554161 -0.558445
v -0.144743 37.614125 -0.584406
v -0.046167 37.668391 -0.597827
v 0.041510 37.708699 -0.598115
v 0.103702 37.728912 -0.591710
v 0.131145 37.725952 -0.587102
v -0.383233 37.471780 -0.669723
v -0.397692 37.447077 -0.662449
v -0.329173 37.514425 -0.694040
v -0.241035 37.568520 -0.724708
v -0.130516 37.625829 -0.748954
v -0.015158 37.677628 -0.758681
v 0.085542 37.716030 -0.754592
v 0.155317 37.735190 -0.744817
v 0.184130 37.732190 -0.739077
v -0.384487 37.490776 -0.837078
v -0.402952 37.467408 -0.829370
v -0.321056 37.531088 -0.860417
v -0.219948 37.582206 -0.888203
v -0.095309 37.636347 -0.907695
v 0.032893 37.685269 -0.911619
v 0.143344 37.721524 -0.902047
v 0.218720 37.739593 -0.888473
v 0.248538 37.736725 -0.881471
v -0.355268 37.509643 -1.002036
v -0.376845 37.487768 -0.994911
v -0.284682 37.547381 -1.022165
v -0.174005 37.595238 -1.044367
v -0.039401 37.645927 -1.056742
v 0.097457 37.691732 -1.053332
v 0.214207 37.725679 -1.037587
v 0.293050 37.742600 -1.020027
v 0.323361 37.739920 -1.011730
v -0.297904 37.527896 -1.158247
v -0.321678 37.507555 -1.152426
v -0.222513 37.562992 -1.173622
v -0.105777 37.607500 -1.188464
v 0.034659 37.654646 -1.192304
v 0.176122 37.697250 -1.180805
v 0.295882 37.728827 -1.158720
v 0.376155 37.744570 -1.137279
v 0.406416 37.742082 -1.127749
v -0.217650 37.545078 -1.299816
v -0.242751 37.526231 -1.295712
v -0.139709 37.577593 -1.309660
v -0.020189 37.618824 -1.316375
v 0.122347 37.662496 -1.311262
v 0.264859 37.701959 -1.291714
v 0.384799 37.731206 -1.263639
v 0.464757 37.745784 -1.238686
v 0.494490 37.743474 -1.228071
v -0.111922 37.563328 -1.423031
v -0.136828 37.546283 -1.421008
v -0.035674 37.592628 -1.426697
v 0.080361 37.629722 -1.425008
v 0.217798 37.668962 -1.411602
v 0.354479 37.704374 -1.385678
v 0.469103 37.730567 -1.353780
v 0.545305 37.743554 -1.327133
v 0.573405 37.741357 -1.316154
v 0.015008 37.582937 -1.523083
v -0.007933 37.568055 -1.523133
v 0.084621 37.608274 -1.520958
v 0.189984 37.640207 -1.512064
v 0.314205 37.673876 -1.492642
v 0.437392 37.704155 -1.463491
v 0.540606 37.726434 -1.431081
v 0.609217 37.737321 -1.405269
v 0.634424 37.735159 -1.394889
v 0.151056 37.602678 -1.596762
v 0.131476 37.590141 -1.598382
v 0.210228 37.623655 -1.590488
v 0.299519 37.649879 -1.577052
v 0.404567 37.677356 -1.554987
v 0.508704 37.701905 -1.526177
v 0.596081 37.719787 -1.496407
v 0.654288 37.728280 -1.473592
v 0.675672 37.726092 -1.464587
v 0.285280 37.621844 -1.643898
v 0.270068 37.611756 -1.646304
v 0.331301 37.638238 -1.635790
v 0.400722 37.658443 -1.621174
v 0.482428 37.679382 -1.600206
v 0.563589 37.697867 -1.575203
v 0.631927 37.711085 -1.550786
v 0.677632 37.717022 -1.532668
v 0.694488 37.714776 -1.525612
v 0.408390 37.639969 -1.666558
v 0.398176 37.632440 -1.668875
v 0.439562 37.651612 -1.659103
v 0.486711 37.665597 -1.646716
v 0.542374 37.679794 -1.630336
v 0.597906 37.692042 -1.612048
v 0.644918 37.700476 -1.594999
v 0.676546 37.703812 -1.582698
v 0.688321 37.701543 -1.577944
v 0.513176 37.656635 -1.668122
v 0.508236 37.651914 -1.669541
v 0.528680 37.663277 -1.663574
v 0.552319 37.670827 -1.656356
v 0.580416 37.678137 -1.647324
v 0.608650 37.684093 -1.637745
v 0.632747 37.687788 -1.629166
v 0.649115 37.688661 -1.623124
v 0.655349 37.686577 -1.620776
v 0.594973 37.670000 -1.652273
v 0.594973 37.670000 -1.652273
v 0.594973 37.670000 -1.652273
v 0.594973 37.670000 -1.652273
v 0.594973 37.670000 -1.652273
v 0.594973 37.670000 -1.652273
v 0.594973 37.670000 -1.652273
v 0.594973 37.670000 -1.652273
v -0.276694 37.407006 -0.360358
v -0.192971 37.394156 -0.217357
v -0.229648 37.428315 -0.385034
v -0.155012 37.416714 -0.236946
v -0.162562 37.470196 -0.410932
v -0.104250 37.459563 -0.255420
v -0.084895 37.526271 -0.429063
v -0.048313 37.516181 -0.266916
v -0.009705 37.588005 -0.435621
v 0.003109 37.577947 -0.269987
v 0.049970 37.645998 -0.433415
v 0.041126 37.635458 -0.267768
v 0.084558 37.691421 -0.429116
v 0.059800 37.679960 -0.265265
v -0.337683 37.424493 -0.513795
v -0.281443 37.444706 -0.541107
v -0.198967 37.485014 -0.570854
v -0.101753 37.539280 -0.591995
v -0.005861 37.599244 -0.599307
v 0.072281 37.655776 -0.595639
v 0.120201 37.700270 -0.589072
v -0.371348 37.444077 -0.675453
v -0.306484 37.463237 -0.702960
v -0.210276 37.501639 -0.732983
v -0.096334 37.553438 -0.753456
v 0.016695 37.610747 -0.758653
v 0.109767 37.664842 -0.751851
v 0.168280 37.707487 -0.742360
v -0.374625 37.464539 -0.841022
v -0.302364 37.482608 -0.866403
v -0.194838 37.518863 -0.893406
v -0.067642 37.567785 -0.909907
v 0.058510 37.621926 -0.910472
v 0.162749 37.673044 -0.899108
v 0.229084 37.713356 -0.886146
v -0.346967 37.485087 -1.004654
v -0.269058 37.502009 -1.025979
v -0.153199 37.535956 -1.047312
v -0.016663 37.581761 -1.057289
v 0.118380 37.632450 -1.051390
v 0.229996 37.680307 -1.034527
v 0.301467 37.718045 -1.017811
v -0.290841 37.505067 -1.159885
v -0.209300 37.520810 -1.175842
v -0.088320 37.552388 -1.189768
v 0.053596 37.594992 -1.191662
v 0.193450 37.642137 -1.178322
v 0.308914 37.686646 -1.155610
v 0.383091 37.721742 -1.135166
v -0.211583 37.523921 -1.300740
v -0.128419 37.538499 -1.310726
v -0.005373 37.567746 -1.316508
v 0.138317 37.607210 -1.309797
v 0.279404 37.650881 -1.288888
v 0.395706 37.692113 -1.260537
v 0.470555 37.724627 -1.236674
v -0.106754 37.544086 -1.423399
v -0.026104 37.557073 -1.426889
v 0.092848 37.583266 -1.424304
v 0.231189 37.618678 -1.409625
v 0.366637 37.657918 -1.382745
v 0.478209 37.695011 -1.350830
v 0.550145 37.724311 -1.325287
v 0.019327 37.565893 -1.523037
v 0.092589 37.576780 -1.520525
v 0.200336 37.599059 -1.510818
v 0.325272 37.629337 -1.490432
v 0.447428 37.663006 -1.460666
v 0.548129 37.694940 -1.428421
v 0.613222 37.720276 -1.403652
v 0.154598 37.587952 -1.596445
v 0.216748 37.596446 -1.589669
v 0.307969 37.614328 -1.575530
v 0.413592 37.638876 -1.552768
v 0.516896 37.666354 -1.523608
v 0.602238 37.692577 -1.494109
v 0.657573 37.713554 -1.472230
v 0.288115 37.609510 -1.643434
v 0.336514 37.615447 -1.634792
v 0.407475 37.628665 -1.619597
v 0.489648 37.647150 -1.598153
v 0.570161 37.668089 -1.572991
v 0.636885 37.688294 -1.548891
v 0.680286 37.704688 -1.531570
v 0.410558 37.630171 -1.666058
v 0.443550 37.633507 -1.658107
v 0.491884 37.641941 -1.645275
v 0.547920 37.654189 -1.628598
v 0.602976 37.668386 -1.610279
v 0.648760 37.682370 -1.593540
v 0.678611 37.694013 -1.581871
v 0.514637 37.649830 -1.667700
v 0.531374 37.650703 -1.662769
v 0.555824 37.654398 -1.655256
v 0.584190 37.660354 -1.646073
v 0.612118 37.667663 -1.636534
v 0.635388 37.675214 -1.628203
v 0.650540 37.681855 -1.622590
v 0.594973 37.670000 -1.652273
v 0.594973 37.670000 -1.652273
v 0.594973 37.670000 -1.652273
v 0.594973 37.670000 -1.652273
v 0.594973 37.670000 -1.652273
v 0.594973 37.670000 -1.652273
v 0.594973 37.670000 -1.652273
v 0.594973 37.670000 -1.652273
v 0.108943 37.420040 -0.254049
v 0.174936 37.435450 -0.406908
v 0.170509 37.409511 -0.408385
v 0.112083 37.395324 -0.253094
v 0.126854 37.464542 -0.248201
v 0.207577 37.480874 -0.394686
v 0.162069 37.522053 -0.233706
v 0.261479 37.538867 -0.368984
v 0.207066 37.583819 -0.208627
v 0.325066 37.600600 -0.328325
v 0.252476 37.640437 -0.174000
v 0.385484 37.656676 -0.276262
v 0.290195 37.683286 -0.135330
v 0.432927 37.698556 -0.222221
v 0.315895 37.705844 -0.101211
v 0.463179 37.719866 -0.178552
v 0.329050 37.704676 -0.080069
v 0.476511 37.717360 -0.155958
v 0.261705 37.453135 -0.549288
v 0.251337 37.427453 -0.553310
v 0.306025 37.497629 -0.529921
v 0.374631 37.554161 -0.492331
v 0.452663 37.614125 -0.436120
v 0.524617 37.668391 -0.367418
v 0.579508 37.708699 -0.299049
v 0.613276 37.728912 -0.246431
v 0.626784 37.725952 -0.222103
v 0.370670 37.471780 -0.675773
v 0.355967 37.447077 -0.682542
v 0.423388 37.514425 -0.648669
v 0.502318 37.568520 -0.598881
v 0.590182 37.625829 -0.527590
v 0.669711 37.677628 -0.443465
v 0.729300 37.716030 -0.362184
v 0.765162 37.735190 -0.301538
v 0.778638 37.732190 -0.275432
v 0.500731 37.490776 -0.781097
v 0.483193 37.467408 -0.790728
v 0.558528 37.531088 -0.746057
v 0.643292 37.582206 -0.684331
v 0.736242 37.636347 -0.599038
v 0.819242 37.685269 -0.501252
v 0.880624 37.721524 -0.408930
v 0.917007 37.739593 -0.341536
v 0.930124 37.736725 -0.313857
v 0.647919 37.509643 -0.861103
v 0.628895 37.487768 -0.873530
v 0.707666 37.547381 -0.818466
v 0.794030 37.595238 -0.745778
v 0.887630 37.645927 -0.648257
v 0.970294 37.691732 -0.539131
v 1.030775 37.725679 -0.438035
v 1.066205 37.742600 -0.365445
v 1.078616 37.739920 -0.336574
v 0.805815 37.527896 -0.913650
v 0.786441 37.507555 -0.928608
v 0.864841 37.562992 -0.864293
v 0.949229 37.607500 -0.782279
v 1.039792 37.654646 -0.674875
v 1.119002 37.697250 -0.557106
v 1.176404 37.728827 -0.449704
v 1.209690 37.744570 -0.373576
v 1.221107 37.742082 -0.343975
v 0.966536 37.545078 -0.939172
v 0.947677 37.526231 -0.956238
v 1.022828 37.577593 -0.884373
v 1.102597 37.618824 -0.795115
v 1.187469 37.662496 -0.680488
v 1.261041 37.701959 -0.556879
v 1.313872 37.731206 -0.445602
v 1.344216 37.745784 -0.367531
v 1.354455 37.743474 -0.337666
v 1.128790 37.563328 -0.933333
v 1.111679 37.546283 -0.951545
v 1.179195 37.592628 -0.876006
v 1.250222 37.629722 -0.784233
v 1.325431 37.668962 -0.668422
v 1.390383 37.704374 -0.545397
v 1.436910 37.730567 -0.435892
v 1.463588 37.743554 -0.359702
v 1.472524 37.741357 -0.330887
v 1.286153 37.582937 -0.896477
v 1.271888 37.568055 -0.914444
v 1.327895 37.608274 -0.840726
v 1.386634 37.640207 -0.752804
v 1.448899 37.673876 -0.643575
v 1.502914 37.704155 -0.529089
v 1.541928 37.726434 -0.428185
v 1.564525 37.737321 -0.358450
v 1.572126 37.735159 -0.332271
v 1.428582 37.602678 -0.836049
v 1.417641 37.590141 -0.852367
v 1.460570 37.623655 -0.785874
v 1.505737 37.649879 -0.707686
v 1.553983 37.677356 -0.611799
v 1.596387 37.701905 -0.512419
v 1.627590 37.719787 -0.425543
v 1.646044 37.728280 -0.365811
v 1.652336 37.726092 -0.343477
v 1.549122 37.621844 -0.760497
v 1.541519 37.611756 -0.773890
v 1.571476 37.638238 -0.719460
v 1.603332 37.658443 -0.656073
v 1.637882 37.679382 -0.579119
v 1.668937 37.697867 -0.500075
v 1.692455 37.711085 -0.431423
v 1.706786 37.717022 -0.384393
v 1.711780 37.714776 -0.366815
v 1.643596 37.639969 -0.678373
v 1.639039 37.632440 -0.687804
v 1.657203 37.651612 -0.649354
v 1.676915 37.665597 -0.604769
v 1.698814 37.679794 -0.551037
v 1.719139 37.692042 -0.496218
v 1.735121 37.700476 -0.448832
v 1.745224 37.703812 -0.416434
v 1.748849 37.701543 -0.404265
v 1.710152 37.656635 -0.597424
v 1.708181 37.651914 -0.602171
v 1.716263 37.663277 -0.582466
v 1.725358 37.670827 -0.559484
v 1.735814 37.678137 -0.531886
v 1.745929 37.684093 -0.503840
v 1.754246 37.687788 -0.479651
v 1.759727 37.688661 -0.463086
v 1.761779 37.686577 -0.456749
v 1.748760 37.670000 -0.523591
v 1.748760 37.670000 -0.523591
v 1.748760 37.670000 -0.523591
v 1.748760 37.670000 -0.523591
v 1.748760 37.670000 -0.523591
v 1.748760 37.670000 -0.523591
v 1.748760 37.670000 -0.523591
v 1.748760 37.670000 -0.523591
v 0.195225 37.407006 -0.399592
v 0.135622 37.394156 -0.244974
v 0.243850 37.428315 -0.378195
v 0.174605 37.416714 -0.227510
v 0.305925 37.470196 -0.341892
v 0.220698 37.459563 -0.199342
v 0.368525 37.526271 -0.292474
v 0.264562 37.516181 -0.162776
v 0.420532 37.588005 -0.237777
v 0.299024 37.577947 -0.124488
v 0.456014 37.645998 -0.189746
v 0.320993 37.635458 -0.093381
v 0.474219 37.691421 -0.160024
v 0.330679 37.679960 -0.077220
v 0.277161 37.424493 -0.542941
v 0.333579 37.444706 -0.515999
v 0.408260 37.485014 -0.470064
v 0.485400 37.539280 -0.407240
v 0.550904 37.599244 -0.336828
v 0.596757 37.655776 -0.273447
v 0.621501 37.700270 -0.231888
v 0.382560 37.444077 -0.670054
v 0.444508 37.463237 -0.636491
v 0.527965 37.501639 -0.579992
v 0.615014 37.553438 -0.503673
v 0.689549 37.610747 -0.418543
v 0.742261 37.664842 -0.341536
v 0.771323 37.707487 -0.289871
v 0.509964 37.464539 -0.775846
v 0.574861 37.482608 -0.735175
v 0.663015 37.518863 -0.667944
v 0.755222 37.567785 -0.578787
v 0.834317 37.621926 -0.480509
v 0.890425 37.673044 -0.391926
v 0.921650 37.713356 -0.331982
v 0.655141 37.485087 -0.856246
v 0.720389 37.502009 -0.808629
v 0.809305 37.535956 -0.731348
v 0.902234 37.581761 -0.630820
v 0.981820 37.632450 -0.521561
v 1.038227 37.680307 -0.423783
v 1.069720 37.718045 -0.357482
v 0.811500 37.505067 -0.909149
v 0.874815 37.520810 -0.855347
v 0.961133 37.552388 -0.769443
v 1.051097 37.594992 -0.659670
v 1.127865 37.642137 -0.542010
v 1.182098 37.686646 -0.437576
v 1.212363 37.721742 -0.366836
v 0.971041 37.523921 -0.935004
v 1.030700 37.538499 -0.876210
v 1.111939 37.567746 -0.783614
v 1.196281 37.607210 -0.667088
v 1.267900 37.650881 -0.543746
v 1.318247 37.692113 -0.435140
v 1.346258 37.724627 -0.361743
v 1.132299 37.544086 -0.929523
v 1.185313 37.557073 -0.868644
v 1.257457 37.583266 -0.774032
v 1.332235 37.618678 -0.656720
v 1.395669 37.657918 -0.534063
v 1.440282 37.695011 -0.426933
v 1.465162 37.724311 -0.354767
v 1.288810 37.565893 -0.893072
v 1.332524 37.576780 -0.834227
v 1.392114 37.599059 -0.743935
v 1.454072 37.629337 -0.633545
v 1.506963 37.663006 -0.519481
v 1.544539 37.694940 -0.420645
v 1.565759 37.720276 -0.354311
v 1.430543 37.587952 -0.833082
v 1.463995 37.596446 -0.780266
v 1.509816 37.614328 -0.700131
v 1.557875 37.638876 -0.603360
v 1.599485 37.666354 -0.504412
v 1.629632 37.692577 -0.419297
v 1.647028 37.713554 -0.362393
v 1.550527 37.609510 -0.757991
v 1.573947 37.615447 -0.714763
v 1.606310 37.628665 -0.649810
v 1.640778 37.647150 -0.572194
v 1.671305 37.668089 -0.493558
v 1.694064 37.688294 -0.426365
v 1.707583 37.704688 -0.381633
v 1.644557 37.630171 -0.676367
v 1.658911 37.633507 -0.645615
v 1.679014 37.641941 -0.599826
v 1.700913 37.654189 -0.545617
v 1.720918 37.668386 -0.491151
v 1.736377 37.682370 -0.444919
v 1.745865 37.694013 -0.414305
v 1.710733 37.649830 -0.596018
v 1.717313 37.650703 -0.579858
v 1.726683 37.654398 -0.556058
v 1.737189 37.660354 -0.528155
v 1.747144 37.667663 -0.500373
v 1.755140 37.675214 -0.476985
v 1.760198 37.681855 -0.461639
v 1.748760 37.670000 -0.523591
v 1.748760 37.670000 -0.523591
v 1.748760 37.670000 -0.523591
v 1.748760 37.670000 -0.523591
v 1.748760 37.670000 -0.523591
v 1.748760 37.670000 -0.523591
v 1.748760 37.670000 -0.523591
v 1.748760 37.670000 -0.523591
v 0.370000 37.000000 0.110000
v 0.411930 37.120000 0.191938
v 0.362891 37.000000 0.182183
v 0.420000 37.120000 0.110000
v 0.388029 37.120000 0.270727
v 0.341835 37.000000 0.251593
v 0.349217 37.120000 0.343339
v 0.307644 37.000000 0.315561
v 0.296985 37.120000 0.406985
v 0.261630 37.000000 0.371630
v 0.233339 37.120000 0.459217
v 0.205561 37.000000 0.417644
v 0.160727 37.120000 0.498029
v 0.141593 37.000000 0.451835
v 0.081938 37.120000 0.521930
v 0.072183 37.000000 0.472891
v 0.000000 37.120000 0.530000
v 0.000000 37.000000 0.480000
v -0.081938 37.120000 0.521930
v -0.072183 37.000000 0.472891
v -0.160727 37.120000 0.498029
v -0.141593 37.000000 0.451835
v -0.233339 37.120000 0.459217
v -0.205561 37.000000 0.417644
v -0.296985 37.120000 0.406985
v -0.261630 37.000000 0.371630
v -0.349217 37.120000 0.343339
v -0.307644 37.000000 0.315561
v -0.388029 37.120000 0.270727
v -0.341835 37.000000 0.251593
v -0.411930 37.120000 0.191938
v -0.362891 37.000000 0.182183
v -0.420000 37.120000 0.110000
v -0.370000 37.000000 0.110000
v -0.411930 37.120000 0.028062
v -0.362891 37.000000 0.037817
v -0.388029 37.120000 -0.050727
v -0.341835 37.000000 -0.031593
v -0.349217 37.120000 -0.123339
v -0.307644 37.000000 -0.095561
v -0.296985 37.120000 -0.186985
v -0.261630 37.000000 -0.151630
v -0.233339 37.120000 -0.239217
v -0.205561 37.000000 -0.197644
v -0.160727 37.120000 -0.278029
v -0.141593 37.000000 -0.231835
v -0.081938 37.120000 -0.301930
v -0.072183 37.000000 -0.252891
v -0.000000 37.120000 -0.310000
v -0.000000 37.000000 -0.260000
v 0.081938 37.120000 -0.301930
v 0.072183 37.000000 -0.252891
v 0.160727 37.120000 -0.278029
v 0.141593 37.000000 -0.231835
v 0.233339 37.120000 -0.239217
v 0.205561 37.000000 -0.197644
v 0.296985 37.120000 -0.186985
v 0.261630 37.000000 -0.151630
v 0.349217 37.120000 -0.123339
v 0.307644 37.000000 -0.095561
v 0.388029 37.120000 -0.050727
v 0.341835 37.000000 -0.031593
v 0.411930 37.120000 0.028062
v 0.362891 37.000000 0.037817
v 0.451161 37.250000 0.199742
v 0.460000 37.250000 0.110000
v 0.424985 37.250000 0.286034
v 0.382476 37.250000 0.365562
v 0.325269 37.250000 0.435269
v 0.255562 37.250000 0.492476
v 0.176034 37.250000 0.534985
v 0.089742 37.250000 0.561161
v 0.000000 37.250000 0.570000
v -0.089742 37.250000 0.561161
v -0.176034 37.250000 0.534985
v -0.255562 37.250000 0.492476
v -0.325269 37.250000 0.435269
v -0.382476 37.250000 0.365562
v -0.424985 37.250000 0.286034
v -0.451161 37.250000 0.199742
v -0.460000 37.250000 0.110000
v -0.451161 37.250000 0.020258
v -0.424985 37.250000 -0.066034
v -0.382476 37.250000 -0.145562
v -0.325269 37.250000 -0.215269
v -0.255562 37.250000 -0.272476
v -0.176034 37.250000 -0.314985
v -0.089742 37.250000 -0.341161
v -0.000000 37.250000 -0.350000
v 0.089742 37.250000 -0.341161
v 0.176034 37.250000 -0.314985
v 0.255562 37.250000 -0.272476
v 0.325269 37.250000 -0.215269
v 0.382476 37.250000 -0.145562
v 0.424985 37.250000 -0.066034
v 0.451161 37.250000 0.020258
v 0.451161 37.850000 0.199742
v 0.460000 37.850000 0.110000
v 0.424985 37.850000 0.286034
v 0.382476 37.850000 0.365562
v 0.325269 37.850000 0.435269
v 0.255562 37.850000 0.492476
v 0.176034 37.850000 0.534985
v 0.089742 37.850000 0.561161
v 0.000000 37.850000 0.570000
v -0.089742 37.850000 0.561161
v -0.176034 37.850000 0.534985
v -0.255562 37.850000 0.492476
v -0.325269 37.850000 0.435269
v -0.382476 37.850000 0.365562
v -0.424985 37.850000 0.286034
v -0.451161 37.850000 0.199742
v -0.460000 37.850000 0.110000
v -0.451161 37.850000 0.020258
v -0.424985 37.850000 -0.066034
v -0.382476 37.850000 -0.145562
v -0.325269 37.850000 -0.215269
v -0.255562 37.850000 -0.272476
v -0.176034 37.850000 -0.314985
v -0.089742 37.850000 -0.341161
v -0.000000 37.850000 -0.350000
v 0.089742 37.850000 -0.341161
v 0.176034 37.850000 -0.314985
v 0.255562 37.850000 -0.272476
v 0.325269 37.850000 -0.215269
v 0.382476 37.850000 -0.145562
v 0.424985 37.850000 -0.066034
v 0.451161 37.850000 0.020258
v 0.444011 37.975000 0.198319
v 0.452709 37.975000 0.110000
v 0.418249 37.975000 0.283244
v 0.376414 37.975000 0.361512
v 0.320114 37.975000 0.430114
v 0.251512 37.975000 0.486414
v 0.173244 37.975000 0.528249
v 0.088319 37.975000 0.554011
v 0.000000 37.975000 0.562709
v -0.088319 37.975000 0.554011
v -0.173244 37.975000 0.528249
v -0.251512 37.975000 0.486414
v -0.320114 37.975000 0.430114
v -0.376414 37.975000 0.361512
v -0.418249 37.975000 0.283244
v -0.444011 37.975000 0.198319
v -0.452709 37.975000 0.110000
v -0.444011 37.975000 0.021681
v -0.418249 37.975000 -0.063244
v -0.376414 37.975000 -0.141512
v -0.320114 37.975000 -0.210114
v -0.251512 37.975000 -0.266414
v -0.173244 37.975000 -0.308249
v -0.088319 37.975000 -0.334011
v -0.000000 37.975000 -0.342709
v 0.088319 37.975000 -0.334011
v 0.173244 37.975000 -0.308249
v 0.251512 37.975000 -0.266414
v 0.320114 37.975000 -0.210114
v 0.376414 37.975000 -0.141512
v 0.418249 37.975000 -0.063244
v 0.444011 37.975000 0.021681
v 0.426262 38.100000 0.194789
v 0.434613 38.100000 0.110000
v 0.401530 38.100000 0.276319
v 0.361367 38.100000 0.351458
v 0.307318 38.100000 0.417318
v 0.241458 38.100000 0.471367
v 0.166319 38.100000 0.511530
v 0.084789 38.100000 0.536262
v 0.000000 38.100000 0.544613
v -0.084789 38.100000 0.536262
v -0.166319 38.100000 0.511530
v -0.241458 38.100000 0.471367
v -0.307318 38.100000 0.417318
v -0.361367 38.100000 0.351458
v -0.401530 38.100000 0.276319
v -0.426262 38.100000 0.194789
v -0.434613 38.100000 0.110000
v -0.426262 38.100000 0.025211
v -0.401530 38.100000 -0.056319
v -0.361367 38.100000 -0.131458
v -0.307318 38.100000 -0.197318
v -0.241458 38.100000 -0.251367
v -0.166319 38.100000 -0.291530
v -0.084789 38.100000 -0.316262
v -0.000000 38.100000 -0.324613
v 0.084789 38.100000 -0.316262
v 0.166319 38.100000 -0.291530
v 0.241458 38.100000 -0.251367
v 0.307318 38.100000 -0.197318
v 0.361367 38.100000 -0.131458
v 0.401530 38.100000 -0.056319
v 0.426262 38.100000 0.025211
v 0.399502 38.225000 0.189466
v 0.407328 38.225000 0.110000
v 0.376322 38.225000 0.265878
v 0.338681 38.225000 0.336300
v 0.288025 38.225000 0.398025
v 0.226300 38.225000 0.448681
v 0.155878 38.225000 0.486322
v 0.079466 38.225000 0.509502
v 0.000000 38.225000 0.517328
v -0.079466 38.225000 0.509502
v -0.155878 38.225000 0.486322
v -0.226300 38.225000 0.448681
v -0.288025 38.225000 0.398025
v -0.338681 38.225000 0.336300
v -0.376322 38.225000 0.265878
v -0.399502 38.225000 0.189466
v -0.407328 38.225000 0.110000
v -0.399502 38.225000 0.030534
v -0.376322 38.225000 -0.045878
v -0.338681 38.225000 -0.116300
v -0.288025 38.225000 -0.178025
v -0.226300 38.225000 -0.228681
v -0.155878 38.225000 -0.266322
v -0.079466 38.225000 -0.289502
v -0.000000 38.225000 -0.297328
v 0.079466 38.225000 -0.289502
v 0.155878 38.225000 -0.266322
v 0.226300 38.225000 -0.228681
v 0.288025 38.225000 -0.178025
v 0.338681 38.225000 -0.116300
v 0.376322 38.225000 -0.045878
v 0.399502 38.225000 0.030534
v 0.364457 38.350000 0.182495
v 0.371597 38.350000 0.110000
v 0.343311 38.350000 0.252204
v 0.308972 38.350000 0.316448
v 0.262759 38.350000 0.372759
v 0.206448 38.350000 0.418972
v 0.142204 38.350000 0.453311
v 0.072495 38.350000 0.474457
v 0.000000 38.350000 0.481597
v -0.072495 38.350000 0.474457
v -0.142204 38.350000 0.453311
v -0.206448 38.350000 0.418972
v -0.262759 38.350000 0.372759
v -0.308972 38.350000 0.316448
v -0.343311 38.350000 0.252204
v -0.364457 38.350000 0.182495
v -0.371597 38.350000 0.110000
v -0.364457 38.350000 0.037505
v -0.343311 38.350000 -0.032204
v -0.308972 38.350000 -0.096448
v -0.262759 38.350000 -0.152759
v -0.206448 38.350000 -0.198972
v -0.142204 38.350000 -0.233311
v -0.072495 38.350000 -0.254457
v -0.000000 38.350000 -0.261597
v 0.072495 38.350000 -0.254457
v 0.142204 38.350000 -0.233311
v 0.206448 38.350000 -0.198972
v 0.262759 38.350000 -0.152759
v 0.308972 38.350000 -0.096448
v 0.343311 38.350000 -0.032204
v 0.364457 38.350000 0.037505
v 0.321599 38.475000 0.173970
v 0.327900 38.475000 0.110000
v 0.302940 38.475000 0.235482
v 0.272639 38.475000 0.292171
v 0.231860 38.475000 0.341860
v 0.182171 38.475000 0.382639
v 0.125482 38.475000 0.412940
v 0.063970 38.475000 0.431599
v 0.000000 38.475000 0.437900
v -0.063970 38.475000 0.431599
v -0.125482 38.475000 0.412940
v -0.182171 38.475000 0.382639
v -0.231860 38.475000 0.341860
v -0.272639 38.475000 0.292171
v -0.302940 38.475000 0.235482
v -0.321599 38.475000 0.173970
v -0.327900 38.475000 0.110000
v -0.321599 38.475000 0.046030
v -0.302940 38.475000 -0.015482
v -0.272639 38.475000 -0.072171
v -0.231860 38.475000 -0.121860
v -0.182171 38.475000 -0.162639
v -0.125482 38.475000 -0.192940
v -0.063970 38.475000 -0.211599
v -0.000000 38.475000 -0.217900
v 0.063970 38.475000 -0.211599
v 0.125482 38.475000 -0.192940
v 0.182171 38.475000 -0.162639
v 0.231860 38.475000 -0.121860
v 0.272639 38.475000 -0.072171
v 0.302940 38.475000 -0.015482
v 0.321599 38.475000 0.046030
v 0.271272 38.600000 0.163959
v 0.276587 38.600000 0.110000
v 0.255533 38.600000 0.215845
v 0.229974 38.600000 0.263664
v 0.195577 38.600000 0.305577
v 0.153664 38.600000 0.339974
v 0.105845 38.600000 0.365533
v 0.053959 38.600000 0.381272
v 0.000000 38.600000 0.386587
v -0.053959 38.600000 0.381272
v -0.105845 38.600000 0.365533
v -0.153664 38.600000 0.339974
v -0.195577 38.600000 0.305577
v -0.229974 38.600000 0.263664
v -0.255533 38.600000 0.215845
v -0.271272 38.600000 0.163959
v -0.276587 38.600000 0.110000
v -0.271272 38.600000 0.056041
v -0.255533 38.600000 0.004155
v -0.229974 38.600000 -0.043664
v -0.195577 38.600000 -0.085577
v -0.153664 38.600000 -0.119974
v -0.105845 38.600000 -0.145533
v -0.053959 38.600000 -0.161272
v -0.000000 38.600000 -0.166587
v 0.053959 38.600000 -0.161272
v 0.105845 38.600000 -0.145533
v 0.153664 38.600000 -0.119974
v 0.195577 38.600000 -0.085577
v 0.229974 38.600000 -0.043664
v 0.255533 38.600000 0.004155
v 0.271272 38.600000 0.056041
v 0.213746 38.725000 0.152517
v 0.217934 38.725000 0.110000
v 0.201344 38.725000 0.193400
v 0.181205 38.725000 0.231077
v 0.154102 38.725000 0.264102
v 0.121077 38.725000 0.291205
v 0.083400 38.725000 0.311344
v 0.042517 38.725000 0.323746
v 0.000000 38.725000 0.327934
v -0.042517 38.725000 0.323746
v -0.083400 38.725000 0.311344
v -0.121077 38.725000 0.291205
v -0.154102 38.725000 0.264102
v -0.181205 38.725000 0.231077
v -0.201344 38.725000 0.193400
v -0.213746 38.725000 0.152517
v -0.217934 38.725000 0.110000
v -0.213746 38.725000 0.067483
v -0.201344 38.725000 0.026600
v -0.181205 38.725000 -0.011077
v -0.154102 38.725000 -0.044102
v -0.121077 38.725000 -0.071205
v -0.083400 38.725000 -0.091344
v -0.042517 38.725000 -0.103746
v -0.000000 38.725000 -0.107934
v 0.042517 38.725000 -0.103746
v 0.083400 38.725000 -0.091344
v 0.121077 38.725000 -0.071205
v 0.154102 38.725000 -0.044102
v 0.181205 38.725000 -0.011077
v 0.201344 38.725000 0.026600
v 0.213746 38.725000 0.067483
v 0.149240 38.850000 0.139686
v 0.152164 38.850000 0.110000
v 0.140581 38.850000 0.168231
v 0.126520 38.850000 0.194538
v 0.107596 38.850000 0.217596
v 0.084538 38.850000 0.236520
v 0.058231 38.850000 0.250581
v 0.029686 38.850000 0.259240
v 0.000000 38.850000 0.262164
v -0.029686 38.850000 0.259240
v -0.058231 38.850000 0.250581
v -0.084538 38.850000 0.236520
v -0.107596 38.850000 0.217596
v -0.126520 38.850000 0.194538
v -0.140581 38.850000 0.168231
v -0.149240 38.850000 0.139686
v -0.152164 38.850000 0.110000
v -0.149240 38.850000 0.080314
v -0.140581 38.850000 0.051769
v -0.126520 38.850000 0.025462
v -0.107596 38.850000 0.002404
v -0.084538 38.850000 -0.016520
v -0.058231 38.850000 -0.030581
v -0.029686 38.850000 -0.039240
v -0.000000 38.850000 -0.042164
v 0.029686 38.850000 -0.039240
v 0.058231 38.850000 -0.030581
v 0.084538 38.850000 -0.016520
v 0.107596 38.850000 0.002404
v 0.126520 38.850000 0.025462
v 0.140581 38.850000 0.051769
v 0.149240 38.850000 0.080314
v 0.077938 38.975000 0.125503
v 0.079465 38.975000 0.110000
v 0.073416 38.975000 0.140410
v 0.066073 38.975000 0.154149
v 0.056190 38.975000 0.166190
v 0.044149 38.975000 0.176073
v 0.030410 38.975000 0.183416
v 0.015503 38.975000 0.187938
v 0.000000 38.975000 0.189465
v -0.015503 38.975000 0.187938
v -0.030410 38.975000 0.183416
v -0.044149 38.975000 0.176073
v -0.056190 38.975000 0.166190
v -0.066073 38.975000 0.154149
v -0.073416 38.975000 0.140410
v -0.077938 38.975000 0.125503
v -0.079465 38.975000 0.110000
v -0.077938 38.975000 0.094497
v -0.073416 38.975000 0.079590
v -0.066073 38.975000 0.065851
v -0.056190 38.975000 0.053810
v -0.044149 38.975000 0.043927
v -0.030410 38.975000 0.036584
v -0.015503 38.975000 0.032062
v -0.000000 38.975000 0.030535
v 0.015503 38.975000 0.032062
v 0.030410 38.975000 0.036584
v 0.044149 38.975000 0.043927
v 0.056190 38.975000 0.053810
v 0.066073 38.975000 0.065851
v 0.073416 38.975000 0.079590
v 0.077938 38.975000 0.094497
v 0.000000 39.100000 0.110000
v -0.080000 36.861811 3.092000
v -0.040000 36.793737 2.932000
v -0.080000 36.759701 2.932000
v -0.200000 36.623553 2.932000
v -0.000000 36.725664 2.732000
v -0.040000 36.691627 2.732000
v -0.000000 36.793737 2.932000
v -0.160000 36.555480 2.572000
v -0.000000 36.997958 3.332000
v -0.000000 36.895848 3.132000
v -0.120000 37.066031 3.612000
v -0.000000 37.440436 4.132000
v 0.080000 36.725664 2.932000
v 0.040000 36.759701 2.932000
v 0.040000 36.861811 3.092000
v 0.040000 36.793737 2.932000
v 0.000000 36.691627 2.732000
v 0.160000 36.623553 2.932000
v 0.120000 36.555480 2.572000
v 0.040000 36.691627 2.732000
v 0.160000 36.725664 3.132000
v -0.000000 36.487407 2.092000
v -0.080000 36.487407 2.172000
v -0.000000 36.487407 2.172000
v -0.080000 36.487407 2.252000
v -0.200000 36.521443 2.612000
v -0.000000 36.555480 2.332000
v -0.120000 36.487407 2.252000
v -0.160000 36.487407 2.372000
v -0.120000 36.521443 2.332000
v -0.000000 36.521443 2.212000
v 0.120000 36.521443 2.452000
v 0.080000 36.521443 2.332000
v 0.040000 36.487407 2.172000
v 0.160000 36.521443 2.612000
v 0.040000 36.487407 2.252000
v 0.160000 36.521443 2.452000
v 0.120000 36.487407 2.372000
v 0.080000 36.487407 2.252000
v -0.240000 35.840708 2.892000
v -0.000000 35.976855 4.052000
v 0.200000 35.636487 2.812000
v -0.240000 34.683458 2.372000
v -0.200000 36.351260 2.612000
v -0.160000 34.513274 2.932000
v -0.000000 34.853642 3.692000
v -0.000000 33.594282 2.572000
v 0.200000 34.683458 2.372000
v -0.280000 33.900613 1.212000
v -0.240000 34.581348 2.052000
v -0.320000 33.968687 0.092000
v -0.000000 31.892444 0.092000
v 0.240000 33.900613 1.212000
v 0.280000 33.526208 0.092000
v -0.160000 34.275017 0.092000
v 0.200000 34.138870 0.092000
v -0.000000 34.445201 0.092000
v -0.240000 34.411164 1.212000
v -0.200000 34.717495 1.612000
v -0.200000 34.445201 0.852000
v -0.080000 34.819605 1.292000
v -0.040000 34.513274 0.412000
v -0.120000 34.411164 0.252000
v -0.000000 35.091899 1.612000
v -0.000000 34.887679 1.252000
v -0.240000 34.751532 1.852000
v -0.160000 34.819605 1.532000
v -0.000000 34.547311 0.372000
v 0.200000 34.343091 0.972000
v 0.120000 34.717495 1.332000
v 0.160000 34.615385 1.372000
v 0.240000 34.411164 1.572000
v 0.040000 35.023826 1.652000
v -0.200000 35.194010 2.172000
v -0.200000 35.091899 1.972000
v -0.200000 34.955753 1.892000
v -0.200000 35.364194 2.132000
v -0.160000 35.023826 1.812000
v -0.160000 34.921716 1.692000
v -0.160000 35.296120 1.972000
v -0.120000 35.398230 2.052000
v -0.080000 35.125936 1.732000
v -0.080000 35.023826 1.652000
v -0.080000 35.330157 1.892000
v -0.080000 35.432267 1.972000
v -0.000000 35.466304 1.892000
v -0.000000 35.262083 1.772000
v -0.000000 35.194010 1.692000
v 0.040000 35.228046 1.852000
v 0.120000 35.159973 1.892000
v 0.120000 34.921716 1.692000
v 0.040000 35.432267 1.972000
v 0.120000 35.398230 2.052000
v 0.160000 35.091899 1.972000
v 0.160000 34.853642 1.772000
v 0.160000 35.364194 2.132000
v 0.200000 35.296120 2.372000
v 0.200000 34.819605 2.092000
v -0.160000 36.317223 2.372000
v -0.160000 35.976855 2.332000
v -0.120000 35.840708 2.172000
v -0.080000 36.317223 2.172000
v -0.080000 35.840708 2.092000
v -0.000000 35.874745 2.012000
v 0.040000 35.704561 2.052000
v 0.040000 36.181076 2.132000
v 0.080000 35.840708 2.172000
v 0.160000 36.317223 2.492000
v 0.160000 36.351260 2.612000
vt 0.000000 0.000000
vt 0.000000 0.000000
vt 0.000000 0.000000
vt 0.000000 0.000000
vt 0.000000 0.000000
vt 0.000000 0.000000
vt 0.000000 0.000000
vt 0.000000 0.000000
vt 0.000000 0.000000
vt 0.000000 0.000000
vt 0.000000 0.000000
vt 0.000000 0.000000
vt 0.000000 0.000000
vt 0.000000 0.000000
vt 0.000000 0.000000
vt 0.000000 0.000000
vt 0.000000 0.000000
vt 0.000000 0.000000
vt 0.000000 0.000000
vt 0.000000 0.000000
vt 0.000000 0.000000
vt 0.000000 0.000000
vt 0.000000 0.000000
vt 0.000000 0.000000
vt 0.000000 0.000000
vt 0.000000 0.000000
vt 0.000000 0.000000
vt 0.000000 0.000000
vt 0.000000 0.000000
vt 0.000000 0.000000
vt 0.000000 0.000000
vt 0.000000 0.000000
vt 0.000000 0.000000
vt 0.000000 0.000000
vt 0.000000 0.000000
vt 0.000000 0.000000
vt 0.000000 0.000000
vt 0.000000 0.000000
vt 0.000000 0.000000
vt 0.000000 0.000000
vt 0.000000 0.000000
vt 0.000000 0.000000
vt 0.000000 0.000000
vt 0.000000 0.000000
vt 0.000000 0.000000
vt 0.000000 0.000000
vt 0.000000 0.000000
vt 0.000000 0.000000
vt 0.000000 0.000000
vt 0.000000 0.000000
vt 0.000000 0.000000
vt 0.000000 0.000000
vt 0.000000 0.000000
vt 0.000000 0.000000
vt 0.000000 0.000000
vt 0.000000 0.000000
vt 0.000000 0.000000
vt 0.000000 0.000000
vt 0.000000 0.000000
vt 0.000000 0.000000
vt 0.000000 0.000000
vt 0.000000 0.000000
vt 0.000000 0.000000
vt 0.000000 0.000000
vt 0.000000 0.000000
vt 0.000000 0.000000
vt 0.000000 0.000000
vt 0.000000 0.000000
vt 0.000000 0.000000
vt 0.000000 0.000000
vt 0.000000 0.000000
vt 0.000000 0.000000
vt 0.000000 0.000000
vt 0.000000 0.000000
vt 0.000000 0.000000
vt 0.000000 0.000000
vt 0.000000 0.000000
vt 0.000000 0.000000
vt 0.000000 0.000000
vt 0.000000 0.000000
vt 0.000000 0.000000
vt 0.000000 0.000000
vt 0.000000 0.000000
vt 0.000000 0.000000
vt 0.000000 0.000000
vt 0.000000 0.000000
vt 0.000000 0.000000
vt 0.000000 0.000000
vt 0.000000 0.000000
vt 0.000000 0.000000
vt 0.000000 0.000000
vt 0.000000 0.000000
vt 0.000000 0.000000
vt 0.000000 0.000000
vt 0.000000 0.000000
vt 0.000000 0.000000
vt 0.000000 0.000000
vt 0.000000 0.000000
vt 0.000000 0.000000
vt 0.000000 0.000000
vt 0.000000 0.000000
vt 0.000000 0.000000
vt 0.000000 0.000000
vt 0.000000 0.000000
vt 0.000000 0.000000
vt 0.000000 0.000000
vt 0.000000 0.000000
vt 0.000000 0.000000
vt 0.000000 0.000000
vt 0.000000 0.000000
vt 0.000000 0.000000
vt 0.000000 0.000000
vt 0.000000 0.000000
vt 0.000000 0.000000
vt 0.000000 0.000000
vt 0.000000 0.000000
vt 0.000000 0.000000
vt 0.000000 0.000000
vt 0.000000 0.000000
vt 0.000000 0.000000
vt 0.000000 0.000000
vt 0.000000 0.000000
vt 0.000000 0.000000
vt 0.000000 0.000000
vt 0.000000 0.000000
vt 0.000000 0.000000
vt 0.000000 0.000000
vt 0.000000 0.000000
vt 0.000000 0.000000
vt 0.000000 0.000000
vt 0.000000 0.000000
vt 0.000000 0.000000
vt 0.000000 0.000000
vt 0.000000 0.000000
vt 0.000000 0.000000
vt 0.000000 0.000000
vt 0.000000 0.000000
vt 0.000000 0.000000
vt 0.000000 0.000000
vt 0.000000 0.000000
vt 0.000000 0.000000
vt 0.000000 0.000000
vt 0.000000 0.000000
vt 0.000000 0.000000
vt 0.000000 0.000000
vt 0.000000 0.000000
vt 0.000000 0.000000
vt 0.000000 0.000000
vt 0.000000 0.000000
vt 0.000000 0.000000
vt 0.000000 0.000000
vt 0.000000 0.000000
vt 0.000000 0.000000
vt 0.000000 0.000000
vt 0.000000 0.000000
vt 0.000000 0.000000
vt 0.000000 0.000000
vt 0.000000 0.000000
vt 0.000000 0.000000
vt 0.000000 0.000000
vt 0.000000 0.000000
vt 0.000000 0.000000
vt 0.000000 0.000000
vt 0.000000 0.000000
vt 0.000000 0.000000
vt 0.000000 0.000000
vt 0.000000 0.000000
vt 0.000000 0.000000
vt 0.000000 0.000000
vt 0.000000 0.000000
vt 0.000000 0.000000
vt 0.000000 0.000000
vt 0.000000 0.000000
vt 0.000000 0.000000
vt 0.000000 0.000000
vt 0.000000 0.000000
vt 0.000000 0.000000
vt 0.000000 0.000000
vt 0.000000 0.000000
vt 0.000000 0.000000
vt 0.000000 0.000000
vt 0.000000 0.000000
vt 0.000000 0.000000
vt 0.000000 0.000000
vt 0.000000 0.000000
vt 0.000000 0.000000
vt 0.000000 0.000000
vt 0.000000 0.000000
vt 0.000000 0.000000
vt 0.000000 0.000000
vt 0.000000 0.000000
vt 0.000000 0.000000
vt 0.000000 0.000000
vt 0.000000 0.000000
vt 0.000000 0.000000
vt 0.000000 0.000000
vt 0.000000 0.000000
vt 0.000000 0.000000
vt 0.000000 0.000000
vt 0.000000 0.000000
vt 0.000000 0.000000
vt 0.000000 0.000000
vt 0.000000 0.000000
vt 0.000000 0.000000
vt 0.000000 0.000000
vt 0.000000 0.000000
vt 0.000000 0.000000
vt 0.000000 0.000000
vt 0.000000 0.000000
vt 0.000000 0.000000
vt 0.000000 0.000000
vt 0.000000 0.000000
vt 0.000000 0.000000
vt 0.000000 0.000000
vt 0.000000 0.000000
vt 0.000000 0.000000
vt 0.000000 0.000000
vt 0.000000 0.000000
vt 0.000000 0.000000
vt 0.000000 0.000000
vt 0.000000 0.000000
vt 0.000000 0.000000
vt 0.000000 0.000000
vt 0.000000 0.000000
vt 0.000000 0.000000
vt 0.000000 0.000000
vt 0.000000 0.000000
vt 0.000000 0.000000
vt 0.000000 0.000000
vt 0.000000 0.000000
vt 0.000000 0.000000
vt 0.000000 0.000000
vt 0.000000 0.000000
vt 0.000000 0.000000
vt 0.000000 0.000000
vt 0.000000 0.000000
vt 0.000000 0.000000
vt 0.000000 0.000000
vt 0.000000 0.000000
vt 0.000000 0.000000
vt 0.000000 0.000000
vt 0.000000 0.000000
vt 0.000000 0.000000
vt 0.000000 0.000000
vt 0.000000 0.000000
vt 0.000000 0.000000
vt 0.000000 0.000000
vt 0.000000 0.000000
vt 0.000000 0.000000
vt 0.000000 0.000000
vt 0.000000 0.000000
vt 0.000000 0.000000
vt 0.000000 0.000000
vt 0.000000 0.000000
vt 0.000000 0.000000
vt 0.000000 0.000000
vt 0.000000 0.000000
vt 0.000000 0.000000
vt 0.000000 0.000000
vt 0.000000 0.000000
vt 0.000000 0.000000
vt 0.000000 0.000000
vt 0.000000 0.000000
vt 0.000000 0.000000
vt 0.000000 0.000000
vt 0.000000 0.000000
vt 0.000000 0.000000
vt 0.000000 0.000000
vt 0.000000 0.000000
vt 0.000000 0.000000
vt 0.000000 0.000000
vt 0.000000 0.000000
vt 0.000000 0.000000
vt 0.000000 0.000000
vt 0.000000 0.000000
vt 0.000000 0.000000
vt 0.000000 0.000000
vt 0.000000 0.000000
vt 0.000000 0.000000
vt 0.000000 0.000000
vt 0.000000 0.000000
vt 0.000000 0.000000
vt 0.000000 0.000000
vt 0.000000 0.000000
vt 0.000000 0.000000
vt 0.000000 0.000000
vt 0.000000 0.000000
vt 0.000000 0.000000
vt 0.000000 0.000000
vt 0.000000 0.000000
vt 0.000000 0.000000
vt 0.000000 0.000000
vt 0.000000 0.000000
vt 0.000000 0.000000
vt 0.000000 0.000000
vt 0.000000 0.000000
vt 0.000000 0.000000
vt 0.000000 0.000000
vt 0.000000 0.000000
vt 0.000000 0.000000
vt 0.000000 0.000000
vt 0.000000 0.000000
vt 0.000000 0.000000
vt 0.000000 0.000000
vt 0.000000 0.000000
vt 0.000000 0.000000
vt 0.000000 0.000000
vt 0.000000 0.000000
vt 0.000000 0.000000
vt 0.000000 0.000000
vt 0.000000 0.000000
vt 0.000000 0.000000
vt 0.000000 0.000000
vt 0.000000 0.000000
vt 0.000000 0.000000
vt 0.000000 0.000000
vt 0.000000 0.000000
vt 0.000000 0.000000
vt 0.000000 0.000000
vt 0.000000 0.000000
vt 0.000000 0.000000
vt 0.000000 0.000000
vt 0.000000 0.000000
vt 0.000000 0.000000
vt 0.000000 0.000000
vt 0.000000 0.000000
vt 0.000000 0.000000
vt 0.000000 0.000000
vt 0.000000 0.000000
vt 0.000000 0.000000
vt 0.000000 0.000000
vt 0.000000 0.000000
vt 0.000000 0.000000
vt 0.000000 0.000000
vt 0.000000 0.000000
vt 0.000000 0.000000
vt 0.000000 0.000000
vt 0.000000 0.000000
vt 0.000000 0.000000
vt 0.000000 0.000000
vt 0.000000 0.000000
vt 0.000000 0.000000
vt 0.000000 0.000000
vt 0.000000 0.000000
vt 0.000000 0.000000
vt 0.000000 0.000000
vt 0.000000 0.000000
vt 0.000000 0.000000
vt 0.000000 0.000000
vt 0.000000 0.000000
vt 0.000000 0.000000
vt 0.000000 0.000000
vt 0.000000 0.000000
vt 0.000000 0.000000
vt 0.000000 0.000000
vt 0.000000 0.000000
vt 0.000000 0.000000
vt 0.000000 0.000000
vt 0.000000 0.000000
vt 0.000000 0.000000
vt 0.000000 0.000000
vt 0.000000 0.000000
vt 0.000000 0.000000
vt 0.000000 0.000000
vt 0.000000 0.000000
vt 0.000000 0.000000
vt 0.000000 0.000000
vt 0.000000 0.000000
vt 0.000000 0.000000
vt 0.000000 0.000000
vt 0.000000 0.000000
vt 0.000000 0.000000
vt 0.000000 0.000000
vt 0.000000 0.000000
vt 0.000000 0.000000
vt 0.000000 0.000000
vt 0.000000 0.000000
vt 0.000000 0.000000
vt 0.000000 0.000000
vt 0.000000 0.000000
vt 0.000000 0.000000
vt 0.000000 0.000000
vt 0.000000 0.000000
vt 0.000000 0.000000
vt 0.000000 0.000000
vt 0.000000 0.000000
vt 0.000000 0.000000
vt 0.000000 0.000000
vt 0.000000 0.000000
vt 0.000000 0.000000
vt 0.000000 0.000000
vt 0.000000 0.000000
vt 0.000000 0.000000
vt 0.000000 0.000000
vt 0.000000 0.000000
vt 0.000000 0.000000
vt 0.000000 0.000000
vt 0.000000 0.000000
vt 0.000000 0.000000
vt 0.000000 0.000000
vt 0.000000 0.000000
vt 0.000000 0.000000
vt 0.000000 0.000000
vt 0.000000 0.000000
vt 0.000000 0.000000
vt 0.000000 0.000000
vt 0.000000 0.000000
vt 0.000000 0.000000
vt 0.000000 0.000000
vt 0.000000 0.000000
vt 0.000000 0.000000
vt 0.000000 0.000000
vt 0.000000 0.000000
vt 0.000000 0.000000
vt 0.000000 0.000000
vt 0.000000 0.000000
vt 0.000000 0.000000
vt 0.000000 0.000000
vt 0.000000 0.000000
vt 0.000000 0.000000
vt 0.000000 0.000000
vt 0.000000 0.000000
vt 0.000000 0.000000
vt 0.000000 0.000000
vt 0.000000 0.000000
vt 0.000000 0.000000
vt 0.000000 0.000000
vt 0.000000 0.000000
vt 0.000000 0.000000
vt 0.000000 0.000000
vt 0.000000 0.000000
vt 0.000000 0.000000
vt 0.000000 0.000000
vt 0.000000 0.000000
vt 0.000000 0.000000
vt 0.000000 0.000000
vt 0.000000 0.000000
vt 0.000000 0.000000
vt 0.000000 0.000000
vt 0.000000 0.000000
vt 0.000000 0.000000
vt 0.000000 0.000000
vt 0.000000 0.000000
vt 0.000000 0.000000
vt 0.000000 0.000000
vt 0.000000 0.000000
vt 0.000000 0.000000
vt 0.000000 0.000000
vt 0.000000 0.000000
vt 0.000000 0.000000
vt 0.000000 0.000000
vt 0.000000 0.000000
vt 0.000000 0.000000
vt 0.000000 0.000000
vt 0.000000 0.000000
vt 0.000000 0.000000
vt 0.000000 0.000000
vt 0.000000 0.000000
vt 0.000000 0.000000
vt 0.000000 0.000000
vt 0.000000 0.000000
vt 0.000000 0.000000
vt 0.000000 0.000000
vt 0.000000 0.000000
vt 0.000000 0.000000
vt 0.000000 0.000000
vt 0.000000 0.000000
vt 0.000000 0.000000
vt 0.000000 0.000000
vt 0.000000 0.000000
vt 0.000000 0.000000
vt 0.000000 0.000000
vt 0.000000 0.000000
vt 0.000000 0.000000
vt 0.000000 0.000000
vt 0.000000 0.000000
vt 0.000000 0.000000
vt 0.000000 0.000000
vt 0.000000 0.000000
vt 0.000000 0.000000
vt 0.000000 0.000000
vt 0.000000 0.000000
vt 0.000000 0.000000
vt 0.000000 0.000000
vt 0.000000 0.000000
vt 0.000000 0.000000
vt 0.000000 0.000000
vt 0.000000 0.000000
vt 0.000000 0.000000
vt 0.000000 0.000000
vt 0.000000 0.000000
vt 0.000000 0.000000
vt 0.000000 0.000000
vt 0.000000 0.000000
vt 0.000000 0.000000
vt 0.000000 0.000000
vt 0.000000 0.000000
vt 0.000000 0.000000
vt 0.000000 0.000000
vt 0.000000 0.000000
vt 0.000000 0.000000
vt 0.000000 0.000000
vt 0.000000 0.000000
vt 0.000000 0.000000
vt 0.000000 0.000000
vt 0.000000 0.000000
vt 0.000000 0.000000
vt 0.000000 0.000000
vt 0.000000 0.000000
vt 0.000000 0.000000
vt 0.000000 0.000000
vt 0.000000 0.000000
vt 0.000000 0.000000
vt 0.000000 0.000000
vt 0.000000 0.000000
vt 0.000000 0.000000
vt 0.000000 0.000000
vt 0.000000 0.000000
vt 0.000000 0.000000
vt 0.000000 0.000000
vt 0.000000 0.000000
vt 0.000000 0.000000
vt 0.000000 0.000000
vt 0.000000 0.000000
vt 0.000000 0.000000
vt 0.000000 0.000000
vt 0.000000 0.000000
vt 0.000000 0.000000
vt 0.000000 0.000000
vt 0.000000 0.000000
vt 0.000000 0.000000
vt 0.000000 0.000000
vt 0.000000 0.000000
vt 0.000000 0.000000
vt 0.000000 0.000000
vt 0.000000 0.000000
vt 0.000000 0.000000
vt 0.000000 0.000000
vt 0.000000 0.000000
vt 0.000000 0.000000
vt 0.000000 0.000000
vt 0.000000 0.000000
vt 0.000000 0.000000
vt 0.000000 0.000000
vt 0.000000 0.000000
vt 0.000000 0.000000
vt 0.000000 0.000000
vt 0.000000 0.000000
vt 0.000000 0.000000
vt 0.000000 0.000000
vt 0.000000 0.000000
vt 0.000000 0.000000
vt 0.000000 0.000000
vt 0.000000 0.000000
vt 0.000000 0.000000
vt 0.000000 0.000000
vt 0.000000 0.000000
vt 0.000000 0.000000
vt 0.000000 0.000000
vt 0.000000 0.000000
vt 0.000000 0.000000
vt 0.000000 0.000000
vt 0.000000 0.000000
vt 0.000000 0.000000
vt 0.000000 0.000000
vt 0.000000 0.000000
vt 0.000000 0.000000
vt 0.000000 0.000000
vt 0.000000 0.000000
vt 0.000000 0.000000
vt 0.000000 0.000000
vt 0.000000 0.000000
vt 0.000000 0.000000
vt 0.000000 0.000000
vt 0.000000 0.000000
vt 0.000000 0.000000
vt 0.000000 0.000000
vt 0.000000 0.000000
vt 0.000000 0.000000
vt 0.000000 0.000000
vt 0.000000 0.000000
vt 0.000000 0.000000
vt 0.000000 0.000000
vt 0.000000 0.000000
vt 0.000000 0.000000
vt 0.000000 0.000000
vt 0.000000 0.000000
vt 0.000000 0.000000
vt 0.000000 0.000000
vt 0.000000 0.000000
vt 0.000000 0.000000
vt 0.000000 0.000000
vt 0.000000 0.000000
vt 0.000000 0.000000
vt 0.000000 0.000000
vt 0.000000 0.000000
vt 0.000000 0.000000
vt 0.000000 0.000000
vt 0.000000 0.000000
vt 0.000000 0.000000
vt 0.000000 0.000000
vt 0.000000 0.000000
vt 0.000000 0.000000
vt 0.000000 0.000000
vt 0.000000 0.000000
vt 0.000000 0.000000
vt 0.000000 0.000000
vt 0.000000 0.000000
vt 0.000000 0.000000
vt 0.000000 0.000000
vt 0.000000 0.000000
vt 0.000000 0.000000
vt 0.000000 0.000000
vt 0.000000 0.000000
vt 0.000000 0.000000
vt 0.000000 0.000000
vt 0.000000 0.000000
vt 0.000000 0.000000
vt 0.000000 0.000000
vt 0.000000 0.000000
vt 0.000000 0.000000
vt 0.000000 0.000000
vt 0.000000 0.000000
vt 0.000000 0.000000
vt 0.000000 0.000000
vt 0.000000 0.000000
vt 0.000000 0.000000
vt 0.000000 0.000000
vt 0.000000 0.000000
vt 0.000000 0.000000
vt 0.000000 0.000000
vt 0.000000 0.000000
vt 0.000000 0.000000
vt 0.000000 0.000000
vt 0.000000 0.000000
vt 0.000000 0.000000
vt 0.000000 0.000000
vt 0.000000 0.000000
vt 0.000000 0.000000
vt 0.000000 0.000000
vt 0.000000 0.000000
vt 0.000000 0.000000
vt 0.000000 0.000000
vt 0.000000 0.000000
vt 0.000000 0.000000
vt 0.000000 0.000000
vt 0.000000 0.000000
vt 0.000000 0.000000
vt 0.000000 0.000000
vt 0.000000 0.000000
vt 0.000000 0.000000
vt 0.000000 0.000000
vt 0.000000 0.000000
vt 0.000000 0.000000
vt 0.000000 0.000000
vt 0.000000 0.000000
vt 0.000000 0.000000
vt 0.000000 0.000000
vt 0.000000 0.000000
vt 0.000000 0.000000
vt 0.000000 0.000000
vt 0.000000 0.000000
vt 0.000000 0.000000
vt 0.000000 0.000000
vt 0.000000 0.000000
vt 0.000000 0.000000
vt 0.000000 0.000000
vt 0.000000 0.000000
vt 0.000000 0.000000
vt 0.000000 0.000000
vt 0.000000 0.000000
vt 0.000000 0.000000
vt 0.000000 0.000000
vt 0.000000 0.000000
vt 0.000000 0.000000
vt 0.000000 0.000000
vt 0.000000 0.000000
vt 0.000000 0.000000
vt 0.000000 0.000000
vt 0.000000 0.000000
vt 0.000000 0.000000
vt 0.000000 0.000000
vt 0.000000 0.000000
vt 0.000000 0.000000
vt 0.000000 0.000000
vt 0.000000 0.000000
vt 0.000000 0.000000
vt 0.000000 0.000000
vt 0.000000 0.000000
vt 0.000000 0.000000
vt 0.000000 0.000000
vt 0.000000 0.000000
vt 0.000000 0.000000
vt 0.000000 0.000000
vt 0.000000 0.000000
vt 0.000000 0.000000
vt 0.000000 0.000000
vt 0.000000 0.000000
vt 0.000000 0.000000
vt 0.000000 0.000000
vt 0.000000 0.000000
vt 0.000000 0.000000
vt 0.000000 0.000000
vt 0.000000 0.000000
vt 0.000000 0.000000
vt 0.000000 0.000000
vt 0.000000 0.000000
vt 0.000000 0.000000
vt 0.000000 0.000000
vt 0.000000 0.000000
vt 0.000000 0.000000
vt 0.000000 0.000000
vt 0.000000 0.000000
vt 0.000000 0.000000
vt 0.000000 0.000000
vt 0.000000 0.000000
vt 0.000000 0.000000
vt 0.000000 0.000000
vt 0.000000 0.000000
vt 0.000000 0.000000
vt 0.000000 0.000000
vt 0.000000 0.000000
vt 0.000000 0.000000
vt 0.000000 0.000000
vt 0.000000 0.000000
vt 0.000000 0.000000
vt 0.000000 0.000000
vt 0.000000 0.000000
vt 0.000000 0.000000
vt 0.000000 0.000000
vt 0.000000 0.000000
vt 0.000000 0.000000
vt 0.000000 0.000000
vt 0.000000 0.000000
vt 0.000000 0.000000
vt 0.000000 0.000000
vt 0.000000 0.000000
vt 0.000000 0.000000
vt 0.000000 0.000000
vt 0.000000 0.000000
vt 0.000000 0.000000
vt 0.000000 0.000000
vt 0.000000 0.000000
vt 0.000000 0.000000
vt 0.000000 0.000000
vt 0.000000 0.000000
vt 0.000000 0.000000
vt 0.000000 0.000000
vt 0.000000 0.000000
vt 0.000000 0.000000
vt 0.000000 0.000000
vt 0.000000 0.000000
vt 0.000000 0.000000
vt 0.000000 0.000000
vt 0.000000 0.000000
vt 0.000000 0.000000
vt 0.000000 0.000000
vt 0.000000 0.000000
vt 0.000000 0.000000
vt 0.000000 0.000000
vt 0.000000 0.000000
vt 0.000000 0.000000
vt 0.000000 0.000000
vt 0.000000 0.000000
vt 0.000000 0.000000
vt 0.000000 0.000000
vt 0.000000 0.000000
vt 0.000000 0.000000
vt 0.000000 0.000000
vt 0.000000 0.000000
vt 0.000000 0.000000
vt 0.000000 0.000000
vt 0.000000 0.000000
vt 0.000000 0.000000
vt 0.000000 0.000000
vt 0.000000 0.000000
vt 0.000000 0.000000
vt 0.000000 0.000000
vt 0.000000 0.000000
vt 0.000000 0.000000
vt 0.000000 0.000000
vt 0.000000 0.000000
vt 0.000000 0.000000
vt 0.000000 0.000000
vt 0.000000 0.000000
vt 0.000000 0.000000
vt 0.000000 0.000000
vt 0.000000 0.000000
vt 0.000000 0.000000
vt 0.000000 0.000000
vt 0.000000 0.000000
vt 0.000000 0.000000
vt 0.000000 0.000000
vt 0.000000 0.000000
vt 0.000000 0.000000
vt 0.000000 0.000000
vt 0.000000 0.000000
vt 0.000000 0.000000
vt 0.000000 0.000000
vt 0.000000 0.000000
vt 0.000000 0.000000
vt 0.000000 0.000000
vt 0.000000 0.000000
vt 0.000000 0.000000
vt 0.000000 0.000000
vt 0.000000 0.000000
vt 0.000000 0.000000
vt 0.000000 0.000000
vt 0.000000 0.000000
vt 0.000000 0.000000
vt 0.000000 0.000000
vt 0.000000 0.000000
vt 0.000000 0.000000
vt 0.000000 0.000000
vt 0.000000 0.000000
vt 0.000000 0.000000
vt 0.000000 0.000000
vt 0.000000 0.000000
vt 0.000000 0.000000
vt 0.000000 0.000000
vt 0.000000 0.000000
vt 0.000000 0.000000
vt 0.000000 0.000000
vt 0.000000 0.000000
vt 0.000000 0.000000
vt 0.000000 0.000000
vt 0.000000 0.000000
vt 0.000000 0.000000
vt 0.000000 0.000000
vt 0.000000 0.000000
vt 0.000000 0.000000
vt 0.000000 0.000000
vt 0.000000 0.000000
vt 0.000000 0.000000
vt 0.000000 0.000000
vt 0.000000 0.000000
vt 0.000000 0.000000
vt 0.000000 0.000000
vt 0.000000 0.000000
vt 0.000000 0.000000
vt 0.000000 0.000000
vt 0.000000 0.000000
vt 0.000000 0.000000
vt 0.000000 0.000000
vt 0.000000 0.000000
vt 0.000000 0.000000
vt 0.000000 0.000000
vt 0.000000 0.000000
vt 0.000000 0.000000
vt 0.000000 0.000000
vt 0.000000 0.000000
vt 0.000000 0.000000
vt 0.000000 0.000000
vt 0.000000 0.000000
vt 0.000000 0.000000
vt 0.000000 0.000000
vt 0.000000 0.000000
vt 0.000000 0.000000
vt 0.000000 0.000000
vt 0.000000 0.000000
vt 0.000000 0.000000
vt 0.000000 0.000000
vt 0.000000 0.000000
vt 0.000000 0.000000
vt 0.000000 0.000000
vt 0.000000 0.000000
vt 0.000000 0.000000
vt 0.000000 0.000000
vt 0.000000 0.000000
vt 0.000000 0.000000
vt 0.000000 0.000000
vt 0.000000 0.000000
vt 0.000000 0.000000
vt 0.000000 0.000000
vt 0.000000 0.000000
vt 0.000000 0.000000
vt 0.000000 0.000000
vt 0.000000 0.000000
vt 0.000000 0.000000
vt 0.000000 0.000000
vt 0.000000 0.000000
vt 0.000000 0.000000
vt 0.000000 0.000000
vt 0.000000 0.000000
vt 0.000000 0.000000
vt 0.000000 0.000000
vt 0.000000 0.000000
vt 0.000000 0.000000
vt 0.000000 0.000000
vt 0.000000 0.000000
vt 0.000000 0.000000
vt 0.000000 0.000000
vt 0.000000 0.000000
vt 0.000000 0.000000
vt 0.000000 0.000000
vt 0.000000 0.000000
vt 0.000000 0.000000
vt 0.000000 0.000000
vt 0.000000 0.000000
vt 0.000000 0.000000
vt 0.000000 0.000000
vt 0.000000 0.000000
vt 0.000000 0.000000
vt 0.000000 0.000000
vt 0.000000 0.000000
vt 0.000000 0.000000
vt 0.000000 0.000000
vt 0.000000 0.000000
vt 0.000000 0.000000
vt 0.000000 0.000000
vt 0.000000 0.000000
vt 0.000000 0.000000
vt 0.000000 0.000000
vt 0.000000 0.000000
vt 0.000000 0.000000
vt 0.000000 0.000000
vt 0.000000 0.000000
vt 0.000000 0.000000
vt 0.000000 0.000000
vt 0.000000 0.000000
vt 0.000000 0.000000
vt 0.000000 0.000000
vt 0.000000 0.000000
vt 0.000000 0.000000
vt 0.000000 0.000000
vt 0.000000 0.000000
vt 0.000000 0.000000
vt 0.000000 0.000000
vt 0.000000 0.000000
vt 0.000000 0.000000
vt 0.000000 0.000000
vt 0.000000 0.000000
vt 0.000000 0.000000
vt 0.000000 0.000000
vt 0.000000 0.000000
vt 0.000000 0.000000
vt 0.000000 0.000000
vt 0.000000 0.000000
vt 0.000000 0.000000
vt 0.000000 0.000000
vt 0.000000 0.000000
vt 0.000000 0.000000
vt 0.000000 0.000000
vt 0.000000 0.000000
vt 0.000000 0.000000
vt 0.000000 0.000000
vt 0.000000 0.000000
vt 0.000000 0.000000
vt 0.000000 0.000000
vt 0.000000 0.000000
vt 0.000000 0.000000
vt 0.000000 0.000000
vt 0.000000 0.000000
vt 0.000000 0.000000
vt 0.000000 0.000000
vt 0.000000 0.000000
vt 0.000000 0.000000
vt 0.000000 0.000000
vt 0.000000 0.000000
vt 0.000000 0.000000
vt 0.000000 0.000000
vt 0.000000 0.000000
vt 0.000000 0.000000
vt 0.000000 0.000000
vt 0.000000 0.000000
vt 0.000000 0.000000
vt 0.000000 0.000000
vt 0.000000 0.000000
vt 0.000000 0.000000
vt 0.000000 0.000000
vt 0.000000 0.000000
vt 0.000000 0.000000
vt 0.000000 0.000000
vt 0.000000 0.000000
vt 0.000000 0.000000
vt 0.000000 0.000000
vt 0.000000 0.000000
vt 0.000000 0.000000
vt 0.000000 0.000000
vt 0.000000 0.000000
vt 0.000000 0.000000
vt 0.000000 0.000000
vt 0.000000 0.000000
vt 0.000000 0.000000
vt 0.000000 0.000000
vt 0.000000 0.000000
vt 0.000000 0.000000
vt 0.000000 0.000000
vt 0.000000 0.000000
vt 0.000000 0.000000
vt 0.000000 0.000000
vt 0.000000 0.000000
vt 0.000000 0.000000
vt 0.000000 0.000000
vt 0.000000 0.000000
vt 0.000000 0.000000
vt 0.000000 0.000000
vt 0.000000 0.000000
vt 0.000000 0.000000
vt 0.000000 0.000000
vt 0.000000 0.000000
vt 0.000000 0.000000
vt 0.000000 0.000000
vt 0.000000 0.000000
vt 0.000000 0.000000
vt 0.000000 0.000000
vt 0.000000 0.000000
vt 0.000000 0.000000
vt 0.000000 0.000000
vt 0.000000 0.000000
vt 0.000000 0.000000
vt 0.000000 0.000000
vt 0.000000 0.000000
vt 0.000000 0.000000
vt 0.000000 0.000000
vt 0.000000 0.000000
vt 0.000000 0.000000
vt 0.000000 0.000000
vt 0.000000 0.000000
vt 0.000000 0.000000
vt 0.000000 0.000000
vt 0.000000 0.000000
vt 0.000000 0.000000
vt 0.000000 0.000000
vt 0.000000 0.000000
vt 0.000000 0.000000
vt 0.000000 0.000000
vt 0.000000 0.000000
vt 0.000000 0.000000
vt 0.000000 0.000000
vt 0.000000 0.000000
vt 0.000000 0.000000
vt 0.000000 0.000000
vt 0.000000 0.000000
vt 0.000000 0.000000
vt 0.000000 0.000000
vt 0.000000 0.000000
vt 0.000000 0.000000
vt 0.000000 0.000000
vt 0.000000 0.000000
vt 0.000000 0.000000
vt 0.000000 0.000000
vt 0.000000 0.000000
vt 0.000000 0.000000
vt 0.000000 0.000000
vt 0.000000 0.000000
vt 0.000000 0.000000
vt 0.000000 0.000000
vt 0.000000 0.000000
vt 0.000000 0.000000
vt 0.000000 0.000000
vt 0.000000 0.000000
vt 0.000000 0.000000
vt 0.000000 0.000000
vt 0.000000 0.000000
vt 0.000000 0.000000
vt 0.000000 0.000000
vt 0.000000 0.000000
vt 0.000000 0.000000
vt 0.000000 0.000000
vt 0.000000 0.000000
vt 0.000000 0.000000
vt 0.000000 0.000000
vt 0.000000 0.000000
vt 0.000000 0.000000
vt 0.000000 0.000000
vt 0.000000 0.000000
vt 0.000000 0.000000
vt 0.000000 0.000000
vt 0.000000 0.000000
vt 0.000000 0.000000
vt 0.000000 0.000000
vt 0.000000 0.000000
vt 0.000000 0.000000
vt 0.000000 0.000000
vt 0.000000 0.000000
vt 0.000000 0.000000
vt 0.000000 0.000000
vt 0.000000 0.000000
vt 0.000000 0.000000
vt 0.000000 0.000000
vt 0.000000 0.000000
vt 0.000000 0.000000
vt 0.000000 0.000000
vt 0.000000 0.000000
vt 0.000000 0.000000
vt 0.000000 0.000000
vt 0.000000 0.000000
vt 0.000000 0.000000
vt 0.000000 0.000000
vt 0.000000 0.000000
vt 0.000000 0.000000
vt 0.000000 0.000000
vt 0.000000 0.000000
vt 0.000000 0.000000
vt 0.000000 0.000000
vt 0.000000 0.000000
vt 0.000000 0.000000
vt 0.000000 0.000000
vt 0.000000 0.000000
vt 0.000000 0.000000
vt 0.000000 0.000000
vt 0.000000 0.000000
vt 0.000000 0.000000
vt 0.000000 0.000000
vt 0.000000 0.000000
vt 0.000000 0.000000
vt 0.000000 0.000000
vt 0.000000 0.000000
vt 0.000000 0.000000
vt 0.000000 0.000000
vt 0.000000 0.000000
vt 0.000000 0.000000
vt 0.000000 0.000000
vt 0.000000 0.000000
vt 0.000000 0.000000
vt 0.000000 0.000000
vt 0.000000 0.000000
vt 0.000000 0.000000
vt 0.000000 0.000000
vt 0.000000 0.000000
vt 0.000000 0.000000
vt 0.000000 0.000000
vt 0.000000 0.000000
vt 0.000000 0.000000
vt 0.000000 0.000000
vt 0.000000 0.000000
vt 0.000000 0.000000
vt 0.000000 0.000000
vt 0.000000 0.000000
vt 0.000000 0.000000
vt 0.000000 0.000000
vt 0.000000 0.000000
vt 0.000000 0.000000
vt 0.000000 0.000000
vt 0.000000 0.000000
vt 0.000000 0.000000
vt 0.000000 0.000000
vt 0.000000 0.000000
vt 0.000000 0.000000
vt 0.000000 0.000000
vt 0.000000 0.000000
vt 0.000000 0.000000
vt 0.000000 0.000000
vt 0.000000 0.000000
vt 0.000000 0.000000
vt 0.000000 0.000000
vt 0.000000 0.000000
vt 0.000000 0.000000
vt 0.000000 0.000000
vt 0.000000 0.000000
vt 0.000000 0.000000
vt 0.000000 0.000000
vt 0.000000 0.000000
vt 0.000000 0.000000
vt 0.000000 0.000000
vt 0.000000 0.000000
vt 0.000000 0.000000
vt 0.000000 0.000000
vt 0.000000 0.000000
vt 0.000000 0.000000
vt 0.000000 0.000000
vt 0.000000 0.000000
vt 0.000000 0.000000
vt 0.000000 0.000000
vt 0.000000 0.000000
vt 0.000000 0.000000
vt 0.000000 0.000000
vt 0.000000 0.000000
vt 0.000000 0.000000
vt 0.000000 0.000000
vt 0.000000 0.000000
vt 0.000000 0.000000
vt 0.000000 0.000000
vt 0.000000 0.000000
vt 0.000000 0.000000
vt 0.000000 0.000000
vt 0.000000 0.000000
vt 0.000000 0.000000
vn 0.633858 0.030950 0.772830
vn 0.445586 0.007669 0.895206
vn 0.668604 -0.014299 0.743481
vn -0.950856 -0.130775 -0.280660
vn -0.793703 -0.211054 -0.570518
vn -0.968424 -0.224605 0.108203
vn -0.184434 -0.030891 -0.982359
vn 0.190090 -0.013004 -0.981680
vn 0.070052 -0.084032 -0.993998
vn -0.718993 -0.016684 -0.694817
vn -0.436665 -0.006920 -0.899598
vn -0.518093 -0.066572 -0.852730
vn -0.735209 -0.399303 0.547745
vn -0.910797 -0.410008 -0.048390
vn -0.548729 -0.691547 0.469744
vn 0.933565 -0.120068 -0.337698
vn 0.993900 -0.110150 -0.005545
vn 0.962244 -0.253060 -0.100240
vn 0.366380 -0.108772 -0.924086
vn 0.717557 -0.163006 -0.677157
vn 0.236878 -0.200784 -0.950566
vn -0.620718 0.118367 0.775048
vn -0.869326 0.113980 0.480917
vn -0.880371 0.094841 0.464707
vn -0.950806 0.002496 0.309775
vn -0.998620 -0.023071 -0.047182
vn -0.995414 -0.079543 0.053137
vn -0.211759 0.002580 0.977319
vn -0.471343 -0.021683 0.881683
vn -0.221104 -0.051478 0.973891
vn -0.999732 0.022902 0.003294
vn 0.361111 -0.039745 -0.931675
vn -0.145333 0.104731 0.983824
vn -0.244887 0.086697 0.965668
vn 0.155608 0.094167 0.983320
vn -0.459185 0.172315 -0.871468
vn -0.074810 0.108333 -0.991296
vn -0.553202 0.116152 -0.824910
vn 0.914232 -0.137819 0.381034
vn 0.664767 -0.161756 0.729328
vn 0.840569 -0.270856 0.469127
vn -0.018828 0.071357 0.997273
vn 0.597758 0.060868 -0.799362
vn 0.897704 0.081215 -0.433048
vn 0.783030 0.046232 -0.620264
vn -0.316516 0.023536 -0.948295
vn 0.132065 0.019768 -0.991044
vn -0.108907 0.004615 -0.994041
vn 0.613769 -0.724892 -0.312760
vn 0.584419 -0.647542 0.489024
vn 0.282232 -0.931501 0.229459
vn -0.126997 -0.285172 0.950026
vn -0.498633 -0.215398 0.839624
vn -0.426896 -0.424886 0.798268
vn -0.256937 -0.092342 -0.962006
vn -0.493813 -0.167847 -0.853215
vn 0.567260 -0.060208 -0.821335
vn 0.752850 -0.041783 -0.656865
vn -0.606535 -0.087701 0.790205
vn -0.794982 -0.224432 0.563590
vn 0.672560 -0.286280 -0.682426
vn -0.346038 0.075687 -0.935163
vn -0.340918 0.052241 -0.938640
vn -0.587526 0.056935 -0.807200
vn -0.225710 0.029130 0.973759
vn -0.491106 0.018437 0.870905
vn 0.817409 0.053580 0.573561
vn 0.830563 0.011792 0.556800
vn 0.973096 0.127549 -0.191872
vn 0.967097 0.117395 0.225705
vn 0.968300 0.105978 -0.226192
vn -0.310708 0.056490 0.948825
vn 0.038502 0.038881 0.998502
vn -0.653924 -0.663938 -0.362726
vn -0.159507 -0.177832 -0.971048
vn 0.933508 -0.033005 -0.357034
vn 0.945108 0.043096 0.323902
vn 0.973616 -0.005248 0.228132
vn 0.990782 0.022739 -0.133544
vn -0.336314 0.096652 -0.936777
vn -0.618900 0.092247 -0.780034
vn -0.160802 -0.534531 -0.829711
vn -0.211895 -0.868571 -0.447978
vn -0.981779 0.153881 -0.111491
vn -0.856525 0.125609 -0.500588
vn -0.908917 0.118965 -0.399647
vn 0.547678 0.112289 0.829120
vn 0.188756 0.095804 0.977340
vn 0.502329 0.085319 0.860457
vn -0.003332 -0.009566 0.999949
vn -0.248233 -0.139589 0.958590
vn -0.053349 0.052922 -0.997173
vn -0.829584 0.087695 -0.551453
vn -0.834883 0.061244 -0.547009
vn -0.847524 -0.111361 0.518943
vn 0.837039 -0.435492 0.331228
vn -0.935402 -0.048584 -0.350232
vn -0.777449 -0.088690 -0.622661
vn 0.672490 0.091507 -0.734428
vn 0.300049 0.073979 -0.951051
vn 0.131786 0.046752 -0.990175
vn 0.324970 0.045348 -0.944637
vn -0.960175 0.047102 -0.275402
vn -0.700896 0.022372 -0.712913
vn -0.926058 0.005140 -0.377347
vn 0.056530 0.116440 -0.991588
vn 0.371033 0.102945 -0.922896
vn -0.019640 0.082043 -0.996435
vn 0.071513 -0.066838 0.995198
vn -0.993682 0.109535 -0.024445
vn -0.818152 0.062513 0.571593
vn -0.973626 0.046430 0.223378
vn -0.796476 0.025513 0.604131
vn -0.387572 0.121056 0.913856
vn 0.841624 0.012325 -0.539923
vn -0.573806 -0.370563 -0.730362
vn 0.826630 -0.054926 0.560059
vn 0.217896 0.068561 0.973561
vn 0.046602 -0.178807 0.982780
vn 0.392946 -0.338471 0.855003
vn -0.966755 0.142052 0.212617
vn -0.982753 0.123175 -0.137929
vn 0.381119 0.044076 0.923475
vn 0.228441 0.018944 0.973373
vn 0.995436 -0.011314 -0.094759
vn 0.990057 -0.054925 0.129502
vn -0.860335 0.111855 -0.497305
vn 0.312129 -0.140541 0.939587
vn 0.150247 0.023995 0.988357
vn 0.533009 0.055926 0.844259
vn -0.176211 0.101579 0.979097
vn 0.241819 -0.018913 0.970137
vn 0.459484 -0.052513 0.886632
vn 0.043287 0.127274 -0.990923
vn -0.431413 0.115137 -0.894777
vn 0.827935 -0.465517 -0.312757
vn 0.685162 -0.660512 0.307045
vn 0.526776 0.008314 -0.849963
vn -0.739798 -0.023777 0.672409
vn -0.920278 -0.050512 0.387991
vn -0.635053 0.097519 0.766288
vn -0.593691 0.076314 0.801067
vn 0.138582 0.120203 -0.983029
vn -0.988742 0.081255 -0.125646
vn 0.779899 0.092833 0.618982
vn 0.675632 0.067252 0.734166
vn 0.966776 0.086166 0.240665
vn 0.399092 -0.427789 -0.811001
vn 0.255551 -0.726028 -0.638418
vn 0.819260 0.133390 -0.557692
vn 0.569612 -0.096996 0.816170
vn 0.479694 0.131892 0.867466
vn -0.977739 0.144408 -0.152229
vn 0.526646 -0.636995 0.562922
vn 0.011706 -0.508494 0.860986
vn 0.009355 -0.816723 0.576954
vn 0.981490 0.143306 0.127044
vn 0.915955 0.124399 0.381512
vn 0.959059 0.058617 -0.277074
vn 0.930423 0.151128 0.333877
vn -0.598617 0.049746 0.799489
vn -0.961545 0.079215 0.262975
vn -0.322360 -0.945473 0.046533
vn 0.374365 0.127467 -0.918479
vn 0.615665 0.114629 -0.779626
vn 0.157308 -0.952976 -0.259020
vn -0.036639 -0.339572 -0.939866
vn 0.995287 0.054952 0.079899
vn -0.931092 0.125066 0.342674
vn -0.014228 -0.999857 0.009158
vn -0.607467 0.118651 0.785434
vn -0.625372 0.123641 -0.770469
vn 0.399220 0.128844 -0.907757
vn 0.177800 0.107826 -0.978141
vn 0.612927 0.119420 0.781063
vn -0.542549 -0.653933 0.527268
vn -0.976510 0.146144 0.158337
vn -0.972109 0.127682 0.196726
vn -0.248408 0.117369 0.961519
vn -0.129923 -0.018568 0.991350
vn 0.867131 0.100758 0.487783
vn 0.448143 0.105840 0.887674
vn 0.971827 0.148183 0.183285
vn -0.642813 -0.715631 0.273247
vn 0.623661 0.115112 -0.773172
vn -0.305627 0.024280 -0.951842
vn 0.145381 0.118787 -0.982219
vn -0.013324 0.112390 0.993575
vn 0.589702 -0.807515 0.013056
vn 0.846467 -0.518514 0.120981
vn 0.582953 -0.807515 0.089916
vn 0.855017 -0.518514 0.009459
vn 0.969392 -0.206521 0.132771
vn 0.978429 -0.206521 0.005105
vn 0.989213 -0.060899 0.133223
vn 0.998140 -0.060899 0.002965
vn 0.990888 0.026431 0.132069
vn 0.999649 0.026431 0.001603
vn 0.987849 0.084205 0.130632
vn 0.996448 0.084205 0.000575
vn 0.983940 0.123121 0.129242
vn 0.992392 0.123121 -0.000294
vn 0.980403 0.149797 0.127951
vn 0.988716 0.149797 -0.001112
vn 0.977395 0.169281 0.126662
vn 0.985566 0.169281 -0.001997
vn 0.974785 0.184744 0.125152
vn 0.982782 0.184744 -0.003154
vn 0.972655 0.197093 0.122871
vn 0.980371 0.197093 -0.005137
vn 0.971627 0.205453 0.117174
vn 0.978609 0.205453 -0.010651
vn 0.971889 0.210045 0.106364
vn 0.977457 0.210045 -0.021403
vn -0.994424 0.103200 -0.021703
vn -0.985196 0.098356 -0.140407
vn -0.983084 0.103200 -0.151315
vn -0.995095 0.098356 -0.010612
vn -0.986813 0.089596 -0.134803
vn -0.995966 0.089596 -0.004845
vn -0.988165 0.076697 -0.132845
vn -0.997051 0.076697 -0.002727
vn -0.989423 0.060606 -0.131794
vn -0.998161 0.060606 -0.001521
vn -0.990546 0.040443 -0.131082
vn -0.999182 0.040443 -0.000668
vn -0.991365 0.013035 -0.130481
vn -0.999915 0.013035 0.000034
vn -0.991187 -0.026550 -0.129782
vn -0.999647 -0.026550 0.000704
vn -0.988094 -0.084443 -0.128606
vn -0.996427 -0.084443 0.001467
vn -0.977346 -0.169966 -0.126118
vn -0.985447 -0.169966 0.002530
vn -0.943940 -0.307584 -0.119873
vn -0.951511 -0.307584 0.004361
vn -0.804688 -0.585636 -0.097509
vn -0.810531 -0.585636 0.008358
vn -0.556479 -0.828612 -0.061109
vn -0.559694 -0.828612 0.012049
vn 0.823434 -0.518514 0.230432
vn 0.566230 -0.807515 0.165237
vn 0.943769 -0.206521 0.258167
vn 0.963361 -0.060899 0.261201
vn 0.965172 0.026431 0.260276
vn 0.962346 0.084205 0.258455
vn 0.958653 0.123121 0.256566
vn 0.955314 0.149797 0.254825
vn 0.952500 0.169281 0.253154
vn 0.950110 0.184744 0.251316
vn 0.948296 0.197093 0.248777
vn 0.948020 0.205453 0.242994
vn 0.949691 0.210045 0.232311
vn -0.958441 0.098356 -0.267799
vn -0.954923 0.103200 -0.278339
vn -0.960776 0.089596 -0.262455
vn -0.962371 0.076697 -0.260690
vn -0.963755 0.060606 -0.259812
vn -0.964962 0.040443 -0.259252
vn -0.965853 0.013035 -0.258764
vn -0.965767 -0.026550 -0.258048
vn -0.962854 -0.084443 -0.256478
vn -0.952523 -0.169966 -0.252609
vn -0.920218 -0.307584 -0.242057
vn -0.785076 -0.585636 -0.201708
vn -0.543742 -0.828612 -0.133221
vn 0.786313 -0.518514 0.335940
vn 0.539818 -0.807515 0.237731
vn 0.901997 -0.206521 0.379145
vn 0.921026 -0.060899 0.384710
vn 0.922942 0.026431 0.384030
vn 0.920378 0.084205 0.381855
vn 0.916963 0.123121 0.379500
vn 0.913880 0.149797 0.377338
vn 0.911308 0.169281 0.375314
vn 0.909179 0.184744 0.373180
vn 0.907711 0.197093 0.370426
vn 0.908193 0.205453 0.364657
vn 0.911243 0.210045 0.354283
vn -0.915287 0.098356 -0.390610
vn -0.910423 0.103200 -0.400600
vn -0.918299 0.089596 -0.385616
vn -0.920111 0.076697 -0.384074
vn -0.921598 0.060606 -0.383385
vn -0.922868 0.040443 -0.382987
vn -0.923814 0.013035 -0.382619
vn -0.923823 -0.026550 -0.381898
vn -0.921140 -0.084443 -0.379961
vn -0.911402 -0.169966 -0.374777
vn -0.880750 -0.307584 -0.360098
vn -0.752031 -0.585636 -0.302455
vn -0.521701 -0.828612 -0.203054
vn 0.735737 -0.518514 0.435700
vn 0.504169 -0.807515 0.306158
vn 0.844792 -0.206521 0.493635
vn 0.862932 -0.060899 0.501637
vn 0.864920 0.026431 0.501213
vn 0.862662 0.084205 0.498722
vn 0.859583 0.123121 0.495941
vn 0.856809 0.149797 0.493395
vn 0.854524 0.169281 0.491053
vn 0.852691 0.184744 0.488659
vn 0.851595 0.197093 0.485737
vn 0.852826 0.205453 0.480080
vn 0.857204 0.210045 0.470193
vn -0.856472 0.098356 -0.506737
vn -0.850345 0.103200 -0.516007
vn -0.860110 0.089596 -0.502179
vn -0.862108 0.076697 -0.500887
vn -0.863672 0.060606 -0.500397
vn -0.864983 0.040443 -0.500169
vn -0.865969 0.013035 -0.499928
vn -0.866072 -0.026550 -0.499214
vn -0.863665 -0.084443 -0.496943
vn -0.854687 -0.169966 -0.490532
vn -0.826213 -0.307584 -0.471979
vn -0.706119 -0.585636 -0.398027
vn -0.490734 -0.828612 -0.269413
vn 0.672572 -0.518514 0.528006
vn 0.459894 -0.807515 0.369346
vn 0.773132 -0.206521 0.599680
vn 0.790073 -0.060899 0.609981
vn 0.792100 0.026431 0.609819
vn 0.790186 0.084205 0.607055
vn 0.787496 0.123121 0.603897
vn 0.785078 0.149797 0.601010
vn 0.783118 0.169281 0.598390
vn 0.781613 0.184744 0.595777
vn 0.780908 0.197093 0.592737
vn 0.782867 0.205453 0.587289
vn 0.788498 0.210045 0.578058
vn -0.783002 0.098356 -0.614194
vn -0.775718 0.103200 -0.622585
vn -0.787204 0.089596 -0.610150
vn -0.789353 0.076697 -0.609130
vn -0.790968 0.060606 -0.608848
vn -0.792298 0.040443 -0.608793
vn -0.793307 0.013035 -0.608682
vn -0.793502 -0.026550 -0.607988
vn -0.791412 -0.084443 -0.605423
vn -0.783347 -0.169966 -0.597895
vn -0.757539 -0.307584 -0.575783
vn -0.648125 -0.585636 -0.486789
vn -0.451370 -0.828612 -0.331161
vn 0.597899 -0.518514 0.611277
vn 0.407751 -0.807515 0.426214
vn 0.688244 -0.206521 0.695463
vn 0.703695 -0.060899 0.707888
vn 0.705726 0.026431 0.707992
vn 0.704189 0.084205 0.705002
vn 0.701935 0.123121 0.701519
vn 0.699914 0.149797 0.698342
vn 0.698312 0.169281 0.695488
vn 0.697162 0.184744 0.692701
vn 0.696860 0.197093 0.689595
vn 0.699513 0.205453 0.684449
vn 0.706301 0.210045 0.676033
vn -0.696135 0.098356 -0.711142
vn -0.687818 0.103200 -0.718510
vn -0.700829 0.089596 -0.707681
vn -0.703093 0.076697 -0.706950
vn -0.704731 0.060606 -0.706882
vn -0.706056 0.040443 -0.707000
vn -0.707071 0.013035 -0.707022
vn -0.707355 -0.026550 -0.706359
vn -0.705617 -0.084443 -0.703543
vn -0.698605 -0.169966 -0.695027
vn -0.675903 -0.307584 -0.669736
vn -0.579042 -0.585636 -0.567222
vn -0.404283 -0.828612 -0.387244
vn 0.512997 -0.518514 0.684089
vn 0.348630 -0.807515 0.475790
vn 0.591580 -0.206521 0.779347
vn 0.605277 -0.060899 0.793682
vn 0.607277 0.026431 0.794051
vn 0.606143 0.084205 0.790885
vn 0.604363 0.123121 0.787138
vn 0.602774 0.149797 0.783724
vn 0.601559 0.169281 0.780686
vn 0.600782 0.184744 0.777773
vn 0.600888 0.197093 0.774654
vn 0.604190 0.205453 0.769899
vn 0.612018 0.210045 0.762440
vn -0.597357 0.098356 -0.795922
vn -0.588149 0.103200 -0.802141
vn -0.602462 0.089596 -0.793103
vn -0.604802 0.076697 -0.792674
vn -0.606435 0.060606 -0.792820
vn -0.607733 0.040443 -0.793111
vn -0.608737 0.013035 -0.793265
vn -0.609105 -0.026550 -0.792645
vn -0.607750 -0.084443 -0.789626
vn -0.601909 -0.169966 -0.780267
vn -0.582703 -0.307584 -0.752229
vn -0.500051 -0.585636 -0.637949
vn -0.350279 -0.828612 -0.436700
vn 0.419316 -0.518514 0.745196
vn 0.283544 -0.807515 0.517225
vn 0.484794 -0.206521 0.849897
vn 0.496502 -0.060899 0.865897
vn 0.498437 0.026431 0.866523
vn 0.497726 0.084205 0.863237
vn 0.496450 0.123121 0.859289
vn 0.495321 0.149797 0.855697
vn 0.494513 0.169281 0.852526
vn 0.494122 0.184744 0.849537
vn 0.494635 0.197093 0.846458
vn 0.498529 0.205453 0.842175
vn 0.507264 0.210045 0.835802
vn -0.488357 0.098356 -0.867083
vn -0.478417 0.103200 -0.872048
vn -0.493787 0.089596 -0.864955
vn -0.496164 0.076697 -0.864835
vn -0.497763 0.060606 -0.865193
vn -0.499012 0.040443 -0.865651
vn -0.499987 0.013035 -0.865935
vn -0.500433 -0.026550 -0.865368
vn -0.499484 -0.084443 -0.862198
vn -0.494914 -0.169966 -0.852157
vn -0.479532 -0.307584 -0.821852
vn -0.412504 -0.585636 -0.697761
vn -0.290282 -0.828612 -0.478685
vn 0.318461 -0.518514 0.793552
vn 0.213607 -0.807515 0.549810
vn 0.369713 -0.206521 0.905904
vn 0.379232 -0.060899 0.923295
vn 0.381069 0.026431 0.924169
vn 0.380793 0.084205 0.920818
vn 0.380043 0.123121 0.916738
vn 0.379393 0.149797 0.913029
vn 0.379005 0.169281 0.909780
vn 0.379008 0.184744 0.906765
vn 0.379918 0.197093 0.903779
vn 0.384338 0.205453 0.900041
vn 0.393830 0.210045 0.894862
vn -0.371002 0.098356 -0.923409
vn -0.360499 0.103200 -0.927033
vn -0.376664 0.089596 -0.922007
vn -0.379035 0.076697 -0.922198
vn -0.380574 0.060606 -0.922762
vn -0.381753 0.040443 -0.923379
vn -0.382683 0.013035 -0.923788
vn -0.383199 -0.026550 -0.923284
vn -0.382671 -0.084443 -0.920017
vn -0.379451 -0.169966 -0.909466
vn -0.368157 -0.307584 -0.877412
vn -0.317899 -0.585636 -0.745634
vn -0.225317 -0.828612 -0.512479
vn 0.212158 -0.518514 0.828331
vn 0.140015 -0.807515 0.572988
vn 0.248305 -0.206521 0.946411
vn 0.255474 -0.060899 0.964896
vn 0.257180 0.026431 0.966002
vn 0.257345 0.084205 0.962644
vn 0.257134 0.123121 0.958501
vn 0.256973 0.149797 0.954739
vn 0.257012 0.169281 0.951467
vn 0.257409 0.184744 0.948478
vn 0.258701 0.197093 0.945636
vn 0.263571 0.205453 0.942507
vn 0.273658 0.210045 0.938612
vn -0.247299 0.098356 -0.963934
vn -0.236413 0.103200 -0.966157
vn -0.253095 0.089596 -0.963284
vn -0.255422 0.076697 -0.963783
vn -0.256874 0.060606 -0.964543
vn -0.257962 0.040443 -0.965308
vn -0.258830 0.013035 -0.965835
vn -0.259408 -0.026550 -0.965403
vn -0.259311 -0.084443 -0.962095
vn -0.257496 -0.169966 -0.951214
vn -0.250482 -0.307584 -0.917960
vn -0.217854 -0.585636 -0.780750
vn -0.156498 -0.828612 -0.537505
vn 0.102224 -0.518514 0.848937
vn 0.064027 -0.807515 0.586361
vn 0.122650 -0.206521 0.970725
vn 0.127344 -0.060899 0.989987
vn 0.128892 0.026431 0.991306
vn 0.129493 0.084205 0.987999
vn 0.129824 0.123121 0.983863
vn 0.130156 0.149797 0.980112
vn 0.130622 0.169281 0.976873
vn 0.131406 0.184744 0.973962
vn 0.133057 0.197093 0.971314
vn 0.138294 0.205453 0.968847
vn 0.148803 0.210045 0.966301
vn -0.119365 0.098356 -0.987967
vn -0.108281 0.103200 -0.988749
vn -0.125196 0.089596 -0.988078
vn -0.127437 0.076697 -0.988877
vn -0.128778 0.060606 -0.989820
vn -0.129757 0.040443 -0.990721
vn -0.130549 0.013035 -0.991356
vn -0.131178 -0.026550 -0.991003
vn -0.131514 -0.084443 -0.987711
vn -0.131135 -0.169966 -0.976686
vn -0.128521 -0.307584 -0.942801
vn -0.114082 -0.585636 -0.802506
vn -0.085001 -0.828612 -0.553333
vn -0.009459 -0.518514 0.855017
vn -0.013056 -0.807515 0.589702
vn -0.005105 -0.206521 0.978429
vn -0.002965 -0.060899 0.998140
vn -0.001603 0.026431 0.999649
vn -0.000575 0.084205 0.996448
vn 0.000294 0.123121 0.992392
vn 0.001112 0.149797 0.988716
vn 0.001997 0.169281 0.985566
vn 0.003154 0.184744 0.982782
vn 0.005137 0.197093 0.980371
vn 0.010651 0.205453 0.978609
vn 0.021403 0.210045 0.977457
vn 0.010612 0.098356 -0.995095
vn 0.021703 0.103200 -0.994424
vn 0.004845 0.089596 -0.995966
vn 0.002727 0.076697 -0.997051
vn 0.001521 0.060606 -0.998161
vn 0.000668 0.040443 -0.999182
vn -0.000034 0.013035 -0.999915
vn -0.000704 -0.026550 -0.999647
vn -0.001467 -0.084443 -0.996427
vn -0.002530 -0.169966 -0.985447
vn -0.004361 -0.307584 -0.951511
vn -0.008358 -0.585636 -0.810531
vn -0.012049 -0.828612 -0.559694
vn -0.120981 -0.518514 0.846467
vn -0.089916 -0.807515 0.582953
vn -0.132771 -0.206521 0.969392
vn -0.133223 -0.060899 0.989213
vn -0.132069 0.026431 0.990888
vn -0.130632 0.084205 0.987849
vn -0.129242 0.123121 0.983940
vn -0.127951 0.149797 0.980403
vn -0.126662 0.169281 0.977395
vn -0.125152 0.184744 0.974785
vn -0.122871 0.197093 0.972655
vn -0.117174 0.205453 0.971627
vn -0.106364 0.210045 0.971889
vn 0.140407 0.098356 -0.985196
vn 0.151315 0.103200 -0.983084
vn 0.134803 0.089596 -0.986813
vn 0.132845 0.076697 -0.988165
vn 0.131794 0.060606 -0.989423
vn 0.131082 0.040443 -0.990546
vn 0.130481 0.013035 -0.991365
vn 0.129782 -0.026550 -0.991187
vn 0.128606 -0.084443 -0.988094
vn 0.126118 -0.169966 -0.977346
vn 0.119873 -0.307584 -0.943940
vn 0.097509 -0.585636 -0.804688
vn 0.061109 -0.828612 -0.556479
vn -0.230432 -0.518514 0.823434
vn -0.165237 -0.807515 0.566230
vn -0.258167 -0.206521 0.943769
vn -0.261201 -0.060899 0.963361
vn -0.260276 0.026431 0.965172
vn -0.258455 0.084205 0.962346
vn -0.256566 0.123121 0.958653
vn -0.254825 0.149797 0.955314
vn -0.253154 0.169281 0.952500
vn -0.251316 0.184744 0.950110
vn -0.248777 0.197093 0.948296
vn -0.242994 0.205453 0.948020
vn -0.232311 0.210045 0.949691
vn 0.267799 0.098356 -0.958441
vn 0.278339 0.103200 -0.954923
vn 0.262455 0.089596 -0.960776
vn 0.260690 0.076697 -0.962371
vn 0.259812 0.060606 -0.963755
vn 0.259252 0.040443 -0.964962
vn 0.258764 0.013035 -0.965853
vn 0.258048 -0.026550 -0.965767
vn 0.256478 -0.084443 -0.962854
vn 0.252609 -0.169966 -0.952523
vn 0.242057 -0.307584 -0.920218
vn 0.201708 -0.585636 -0.785076
vn 0.133221 -0.828612 -0.543742
vn -0.335940 -0.518514 0.786313
vn -0.237731 -0.807515 0.539818
vn -0.379145 -0.206521 0.901997
vn -0.384710 -0.060899 0.921026
vn -0.384030 0.026431 0.922942
vn -0.381855 0.084205 0.920378
vn -0.379500 0.123121 0.916963
vn -0.377338 0.149797 0.913880
vn -0.375314 0.169281 0.911308
vn -0.373180 0.184744 0.909179
vn -0.370426 0.197093 0.907711
vn -0.364657 0.205453 0.908193
vn -0.354283 0.210045 0.911243
vn 0.390610 0.098356 -0.915287
vn 0.400600 0.103200 -0.910423
vn 0.385616 0.089596 -0.918299
vn 0.384074 0.076697 -0.920111
vn 0.383385 0.060606 -0.921598
vn 0.382987 0.040443 -0.922868
vn 0.382619 0.013035 -0.923814
vn 0.381898 -0.026550 -0.923823
vn 0.379961 -0.084443 -0.921140
vn 0.374777 -0.169966 -0.911402
vn 0.360098 -0.307584 -0.880750
vn 0.302455 -0.585636 -0.752031
vn 0.203054 -0.828612 -0.521701
vn -0.435700 -0.518514 0.735737
vn -0.306158 -0.807515 0.504169
vn -0.493635 -0.206521 0.844792
vn -0.501637 -0.060899 0.862932
vn -0.501213 0.026431 0.864920
vn -0.498722 0.084205 0.862662
vn -0.495941 0.123121 0.859583
vn -0.493395 0.149797 0.856809
vn -0.491053 0.169281 0.854524
vn -0.488659 0.184744 0.852691
vn -0.485737 0.197093 0.851595
vn -0.480080 0.205453 0.852826
vn -0.470193 0.210045 0.857204
vn 0.506737 0.098356 -0.856472
vn 0.516007 0.103200 -0.850345
vn 0.502179 0.089596 -0.860110
vn 0.500887 0.076697 -0.862108
vn 0.500397 0.060606 -0.863672
vn 0.500169 0.040443 -0.864983
vn 0.499928 0.013035 -0.865969
vn 0.499214 -0.026550 -0.866072
vn 0.496943 -0.084443 -0.863665
vn 0.490532 -0.169966 -0.854687
vn 0.471979 -0.307584 -0.826213
vn 0.398027 -0.585636 -0.706119
vn 0.269413 -0.828612 -0.490734
vn -0.528006 -0.518514 0.672572
vn -0.369346 -0.807515 0.459894
vn -0.599680 -0.206521 0.773132
vn -0.609981 -0.060899 0.790073
vn -0.609819 0.026431 0.792100
vn -0.607055 0.084205 0.790186
vn -0.603897 0.123121 0.787496
vn -0.601010 0.149797 0.785078
vn -0.598390 0.169281 0.783118
vn -0.595777 0.184744 0.781613
vn -0.592737 0.197093 0.780908
vn -0.587289 0.205453 0.782867
vn -0.578058 0.210045 0.788498
vn 0.614194 0.098356 -0.783002
vn 0.622585 0.103200 -0.775718
vn 0.610150 0.089596 -0.787204
vn 0.609130 0.076697 -0.789353
vn 0.608848 0.060606 -0.790968
vn 0.608793 0.040443 -0.792298
vn 0.608682 0.013035 -0.793307
vn 0.607988 -0.026550 -0.793502
vn 0.605423 -0.084443 -0.791412
vn 0.597895 -0.169966 -0.783347
vn 0.575783 -0.307584 -0.757539
vn 0.486789 -0.585636 -0.648125
vn 0.331161 -0.828612 -0.451370
vn -0.611277 -0.518514 0.597899
vn -0.426214 -0.807515 0.407751
vn -0.695463 -0.206521 0.688244
vn -0.707888 -0.060899 0.703695
vn -0.707992 0.026431 0.705726
vn -0.705002 0.084205 0.704189
vn -0.701519 0.123121 0.701935
vn -0.698342 0.149797 0.699914
vn -0.695488 0.169281 0.698312
vn -0.692701 0.184744 0.697162
vn -0.689595 0.197093 0.696860
vn -0.684449 0.205453 0.699513
vn -0.676033 0.210045 0.706301
vn 0.711142 0.098356 -0.696135
vn 0.718510 0.103200 -0.687818
vn 0.707681 0.089596 -0.700829
vn 0.706950 0.076697 -0.703093
vn 0.706882 0.060606 -0.704731
vn 0.707000 0.040443 -0.706056
vn 0.707022 0.013035 -0.707071
vn 0.706359 -0.026550 -0.707355
vn 0.703543 -0.084443 -0.705617
vn 0.695027 -0.169966 -0.698605
vn 0.669736 -0.307584 -0.675903
vn 0.567222 -0.585636 -0.579042
vn 0.387244 -0.828612 -0.404283
vn -0.684089 -0.518514 0.512997
vn -0.475790 -0.807515 0.348630
vn -0.779347 -0.206521 0.591580
vn -0.793682 -0.060899 0.605277
vn -0.794051 0.026431 0.607277
vn -0.790885 0.084205 0.606143
vn -0.787138 0.123121 0.604363
vn -0.783724 0.149797 0.602774
vn -0.780686 0.169281 0.601559
vn -0.777773 0.184744 0.600782
vn -0.774654 0.197093 0.600888
vn -0.769899 0.205453 0.604190
vn -0.762440 0.210045 0.612018
vn 0.795922 0.098356 -0.597357
vn 0.802141 0.103200 -0.588149
vn 0.793103 0.089596 -0.602462
vn 0.792674 0.076697 -0.604802
vn 0.792820 0.060606 -0.606435
vn 0.793111 0.040443 -0.607733
vn 0.793265 0.013035 -0.608737
vn 0.792645 -0.026550 -0.609105
vn 0.789626 -0.084443 -0.607750
vn 0.780267 -0.169966 -0.601909
vn 0.752229 -0.307584 -0.582703
vn 0.637949 -0.585636 -0.500051
vn 0.436700 -0.828612 -0.350279
vn -0.745196 -0.518514 0.419316
vn -0.517225 -0.807515 0.283544
vn -0.849897 -0.206521 0.484794
vn -0.865897 -0.060899 0.496502
vn -0.866523 0.026431 0.498437
vn -0.863237 0.084205 0.497726
vn -0.859289 0.123121 0.496450
vn -0.855697 0.149797 0.495321
vn -0.852526 0.169281 0.494513
vn -0.849537 0.184744 0.494122
vn -0.846458 0.197093 0.494635
vn -0.842175 0.205453 0.498529
vn -0.835802 0.210045 0.507264
vn 0.867083 0.098356 -0.488357
vn 0.872048 0.103200 -0.478417
vn 0.864955 0.089596 -0.493787
vn 0.864835 0.076697 -0.496164
vn 0.865193 0.060606 -0.497763
vn 0.865651 0.040443 -0.499012
vn 0.865935 0.013035 -0.499987
vn 0.865368 -0.026550 -0.500433
vn 0.862198 -0.084443 -0.499484
vn 0.852157 -0.169966 -0.494914
vn 0.821852 -0.307584 -0.479532
vn 0.697761 -0.585636 -0.412504
vn 0.478685 -0.828612 -0.290282
vn -0.793552 -0.518514 0.318461
vn -0.549810 -0.807515 0.213607
vn -0.905904 -0.206521 0.369713
vn -0.923295 -0.060899 0.379232
vn -0.924169 0.026431 0.381069
vn -0.920818 0.084205 0.380793
vn -0.916738 0.123121 0.380043
vn -0.913029 0.149797 0.379393
vn -0.909780 0.169281 0.379005
vn -0.906765 0.184744 0.379008
vn -0.903779 0.197093 0.379918
vn -0.900041 0.205453 0.384338
vn -0.894862 0.210045 0.393830
vn 0.923409 0.098356 -0.371002
vn 0.927033 0.103200 -0.360499
vn 0.922007 0.089596 -0.376664
vn 0.922198 0.076697 -0.379035
vn 0.922762 0.060606 -0.380574
vn 0.923379 0.040443 -0.381753
vn 0.923788 0.013035 -0.382683
vn 0.923284 -0.026550 -0.383199
vn 0.920017 -0.084443 -0.382671
vn 0.909466 -0.169966 -0.379451
vn 0.877412 -0.307584 -0.368157
vn 0.745634 -0.585636 -0.317899
vn 0.512479 -0.828612 -0.225317
vn -0.828331 -0.518514 0.212158
vn -0.572988 -0.807515 0.140015
vn -0.946411 -0.206521 0.248305
vn -0.964896 -0.060899 0.255474
vn -0.966002 0.026431 0.257180
vn -0.962644 0.084205 0.257345
vn -0.958501 0.123121 0.257134
vn -0.954739 0.149797 0.256973
vn -0.951467 0.169281 0.257012
vn -0.948478 0.184744 0.257409
vn -0.945636 0.197093 0.258701
vn -0.942507 0.205453 0.263571
vn -0.938612 0.210045 0.273658
vn 0.963934 0.098356 -0.247299
vn 0.966157 0.103200 -0.236413
vn 0.963284 0.089596 -0.253095
vn 0.963783 0.076697 -0.255422
vn 0.964543 0.060606 -0.256874
vn 0.965308 0.040443 -0.257962
vn 0.965835 0.013035 -0.258830
vn 0.965403 -0.026550 -0.259408
vn 0.962095 -0.084443 -0.259311
vn 0.951214 -0.169966 -0.257496
vn 0.917960 -0.307584 -0.250482
vn 0.780750 -0.585636 -0.217854
vn 0.537505 -0.828612 -0.156498
vn -0.848937 -0.518514 0.102224
vn -0.586361 -0.807515 0.064027
vn -0.970725 -0.206521 0.122650
vn -0.989987 -0.060899 0.127344
vn -0.991306 0.026431 0.128892
vn -0.987999 0.084205 0.129493
vn -0.983863 0.123121 0.129824
vn -0.980112 0.149797 0.130156
vn -0.976873 0.169281 0.130622
vn -0.973962 0.184744 0.131406
vn -0.971314 0.197093 0.133057
vn -0.968847 0.205453 0.138294
vn -0.966301 0.210045 0.148803
vn 0.987967 0.098356 -0.119365
vn 0.988749 0.103200 -0.108281
vn 0.988078 0.089596 -0.125196
vn 0.988877 0.076697 -0.127437
vn 0.989820 0.060606 -0.128778
vn 0.990721 0.040443 -0.129757
vn 0.991356 0.013035 -0.130549
vn 0.991003 -0.026550 -0.131178
vn 0.987711 -0.084443 -0.131514
vn 0.976686 -0.169966 -0.131135
vn 0.942801 -0.307584 -0.128521
vn 0.802506 -0.585636 -0.114082
vn 0.553333 -0.828612 -0.085001
vn -0.855017 -0.518514 -0.009459
vn -0.589702 -0.807515 -0.013056
vn -0.978429 -0.206521 -0.005105
vn -0.998140 -0.060899 -0.002965
vn -0.999649 0.026431 -0.001603
vn -0.996448 0.084205 -0.000575
vn -0.992392 0.123121 0.000294
vn -0.988716 0.149797 0.001112
vn -0.985566 0.169281 0.001997
vn -0.982782 0.184744 0.003154
vn -0.980371 0.197093 0.005137
vn -0.978609 0.205453 0.010651
vn -0.977457 0.210045 0.021403
vn 0.995095 0.098356 0.010612
vn 0.994424 0.103200 0.021703
vn 0.995966 0.089596 0.004845
vn 0.997051 0.076697 0.002727
vn 0.998161 0.060606 0.001521
vn 0.999182 0.040443 0.000668
vn 0.999915 0.013035 -0.000034
vn 0.999647 -0.026550 -0.000704
vn 0.996427 -0.084443 -0.001467
vn 0.985447 -0.169966 -0.002530
vn 0.951511 -0.307584 -0.004361
vn 0.810531 -0.585636 -0.008358
vn 0.559694 -0.828612 -0.012049
vn -0.846467 -0.518514 -0.120981
vn -0.582953 -0.807515 -0.089916
vn -0.969392 -0.206521 -0.132771
vn -0.989213 -0.060899 -0.133223
vn -0.990888 0.026431 -0.132069
vn -0.987849 0.084205 -0.130632
vn -0.983940 0.123121 -0.129242
vn -0.980403 0.149797 -0.127951
vn -0.977395 0.169281 -0.126662
vn -0.974785 0.184744 -0.125152
vn -0.972655 0.197093 -0.122871
vn -0.971627 0.205453 -0.117174
vn -0.971889 0.210045 -0.106364
vn 0.985196 0.098356 0.140407
vn 0.983084 0.103200 0.151315
vn 0.986813 0.089596 0.134803
vn 0.988165 0.076697 0.132845
vn 0.989423 0.060606 0.131794
vn 0.990546 0.040443 0.131082
vn 0.991365 0.013035 0.130481
vn 0.991187 -0.026550 0.129782
vn 0.988094 -0.084443 0.128606
vn 0.977346 -0.169966 0.126118
vn 0.943940 -0.307584 0.119873
vn 0.804688 -0.585636 0.097509
vn 0.556479 -0.828612 0.061109
vn -0.823434 -0.518514 -0.230432
vn -0.566230 -0.807515 -0.165237
vn -0.943769 -0.206521 -0.258167
vn -0.963361 -0.060899 -0.261201
vn -0.965172 0.026431 -0.260276
vn -0.962346 0.084205 -0.258455
vn -0.958653 0.123121 -0.256566
vn -0.955314 0.149797 -0.254825
vn -0.952500 0.169281 -0.253154
vn -0.950110 0.184744 -0.251316
vn -0.948296 0.197093 -0.248777
vn -0.948020 0.205453 -0.242994
vn -0.949691 0.210045 -0.232311
vn 0.958441 0.098356 0.267799
vn 0.954923 0.103200 0.278339
vn 0.960776 0.089596 0.262455
vn 0.962371 0.076697 0.260690
vn 0.963755 0.060606 0.259812
vn 0.964962 0.040443 0.259252
vn 0.965853 0.013035 0.258764
vn 0.965767 -0.026550 0.258048
vn 0.962854 -0.084443 0.256478
vn 0.952523 -0.169966 0.252609
vn 0.920218 -0.307584 0.242057
vn 0.785076 -0.585636 0.201708
vn 0.543742 -0.828612 0.133221
vn -0.786313 -0.518514 -0.335940
vn -0.539818 -0.807515 -0.237731
vn -0.901997 -0.206521 -0.379145
vn -0.921026 -0.060899 -0.384710
vn -0.922942 0.026431 -0.384030
vn -0.920378 0.084205 -0.381855
vn -0.916963 0.123121 -0.379500
vn -0.913880 0.149797 -0.377338
vn -0.911308 0.169281 -0.375314
vn -0.909179 0.184744 -0.373180
vn -0.907711 0.197093 -0.370426
vn -0.908193 0.205453 -0.364657
vn -0.911243 0.210045 -0.354283
vn 0.915287 0.098356 0.390610
vn 0.910423 0.103200 0.400600
vn 0.918299 0.089596 0.385616
vn 0.920111 0.076697 0.384074
vn 0.921598 0.060606 0.383385
vn 0.922868 0.040443 0.382987
vn 0.923814 0.013035 0.382619
vn 0.923823 -0.026550 0.381898
vn 0.921140 -0.084443 0.379961
vn 0.911402 -0.169966 0.374777
vn 0.880750 -0.307584 0.360098
vn 0.752031 -0.585636 0.302455
vn 0.521701 -0.828612 0.203054
vn -0.735737 -0.518514 -0.435700
vn -0.504169 -0.807515 -0.306158
vn -0.844792 -0.206521 -0.493635
vn -0.862932 -0.060899 -0.501637
vn -0.864920 0.026431 -0.501213
vn -0.862662 0.084205 -0.498722
vn -0.859583 0.123121 -0.495941
vn -0.856809 0.149797 -0.493395
vn -0.854524 0.169281 -0.491053
vn -0.852691 0.184744 -0.488659
vn -0.851595 0.197093 -0.485737
vn -0.852826 0.205453 -0.480080
vn -0.857204 0.210045 -0.470193
vn 0.856472 0.098356 0.506737
vn 0.850345 0.103200 0.516007
vn 0.860110 0.089596 0.502179
vn 0.862108 0.076697 0.500887
vn 0.863672 0.060606 0.500397
vn 0.864983 0.040443 0.500169
vn 0.865969 0.013035 0.499928
vn 0.866072 -0.026550 0.499214
vn 0.863665 -0.084443 0.496943
vn 0.854687 -0.169966 0.490532
vn 0.826213 -0.307584 0.471979
vn 0.706119 -0.585636 0.398027
vn 0.490734 -0.828612 0.269413
vn -0.672572 -0.518514 -0.528006
vn -0.459894 -0.807515 -0.369346
vn -0.773132 -0.206521 -0.599680
vn -0.790073 -0.060899 -0.609981
vn -0.792100 0.026431 -0.609819
vn -0.790186 0.084205 -0.607055
vn -0.787496 0.123121 -0.603897
vn -0.785078 0.149797 -0.601010
vn -0.783118 0.169281 -0.598390
vn -0.781613 0.184744 -0.595777
vn -0.780908 0.197093 -0.592737
vn -0.782867 0.205453 -0.587289
vn -0.788498 0.210045 -0.578058
vn 0.783002 0.098356 0.614194
vn 0.775718 0.103200 0.622585
vn 0.787204 0.089596 0.610150
vn 0.789353 0.076697 0.609130
vn 0.790968 0.060606 0.608848
vn 0.792298 0.040443 0.608793
vn 0.793307 0.013035 0.608682
vn 0.793502 -0.026550 0.607988
vn 0.791412 -0.084443 0.605423
vn 0.783347 -0.169966 0.597895
vn 0.757539 -0.307584 0.575783
vn 0.648125 -0.585636 0.486789
vn 0.451370 -0.828612 0.331161
vn -0.597899 -0.518514 -0.611277
vn -0.407751 -0.807515 -0.426214
vn -0.688244 -0.206521 -0.695463
vn -0.703695 -0.060899 -0.707888
vn -0.705726 0.026431 -0.707992
vn -0.704189 0.084205 -0.705002
vn -0.701935 0.123121 -0.701519
vn -0.699914 0.149797 -0.698342
vn -0.698312 0.169281 -0.695488
vn -0.697162 0.184744 -0.692701
vn -0.696860 0.197093 -0.689595
vn -0.699513 0.205453 -0.684449
vn -0.706301 0.210045 -0.676033
vn 0.696135 0.098356 0.711142
vn 0.687818 0.103200 0.718510
vn 0.700829 0.089596 0.707681
vn 0.703093 0.076697 0.706950
vn 0.704731 0.060606 0.706882
vn 0.706056 0.040443 0.707000
vn 0.707071 0.013035 0.707022
vn 0.707355 -0.026550 0.706359
vn 0.705617 -0.084443 0.703543
vn 0.698605 -0.169966 0.695027
vn 0.675903 -0.307584 0.669736
vn 0.579042 -0.585636 0.567222
vn 0.404283 -0.828612 0.387244
vn -0.512997 -0.518514 -0.684089
vn -0.348630 -0.807515 -0.475790
vn -0.591580 -0.206521 -0.779347
vn -0.605277 -0.060899 -0.793682
vn -0.607277 0.026431 -0.794051
vn -0.606143 0.084205 -0.790885
vn -0.604363 0.123121 -0.787138
vn -0.602774 0.149797 -0.783724
vn -0.601559 0.169281 -0.780686
vn -0.600782 0.184744 -0.777773
vn -0.600888 0.197093 -0.774654
vn -0.604190 0.205453 -0.769899
vn -0.612018 0.210045 -0.762440
vn 0.597357 0.098356 0.795922
vn 0.588149 0.103200 0.802141
vn 0.602462 0.089596 0.793103
vn 0.604802 0.076697 0.792674
vn 0.606435 0.060606 0.792820
vn 0.607733 0.040443 0.793111
vn 0.608737 0.013035 0.793265
vn 0.609105 -0.026550 0.792645
vn 0.607750 -0.084443 0.789626
vn 0.601909 -0.169966 0.780267
vn 0.582703 -0.307584 0.752229
vn 0.500051 -0.585636 0.637949
vn 0.350279 -0.828612 0.436700
vn -0.419316 -0.518514 -0.745196
vn -0.283544 -0.807515 -0.517225
vn -0.484794 -0.206521 -0.849897
vn -0.496502 -0.060899 -0.865897
vn -0.498437 0.026431 -0.866523
vn -0.497726 0.084205 -0.863237
vn -0.496450 0.123121 -0.859289
vn -0.495321 0.149797 -0.855697
vn -0.494513 0.169281 -0.852526
vn -0.494122 0.184744 -0.849537
vn -0.494635 0.197093 -0.846458
vn -0.498529 0.205453 -0.842175
vn -0.507264 0.210045 -0.835802
vn 0.488357 0.098356 0.867083
vn 0.478417 0.103200 0.872048
vn 0.493787 0.089596 0.864955
vn 0.496164 0.076697 0.864835
vn 0.497763 0.060606 0.865193
vn 0.499012 0.040443 0.865651
vn 0.499987 0.013035 0.865935
vn 0.500433 -0.026550 0.865368
vn 0.499484 -0.084443 0.862198
vn 0.494914 -0.169966 0.852157
vn 0.479532 -0.307584 0.821852
vn 0.412504 -0.585636 0.697761
vn 0.290282 -0.828612 0.478685
vn -0.318461 -0.518514 -0.793552
vn -0.213607 -0.807515 -0.549810
vn -0.369713 -0.206521 -0.905904
vn -0.379232 -0.060899 -0.923295
vn -0.381069 0.026431 -0.924169
vn -0.380793 0.084205 -0.920818
vn -0.380043 0.123121 -0.916738
vn -0.379393 0.149797 -0.913029
vn -0.379005 0.169281 -0.909780
vn -0.379008 0.184744 -0.906765
vn -0.379918 0.197093 -0.903779
vn -0.384338 0.205453 -0.900041
vn -0.393830 0.210045 -0.894862
vn 0.371002 0.098356 0.923409
vn 0.360499 0.103200 0.927033
vn 0.376664 0.089596 0.922007
vn 0.379035 0.076697 0.922198
vn 0.380574 0.060606 0.922762
vn 0.381753 0.040443 0.923379
vn 0.382683 0.013035 0.923788
vn 0.383199 -0.026550 0.923284
vn 0.382671 -0.084443 0.920017
vn 0.379451 -0.169966 0.909466
vn 0.368157 -0.307584 0.877412
vn 0.317899 -0.585636 0.745634
vn 0.225317 -0.828612 0.512479
vn -0.212158 -0.518514 -0.828331
vn -0.140015 -0.807515 -0.572988
vn -0.248305 -0.206521 -0.946411
vn -0.255474 -0.060899 -0.964896
vn -0.257180 0.026431 -0.966002
vn -0.257345 0.084205 -0.962644
vn -0.257134 0.123121 -0.958501
vn -0.256973 0.149797 -0.954739
vn -0.257012 0.169281 -0.951467
vn -0.257409 0.184744 -0.948478
vn -0.258701 0.197093 -0.945636
vn -0.263571 0.205453 -0.942507
vn -0.273658 0.210045 -0.938612
vn 0.247299 0.098356 0.963934
vn 0.236413 0.103200 0.966157
vn 0.253095 0.089596 0.963284
vn 0.255422 0.076697 0.963783
vn 0.256874 0.060606 0.964543
vn 0.257962 0.040443 0.965308
vn 0.258830 0.013035 0.965835
vn 0.259408 -0.026550 0.965403
vn 0.259311 -0.084443 0.962095
vn 0.257496 -0.169966 0.951214
vn 0.250482 -0.307584 0.917960
vn 0.217854 -0.585636 0.780750
vn 0.156498 -0.828612 0.537505
vn -0.102224 -0.518514 -0.848937
vn -0.064027 -0.807515 -0.586361
vn -0.122650 -0.206521 -0.970725
vn -0.127344 -0.060899 -0.989987
vn -0.128892 0.026431 -0.991306
vn -0.129493 0.084205 -0.987999
vn -0.129824 0.123121 -0.983863
vn -0.130156 0.149797 -0.980112
vn -0.130622 0.169281 -0.976873
vn -0.131406 0.184744 -0.973962
vn -0.133057 0.197093 -0.971314
vn -0.138294 0.205453 -0.968847
vn -0.148803 0.210045 -0.966301
vn 0.119365 0.098356 0.987967
vn 0.108281 0.103200 0.988749
vn 0.125196 0.089596 0.988078
vn 0.127437 0.076697 0.988877
vn 0.128778 0.060606 0.989820
vn 0.129757 0.040443 0.990721
vn 0.130549 0.013035 0.991356
vn 0.131178 -0.026550 0.991003
vn 0.131514 -0.084443 0.987711
vn 0.131135 -0.169966 0.976686
vn 0.128521 -0.307584 0.942801
vn 0.114082 -0.585636 0.802506
vn 0.085001 -0.828612 0.553333
vn 0.009459 -0.518514 -0.855017
vn 0.013056 -0.807515 -0.589702
vn 0.005105 -0.206521 -0.978429
vn 0.002965 -0.060899 -0.998140
vn 0.001603 0.026431 -0.999649
vn 0.000575 0.084205 -0.996448
vn -0.000294 0.123121 -0.992392
vn -0.001112 0.149797 -0.988716
vn -0.001997 0.169281 -0.985566
vn -0.003154 0.184744 -0.982782
vn -0.005137 0.197093 -0.980371
vn -0.010651 0.205453 -0.978609
vn -0.021403 0.210045 -0.977457
vn -0.010612 0.098356 0.995095
vn -0.021703 0.103200 0.994424
vn -0.004845 0.089596 0.995966
vn -0.002727 0.076697 0.997051
vn -0.001521 0.060606 0.998161
vn -0.000668 0.040443 0.999182
vn 0.000034 0.013035 0.999915
vn 0.000704 -0.026550 0.999647
vn 0.001467 -0.084443 0.996427
vn 0.002530 -0.169966 0.985447
vn 0.004361 -0.307584 0.951511
vn 0.008358 -0.585636 0.810531
vn 0.012049 -0.828612 0.559694
vn 0.120981 -0.518514 -0.846467
vn 0.089916 -0.807515 -0.582953
vn 0.132771 -0.206521 -0.969392
vn 0.133223 -0.060899 -0.989213
vn 0.132069 0.026431 -0.990888
vn 0.130632 0.084205 -0.987849
vn 0.129242 0.123121 -0.983940
vn 0.127951 0.149797 -0.980403
vn 0.126662 0.169281 -0.977395
vn 0.125152 0.184744 -0.974785
vn 0.122871 0.197093 -0.972655
vn 0.117174 0.205453 -0.971627
vn 0.106364 0.210045 -0.971889
vn -0.140407 0.098356 0.985196
vn -0.151315 0.103200 0.983084
vn -0.134803 0.089596 0.986813
vn -0.132845 0.076697 0.988165
vn -0.131794 0.060606 0.989423
vn -0.131082 0.040443 0.990546
vn -0.130481 0.013035 0.991365
vn -0.129782 -0.026550 0.991187
vn -0.128606 -0.084443 0.988094
vn -0.126118 -0.169966 0.977346
vn -0.119873 -0.307584 0.943940
vn -0.097509 -0.585636 0.804688
vn -0.061109 -0.828612 0.556479
vn 0.230432 -0.518514 -0.823434
vn 0.165237 -0.807515 -0.566230
vn 0.258167 -0.206521 -0.943769
vn 0.261201 -0.060899 -0.963361
vn 0.260276 0.026431 -0.965172
vn 0.258455 0.084205 -0.962346
vn 0.256566 0.123121 -0.958653
vn 0.254825 0.149797 -0.955314
vn 0.253154 0.169281 -0.952500
vn 0.251316 0.184744 -0.950110
vn 0.248777 0.197093 -0.948296
vn 0.242994 0.205453 -0.948020
vn 0.232311 0.210045 -0.949691
vn -0.267799 0.098356 0.958441
vn -0.278339 0.103200 0.954923
vn -0.262455 0.089596 0.960776
vn -0.260690 0.076697 0.962371
vn -0.259812 0.060606 0.963755
vn -0.259252 0.040443 0.964962
vn -0.258764 0.013035 0.965853
vn -0.258048 -0.026550 0.965767
vn -0.256478 -0.084443 0.962854
vn -0.252609 -0.169966 0.952523
vn -0.242057 -0.307584 0.920218
vn -0.201708 -0.585636 0.785076
vn -0.133221 -0.828612 0.543742
vn 0.335940 -0.518514 -0.786313
vn 0.237731 -0.807515 -0.539818
vn 0.379145 -0.206521 -0.901997
vn 0.384710 -0.060899 -0.921026
vn 0.384030 0.026431 -0.922942
vn 0.381855 0.084205 -0.920378
vn 0.379500 0.123121 -0.916963
vn 0.377338 0.149797 -0.913880
vn 0.375314 0.169281 -0.911308
vn 0.373180 0.184744 -0.909179
vn 0.370426 0.197093 -0.907711
vn 0.364657 0.205453 -0.908193
vn 0.354283 0.210045 -0.911243
vn -0.390610 0.098356 0.915287
vn -0.400600 0.103200 0.910423
vn -0.385616 0.089596 0.918299
vn -0.384074 0.076697 0.920111
vn -0.383385 0.060606 0.921598
vn -0.382987 0.040443 0.922868
vn -0.382619 0.013035 0.923814
vn -0.381898 -0.026550 0.923823
vn -0.379961 -0.084443 0.921140
vn -0.374777 -0.169966 0.911402
vn -0.360098 -0.307584 0.880750
vn -0.302455 -0.585636 0.752031
vn -0.203054 -0.828612 0.521701
vn 0.435700 -0.518514 -0.735737
vn 0.306158 -0.807515 -0.504169
vn 0.493635 -0.206521 -0.844792
vn 0.501637 -0.060899 -0.862932
vn 0.501213 0.026431 -0.864920
vn 0.498722 0.084205 -0.862662
vn 0.495941 0.123121 -0.859583
vn 0.493395 0.149797 -0.856809
vn 0.491053 0.169281 -0.854524
vn 0.488659 0.184744 -0.852691
vn 0.485737 0.197093 -0.851595
vn 0.480080 0.205453 -0.852826
vn 0.470193 0.210045 -0.857204
vn -0.506737 0.098356 0.856472
vn -0.516007 0.103200 0.850345
vn -0.502179 0.089596 0.860110
vn -0.500887 0.076697 0.862108
vn -0.500397 0.060606 0.863672
vn -0.500169 0.040443 0.864983
vn -0.499928 0.013035 0.865969
vn -0.499214 -0.026550 0.866072
vn -0.496943 -0.084443 0.863665
vn -0.490532 -0.169966 0.854687
vn -0.471979 -0.307584 0.826213
vn -0.398027 -0.585636 0.706119
vn -0.269413 -0.828612 0.490734
vn 0.528006 -0.518514 -0.672572
vn 0.369346 -0.807515 -0.459894
vn 0.599680 -0.206521 -0.773132
vn 0.609981 -0.060899 -0.790073
vn 0.609819 0.026431 -0.792100
vn 0.607055 0.084205 -0.790186
vn 0.603897 0.123121 -0.787496
vn 0.601010 0.149797 -0.785078
vn 0.598390 0.169281 -0.783118
vn 0.595777 0.184744 -0.781613
vn 0.592737 0.197093 -0.780908
vn 0.587289 0.205453 -0.782867
vn 0.578058 0.210045 -0.788498
vn -0.614194 0.098356 0.783002
vn -0.622585 0.103200 0.775718
vn -0.610150 0.089596 0.787204
vn -0.609130 0.076697 0.789353
vn -0.608848 0.060606 0.790968
vn -0.608793 0.040443 0.792298
vn -0.608682 0.013035 0.793307
vn -0.607988 -0.026550 0.793502
vn -0.605423 -0.084443 0.791412
vn -0.597895 -0.169966 0.783347
vn -0.575783 -0.307584 0.757539
vn -0.486789 -0.585636 0.648125
vn -0.331161 -0.828612 0.451370
vn 0.611277 -0.518514 -0.597899
vn 0.426214 -0.807515 -0.407751
vn 0.695463 -0.206521 -0.688244
vn 0.707888 -0.060899 -0.703695
vn 0.707992 0.026431 -0.705726
vn 0.705002 0.084205 -0.704189
vn 0.701519 0.123121 -0.701935
vn 0.698342 0.149797 -0.699914
vn 0.695488 0.169281 -0.698312
vn 0.692701 0.184744 -0.697162
vn 0.689595 0.197093 -0.696860
vn 0.684449 0.205453 -0.699513
vn 0.676033 0.210045 -0.706301
vn -0.711142 0.098356 0.696135
vn -0.718510 0.103200 0.687818
vn -0.707681 0.089596 0.700829
vn -0.706950 0.076697 0.703093
vn -0.706882 0.060606 0.704731
vn -0.707000 0.040443 0.706056
vn -0.707022 0.013035 0.707071
vn -0.706359 -0.026550 0.707355
vn -0.703543 -0.084443 0.705617
vn -0.695027 -0.169966 0.698605
vn -0.669736 -0.307584 0.675903
vn -0.567222 -0.585636 0.579042
vn -0.387244 -0.828612 0.404283
vn 0.684089 -0.518514 -0.512997
vn 0.475790 -0.807515 -0.348630
vn 0.779347 -0.206521 -0.591580
vn 0.793682 -0.060899 -0.605277
vn 0.794051 0.026431 -0.607277
vn 0.790885 0.084205 -0.606143
vn 0.787138 0.123121 -0.604363
vn 0.783724 0.149797 -0.602774
vn 0.780686 0.169281 -0.601559
vn 0.777773 0.184744 -0.600782
vn 0.774654 0.197093 -0.600888
vn 0.769899 0.205453 -0.604190
vn 0.762440 0.210045 -0.612018
vn -0.795922 0.098356 0.597357
vn -0.802141 0.103200 0.588149
vn -0.793103 0.089596 0.602462
vn -0.792674 0.076697 0.604802
vn -0.792820 0.060606 0.606435
vn -0.793111 0.040443 0.607733
vn -0.793265 0.013035 0.608737
vn -0.792645 -0.026550 0.609105
vn -0.789626 -0.084443 0.607750
vn -0.780267 -0.169966 0.601909
vn -0.752229 -0.307584 0.582703
vn -0.637949 -0.585636 0.500051
vn -0.436700 -0.828612 0.350279
vn 0.745196 -0.518514 -0.419316
vn 0.517225 -0.807515 -0.283544
vn 0.849897 -0.206521 -0.484794
vn 0.865897 -0.060899 -0.496502
vn 0.866523 0.026431 -0.498437
vn 0.863237 0.084205 -0.497726
vn 0.859289 0.123121 -0.496450
vn 0.855697 0.149797 -0.495321
vn 0.852526 0.169281 -0.494513
vn 0.849537 0.184744 -0.494122
vn 0.846458 0.197093 -0.494635
vn 0.842175 0.205453 -0.498529
vn 0.835802 0.210045 -0.507264
vn -0.867083 0.098356 0.488357
vn -0.872048 0.103200 0.478417
vn -0.864955 0.089596 0.493787
vn -0.864835 0.076697 0.496164
vn -0.865193 0.060606 0.497763
vn -0.865651 0.040443 0.499012
vn -0.865935 0.013035 0.499987
vn -0.865368 -0.026550 0.500433
vn -0.862198 -0.084443 0.499484
vn -0.852157 -0.169966 0.494914
vn -0.821852 -0.307584 0.479532
vn -0.697761 -0.585636 0.412504
vn -0.478685 -0.828612 0.290282
vn 0.793552 -0.518514 -0.318461
vn 0.549810 -0.807515 -0.213607
vn 0.905904 -0.206521 -0.369713
vn 0.923295 -0.060899 -0.379232
vn 0.924169 0.026431 -0.381069
vn 0.920818 0.084205 -0.380793
vn 0.916738 0.123121 -0.380043
vn 0.913029 0.149797 -0.379393
vn 0.909780 0.169281 -0.379005
vn 0.906765 0.184744 -0.379008
vn 0.903779 0.197093 -0.379918
vn 0.900041 0.205453 -0.384338
vn 0.894862 0.210045 -0.393830
vn -0.923409 0.098356 0.371002
vn -0.927033 0.103200 0.360499
vn -0.922007 0.089596 0.376664
vn -0.922198 0.076697 0.379035
vn -0.922762 0.060606 0.380574
vn -0.923379 0.040443 0.381753
vn -0.923788 0.013035 0.382683
vn -0.923284 -0.026550 0.383199
vn -0.920017 -0.084443 0.382671
vn -0.909466 -0.169966 0.379451
vn -0.877412 -0.307584 0.368157
vn -0.745634 -0.585636 0.317899
vn -0.512479 -0.828612 0.225317
vn 0.828331 -0.518514 -0.212158
vn 0.572988 -0.807515 -0.140015
vn 0.946411 -0.206521 -0.248305
vn 0.964896 -0.060899 -0.255474
vn 0.966002 0.026431 -0.257180
vn 0.962644 0.084205 -0.257345
vn 0.958501 0.123121 -0.257134
vn 0.954739 0.149797 -0.256973
vn 0.951467 0.169281 -0.257012
vn 0.948478 0.184744 -0.257409
vn 0.945636 0.197093 -0.258701
vn 0.942507 0.205453 -0.263571
vn 0.938612 0.210045 -0.273658
vn -0.963934 0.098356 0.247299
vn -0.966157 0.103200 0.236413
vn -0.963284 0.089596 0.253095
vn -0.963783 0.076697 0.255422
vn -0.964543 0.060606 0.256874
vn -0.965308 0.040443 0.257962
vn -0.965835 0.013035 0.258830
vn -0.965403 -0.026550 0.259408
vn -0.962095 -0.084443 0.259311
vn -0.951214 -0.169966 0.257496
vn -0.917960 -0.307584 0.250482
vn -0.780750 -0.585636 0.217854
vn -0.537505 -0.828612 0.156498
vn 0.848937 -0.518514 -0.102224
vn 0.586361 -0.807515 -0.064027
vn 0.970725 -0.206521 -0.122650
vn 0.989987 -0.060899 -0.127344
vn 0.991306 0.026431 -0.128892
vn 0.987999 0.084205 -0.129493
vn 0.983863 0.123121 -0.129824
vn 0.980112 0.149797 -0.130156
vn 0.976873 0.169281 -0.130622
vn 0.973962 0.184744 -0.131406
vn 0.971314 0.197093 -0.133057
vn 0.968847 0.205453 -0.138294
vn 0.966301 0.210045 -0.148803
vn -0.987967 0.098356 0.119365
vn -0.988749 0.103200 0.108281
vn -0.988078 0.089596 0.125196
vn -0.988877 0.076697 0.127437
vn -0.989820 0.060606 0.128778
vn -0.990721 0.040443 0.129757
vn -0.991356 0.013035 0.130549
vn -0.991003 -0.026550 0.131178
vn -0.987711 -0.084443 0.131514
vn -0.976686 -0.169966 0.131135
vn -0.942801 -0.307584 0.128521
vn -0.802506 -0.585636 0.114082
vn -0.553333 -0.828612 0.085001
vn -0.809017 -0.000000 -0.587785
vn -0.767657 0.028824 -0.640213
vn -0.846097 -0.028824 -0.532248
vn 0.809017 -0.000000 0.587785
vn 0.804216 -0.003530 0.594326
vn 0.813754 0.003530 0.581198
vn 0.582041 0.138446 -0.801287
vn 0.582176 0.137737 -0.801311
vn 0.581907 0.139152 -0.801262
vn 0.000000 1.000000 0.000000
vn -0.582209 -0.138446 0.801165
vn -0.582190 -0.137737 0.801301
vn -0.582227 -0.139152 0.801030
vn 0.000000 -1.000000 0.000000
vn 0.309017 -0.000000 -0.951057
vn 0.371660 0.028824 -0.927922
vn 0.244740 -0.028824 -0.969160
vn -0.309017 0.000000 0.951057
vn -0.316721 -0.003530 0.948512
vn -0.301288 0.003530 0.953527
vn 0.941930 0.138446 0.305943
vn 0.941995 0.137737 0.306063
vn 0.941865 0.139152 0.305822
vn -0.941866 -0.138446 -0.306140
vn -0.941989 -0.137737 -0.306080
vn -0.941743 -0.139152 -0.306199
vn 1.000000 0.000000 -0.000000
vn 0.997355 0.028824 0.066726
vn 0.997355 -0.028824 -0.066726
vn -1.000000 0.000000 0.000000
vn -0.999961 -0.003530 -0.008114
vn -0.999961 0.003530 0.008114
vn 0.000103 0.138446 0.990370
vn 0.000009 0.137737 0.990469
vn 0.000198 0.139152 0.990271
vn 0.000103 -0.138446 -0.990370
vn 0.000009 -0.137737 -0.990469
vn 0.000198 -0.139152 -0.990271
vn 0.309017 0.000000 0.951057
vn 0.244740 0.028824 0.969160
vn 0.371660 -0.028824 0.927922
vn -0.309017 -0.000000 -0.951057
vn -0.301288 -0.003530 -0.953527
vn -0.316721 0.003530 -0.948512
vn -0.941866 0.138446 0.306140
vn -0.941989 0.137737 0.306080
vn -0.941743 0.139152 0.306199
vn 0.941930 -0.138446 -0.305943
vn 0.941995 -0.137737 -0.306063
vn 0.941865 -0.139152 -0.305822
vn -0.809017 0.000000 0.587785
vn -0.846097 0.028824 0.532248
vn -0.767657 -0.028824 0.640213
vn 0.809017 0.000000 -0.587785
vn 0.813754 -0.003530 -0.581198
vn 0.804216 0.003530 -0.594326
vn -0.582209 0.138446 -0.801165
vn -0.582190 0.137737 -0.801301
vn -0.582227 0.139152 -0.801030
vn 0.582041 -0.138446 0.801287
vn 0.582176 -0.137737 0.801311
vn 0.581907 -0.139152 0.801262
vn -0.071191 -0.398817 0.914263
vn 0.318232 -0.301191 0.898895
vn 0.416344 -0.687862 0.594562
vn 0.704032 -0.564096 0.431434
vn 0.450423 -0.138768 0.881965
vn 0.754795 -0.393042 0.525169
vn 0.815485 -0.378763 0.437633
vn 0.449583 -0.033369 0.892615
vn 0.502044 -0.032732 0.864222
vn -0.030217 -0.808817 0.587284
vn 0.835997 -0.116132 0.536304
vn 0.583593 0.031440 0.811437
vn 0.963706 0.124877 0.235961
vn -0.602659 0.087742 0.793160
vn -0.601460 0.025031 0.798511
vn -0.647250 0.084162 0.757617
vn -0.538031 -0.013250 0.842821
vn -0.483649 -0.057493 0.873372
vn -0.442289 -0.071969 0.893980
vn -0.707527 -0.460742 0.535839
vn -0.402243 -0.255705 0.879099
vn -0.785796 -0.410962 0.462206
vn -0.530865 -0.571283 0.625954
vn -0.933431 0.148448 0.326602
vn -0.903144 0.139739 0.405960
vn -0.979391 0.138740 0.146781
vn -0.298875 -0.512861 0.804765
vn 0.924724 0.160803 0.345006
vn 0.876879 0.126650 0.463728
vn 0.989173 0.120449 0.083839
vn -0.983043 0.161715 0.086459
vn -0.772561 0.121644 0.623179
vn -0.910850 0.147420 0.385512
vn -0.987081 0.127080 0.097583
vn -0.990905 0.082639 0.106196
vn -0.990860 0.114668 0.071046
vn 0.003887 -0.005185 -0.999979
vn 0.001115 -0.002054 -0.999997
vn -0.005190 0.007521 -0.999958
vn -0.590199 0.021144 0.806981
vn -0.725829 0.107317 0.679452
vn -0.030386 0.002255 -0.999536
vn 0.000814 0.011892 -0.999929
vn -0.032983 0.003032 -0.999451
vn -0.000864 0.000047 -1.000000
vn 0.004494 0.012957 -0.999906
vn -0.022404 0.020064 -0.999548
vn 0.055388 0.006794 -0.998442
vn 0.048788 0.002778 -0.998805
vn -0.007166 0.028350 -0.999572
vn 0.871045 0.125174 0.474986
vn -0.004561 0.030091 -0.999537
vn 0.003499 0.008325 -0.999959
vn 0.026999 0.030189 -0.999180
vn 0.558197 0.026335 0.829291
vn 0.994679 0.096493 0.036103
vn 0.991416 0.093550 0.091343
vn 0.264906 -0.808698 0.525197
vn 0.876161 -0.326386 0.354704
vn 0.855129 -0.424793 0.297163
vn 0.953688 -0.228178 0.195996
vn 0.891296 -0.326964 0.314142
vn -0.789481 0.118041 -0.602317
vn -0.891934 0.145431 -0.428141
vn 0.983118 -0.115665 0.141776
vn -0.984442 0.078094 0.157403
vn -0.985830 0.020445 0.166497
vn -0.985164 -0.056637 0.162000
vn 0.987246 -0.035662 0.155159
vn -0.880270 0.148855 0.450518
vn 0.892652 -0.385036 0.234350
vn 0.993647 -0.036436 0.106477
vn 0.990415 0.058115 0.125303
vn 0.910136 -0.335913 0.242518
vn -0.986466 0.079526 0.143389
vn 0.625238 0.037910 0.779513
vn 0.978113 0.144816 0.149409
vn 0.985067 0.055491 0.162985
vn -0.956118 0.147027 -0.253418
vn -0.974907 0.155157 0.159633
vn 0.460538 -0.006447 0.887617
vn 0.275893 0.021133 0.960956
vn -0.965046 -0.182175 0.188412
vn -0.948773 -0.243327 0.201550
vn -0.849039 -0.426860 0.311325
vn -0.865233 -0.407999 0.291390
vn -0.428537 -0.761641 0.486065
vn -0.454227 -0.743971 0.490087
vn -0.774185 -0.520841 0.359670
vn 0.694164 0.103742 0.712301
vn 0.976743 0.144166 0.158712
vn -0.533674 0.042977 0.844597
vn -0.016691 -0.010432 0.999806
vn -0.179654 -0.070248 0.981219
vn -0.373738 -0.776761 0.506915
vn -0.356253 -0.787180 0.503419
vn 0.928834 0.168061 0.330186
vn 0.980172 0.173469 0.095772
vn 0.699426 0.048237 0.713075
vn -0.520951 -0.719383 0.459454
vn -0.557450 -0.582480 0.591579
vn -0.971344 -0.053787 0.231512
vn -0.963679 -0.199856 0.177147
vn -0.820644 -0.434087 0.371635
vn 0.019182 0.060177 0.998003
vn -0.003972 0.066936 0.997749
vn 0.032378 0.069786 0.997036
vn -0.033241 0.042258 0.998554
vn 0.023200 0.065434 0.997587
vn 0.002515 -0.000493 0.999997
vn 0.098474 0.043490 0.994189
vn 0.000522 0.045421 0.998968
vn 0.039013 0.060700 0.997393
vn 0.003490 -0.013610 0.999901
vn -0.558641 0.009944 0.829350
vn -0.646405 0.697216 0.309919
vn -0.466781 0.779541 0.417650
vn -0.613901 0.708685 0.347694
vn -0.981427 0.190229 0.024791
vn -0.479633 0.789128 0.383705
vn -0.471694 0.822841 0.316920
vn -0.616501 0.724507 0.308248
vn -0.270722 0.863555 0.425420
vn -0.649537 0.722296 0.237465
vn -0.247539 0.872719 0.420816
vn -0.471334 0.789129 0.393852
vn -0.534806 0.739411 0.408967
vn -0.602126 0.712896 0.359476
vn -0.940570 0.327841 0.088591
vn 0.723557 0.630885 0.280086
vn 0.609743 0.716565 0.338744
vn 0.728808 0.630063 0.268067
vn 0.786234 0.568605 0.241918
vn 1.000000 0.000000 0.000000
vn 0.121708 0.905869 0.405695
vn 0.386775 0.818166 0.425452
vn 0.442484 0.780010 0.442484
vn 0.731857 0.651572 0.199597
vn 0.989575 0.130399 0.061141
vn 0.000000 0.905717 0.423882
vn 0.000000 0.880852 0.473391
vn 0.543096 0.789695 0.285356
vn 0.711842 0.671779 0.204924
vn 0.681438 0.651835 0.332795
vn 0.557503 0.755969 0.343077
vn 0.509415 0.809305 0.292442
vn 0.868316 0.440805 0.227416
vn 0.662411 0.655550 0.362583
vn 0.988095 0.150481 -0.032012
vn 0.744711 0.609977 0.270804
vn 0.732416 0.645554 0.216397
vn -0.191112 0.973264 0.127408
vn 0.000000 1.000000 0.000000
vn -0.203707 0.957605 0.203707
vn -0.992848 0.097975 0.068211
vn -0.297886 0.898012 0.323787
vn -0.263245 0.928118 0.263245
vn -0.431477 0.852807 0.294190
vn -0.965485 0.165469 0.201143
vn -0.845080 0.270856 0.460952
vn -0.211540 0.911561 0.352572
vn -0.093765 0.936626 0.337550
vn -0.306682 0.901051 0.306682
vn -0.403069 0.842121 0.358284
vn -0.442478 0.780017 0.442478
vn 0.603057 0.763232 0.231945
vn 0.520274 0.798252 0.303493
vn 0.989561 0.140962 0.029987
vn 0.000000 0.990093 0.140412
vn 0.920083 0.386172 0.065720
vn 0.645016 0.631700 0.430011
vn 0.761396 0.596542 0.253799
vn 0.451949 0.849829 0.271170
vn 0.318115 0.934615 0.159055
vn 0.000000 0.943353 0.331790
vn 0.256425 0.904072 0.341906
vn 0.864443 0.213872 0.454969
vn 0.925092 0.093520 0.368047
vn 0.263245 0.928118 0.263245
vn 0.673130 0.709928 0.207117
vn 0.791736 0.465234 0.395868
vn 0.537091 0.788987 0.298383
vn 0.499062 0.817542 0.287338
vn 0.297931 0.933696 0.198620
vn -0.985308 -0.009278 -0.170534
vn -0.977195 -0.022357 -0.211165
vn -0.988956 -0.019071 -0.146976
vn -0.990826 0.064035 -0.119014
vn -0.977817 -0.036809 -0.206200
vn 0.992028 -0.017624 -0.124782
vn 0.985657 -0.042450 -0.163334
vn 0.986521 -0.010133 -0.163321
vn 0.993594 0.056206 -0.098044
vn -0.991498 0.041125 0.123451
vn -0.999562 -0.018617 -0.022996
vn -0.943974 -0.177497 -0.278224
vn -0.974334 -0.129467 -0.184152
vn -0.957989 -0.231347 -0.169516
vn 0.985361 -0.098144 -0.139400
vn 0.982502 -0.100174 -0.157021
vn 0.975390 -0.170617 -0.139657
vn -0.997934 0.063738 0.008135
vn -0.982767 -0.157696 -0.096437
vn -0.976567 -0.191228 -0.098731
vn -0.999373 -0.034164 -0.009269
vn 0.987542 -0.125115 -0.095426
vn 0.976300 -0.181995 -0.117112
vn 0.993655 -0.089674 -0.067890
vn 0.000000 0.000000 1.000000
vn 0.011283 0.015299 0.999819
vn 0.013023 0.017659 0.999759
vn 0.016024 0.021728 0.999635
vn -0.880521 0.449211 0.151304
vn -0.950074 0.278166 0.141361
vn -0.991370 0.130249 0.014836
vn -0.765441 0.608407 0.209623
vn -0.776393 0.572110 0.264393
vn -0.744555 0.638159 0.195935
vn -0.699985 0.653876 0.287172
vn -0.633090 0.642552 0.431653
vn -0.864276 0.472896 0.171456
vn -0.643458 0.706874 0.293752
vn -0.992596 0.110802 0.049761
vn -0.867037 0.444818 0.224462
vn -0.722825 0.643801 0.251086
vn 0.867375 0.469194 0.165884
vn 0.971918 0.229937 0.050052
vn 0.960057 0.262459 0.096984
vn 0.884739 0.421729 0.198446
vn 0.957478 0.262653 0.119367
vn 0.995081 0.094379 0.030116
vn 0.841742 0.492147 0.221952
vn 0.837210 0.436670 0.329240
vn 0.813079 0.477769 0.332626
vn 0.821176 0.536137 0.195518
vn -0.994871 0.059881 0.081526
vn -0.967800 0.166443 0.188839
vn -0.938108 0.240053 0.249657
vn -0.961178 0.164126 0.221810
vn -0.936733 0.150974 0.315813
vn -0.892650 0.359966 0.271296
vn -0.886630 0.276979 0.370365
vn -0.873445 0.287412 0.393050
vn -0.866775 0.208357 0.453088
vn -0.993175 0.107327 0.045663
vn -0.950050 0.227857 0.213275
vn -0.942993 0.216235 0.252997
vn -0.769145 0.419994 0.481686
vn -0.769032 0.516439 0.376670
vn -0.852897 0.287902 0.435522
vn -0.652544 0.406910 0.639227
vn -0.749518 0.269933 0.604449
vn -0.881960 0.210300 0.421807
vn -0.623691 0.471189 0.623691
vn -0.639740 0.280340 0.715641
vn -0.637708 0.552215 0.537017
vn 0.881989 0.275437 0.382401
vn 0.791114 0.358445 0.495637
vn 0.880212 0.367795 0.299924
vn 0.856741 0.244083 0.454333
vn 0.763014 0.291946 0.576696
vn 0.957581 0.179195 0.225672
vn 0.974815 0.166765 0.148073
vn 0.970486 0.151742 0.187433
vn 0.993114 0.054923 0.103484
vn 0.992204 0.109127 0.060186
vn 0.808969 0.407442 0.423745
vn 0.793656 0.339164 0.505053
vn 0.858547 0.193206 0.474940
vn -0.973819 0.074637 0.214724
vn -0.951170 0.029676 0.307236
vn -0.880112 0.123926 0.458307
vn -0.791674 0.168068 0.587371
vn -0.831236 0.071980 0.551240
vn -0.771106 0.064729 0.633408
vn -0.847998 0.000000 0.529999
vn -0.754752 0.120561 0.644837
vn -0.890371 0.095124 0.445186
vn 0.929513 0.118281 0.349307
vn 0.912974 0.049113 0.405052
vn 0.880836 0.124602 0.456730
vn 0.964749 0.043256 0.259591
vn 0.998775 0.040475 0.028451
vn 0.892906 0.058297 0.446453
vn 0.889207 0.084080 0.449714
vn 0.889002 0.109974 0.444501
vn 0.930953 0.058820 0.360369
vn 0.989949 0.000000 0.141421
vn 0.986548 0.100817 0.128680
vn 0.023617 0.026002 0.999383
vn 0.042191 0.026991 0.998745
vn -0.012802 0.033851 0.999345
vn 0.029248 0.017502 0.999419
vn 0.000000 0.025720 -0.999669
vn 0.025720 0.029989 -0.999219
vn 0.005990 0.024378 -0.999685
vn 0.014989 0.035230 -0.999267
vn 0.010729 0.004798 0.999931
vn -0.018050 0.016545 -0.999700
vn -0.429261 -0.265271 0.863346
vn -0.465443 -0.299404 0.832899
vn -0.463258 -0.297545 0.834781
vn -0.460952 -0.270856 0.845080
vn -0.558349 -0.347924 0.753124
vn -0.650217 -0.392984 0.650217
vn -0.597402 -0.378256 0.707130
vn -0.808698 -0.495851 0.316447
vn -0.464102 -0.294523 0.835384
vn -0.354051 -0.213984 0.910417
vn -0.846277 -0.522135 0.105785
vn -0.859094 -0.511113 0.026847
vn -0.721106 -0.449797 0.526962
vn -0.696442 -0.413537 0.586478
vn -0.372582 -0.231807 0.898581
vn -0.490402 -0.265994 0.829911
vn -0.526671 -0.331218 0.782887
vn -0.700188 -0.411430 0.583491
vn -0.681497 -0.404663 0.609761
vn -0.295921 -0.158234 0.942015
vn -0.310284 -0.173975 -0.934589
vn -0.220709 -0.120001 -0.967929
vn -0.054819 0.000000 -0.998496
vn -0.458669 -0.272883 -0.845670
vn -0.409839 -0.232445 -0.882044
vn -0.390567 -0.250808 -0.885750
vn -0.699936 -0.434785 -0.566614
vn -0.601390 -0.385502 -0.699799
vn -0.629965 -0.407791 -0.660946
vn -0.516273 -0.291228 -0.805387
vn -0.514000 -0.328453 -0.792416
vn -0.612701 -0.345623 -0.710734
vn -0.710620 -0.459316 -0.532962
vn -0.589476 -0.381014 -0.712282
vn -0.530018 -0.344978 -0.774642
vn -0.802670 -0.512075 -0.305779
vn -0.397429 -0.249098 -0.883176
vn -0.454925 -0.296102 -0.839861
vn -0.207758 -0.047512 -0.977026
vn -0.326633 -0.191929 -0.925459
vn 0.000000 0.000000 -1.000000
vn -0.455759 -0.275455 -0.846409
vn -0.642341 -0.418087 -0.642341
vn -0.382673 -0.217940 -0.897810
vn -0.397082 -0.209993 -0.893436
vn -0.323671 -0.171171 -0.930558
vn -0.550265 -0.374850 -0.746121
vn -0.496904 -0.288545 -0.818430
vn -0.482015 -0.291324 -0.826312
vn -0.268788 -0.134503 -0.953762
vn -0.858060 -0.484028 -0.171612
vn -0.722255 -0.473746 -0.503897
vn 1.000000 0.000000 0.000000
vn 0.999974 -0.005702 -0.004492
vn 0.999972 -0.005903 -0.004651
vn 0.999890 -0.005779 0.013660
vn 0.999889 -0.005795 -0.013697
vn -0.697539 -0.163950 0.697538
vn -0.645841 -0.195169 0.738104
vn -0.790193 -0.238791 0.564423
vn -0.715461 -0.216208 0.664357
vn -0.604489 -0.150437 0.782280
vn -0.581184 -0.153677 0.799130
vn -0.584989 -0.130259 0.800512
vn -0.594121 -0.139642 0.792162
vn -0.882353 0.000000 0.470588
vn -1.000000 0.000000 0.000000
vn -0.634408 -0.063905 0.770352
vn -0.487468 -0.124991 0.864148
vn -0.426035 -0.175237 0.887573
vn -0.589926 -0.122344 0.798135
vn -0.455375 -0.064219 0.887981
vn -0.402203 -0.051564 0.914097
vn -0.305534 -0.024858 0.951857
vn -0.309345 -0.000000 0.950950
vn -0.189178 0.006352 0.981922
vn -0.857493 0.000000 0.514496
vn -0.776188 -0.052124 0.628343
vn -0.354654 0.000000 0.934998
vn -0.609337 -0.361815 0.705548
vn -0.100687 0.008452 -0.994882
vn -0.360238 -0.029884 -0.932382
vn -0.497836 -0.011324 -0.867198
vn -0.468682 -0.177949 -0.865258
vn -0.496311 -0.116653 -0.860272
vn -0.366727 -0.027706 -0.929916
vn -0.355995 0.000000 -0.934488
vn -0.654344 -0.173021 -0.736137
vn -0.626436 -0.206132 -0.751723
vn -0.609789 -0.137592 -0.780529
vn -0.410793 -0.062070 -0.909613
vn -0.740027 -0.223632 -0.634309
vn -0.853021 -0.300741 -0.426510
vn -0.616343 -0.162974 -0.770429
vn -0.594120 -0.139642 -0.792162
vn -0.591520 -0.362689 -0.720112
vn -0.332820 0.000000 -0.942990
vn -0.432852 0.024972 0.901119
vn -0.573980 0.019905 0.818627
vn -0.663919 0.036574 0.746909
vn -0.836401 0.026807 0.547462
vn -0.554620 0.017003 0.831930
vn -0.341674 0.020077 0.939604
vn -0.726474 0.016704 0.686991
vn -0.294080 0.006480 0.955759
vn -0.249029 0.009755 0.968447
vn 0.013229 0.032648 0.999379
vn -0.203190 0.016281 0.979004
vn -0.933213 0.016872 0.358928
vn -0.931849 0.018252 0.362386
vn -0.316228 0.000000 0.948683
vn -0.454264 0.008320 -0.890828
vn -0.215778 0.015027 -0.976327
vn -0.640080 0.018053 -0.768096
vn -0.610008 0.016758 -0.792218
vn -0.544621 0.015239 -0.838544
vn -0.721371 0.006782 -0.692516
vn -0.559788 0.015789 -0.828486
vn -0.035055 0.024718 -0.999080
vn -0.356829 0.014800 -0.934052
vn -0.240596 0.020735 -0.970404
vn -0.033306 0.023484 -0.999169
vn -0.389904 -0.005850 -0.920837
vn -0.552978 0.015192 -0.833057
vn -0.221050 0.009169 -0.975219
vn -0.166193 0.014771 -0.985983
vn -0.481893 0.010297 -0.876169
vn 0.031105 0.031222 0.999028
vn -0.039569 0.026946 0.998853
vn 0.006063 0.024316 0.999686
vn -0.026192 0.018603 0.999484
vn -0.014731 0.035490 -0.999261
vn 0.012309 0.025949 -0.999587
vn -0.035767 0.032867 -0.998820
vn -0.010729 0.004798 0.999931
vn 0.002921 0.017692 -0.999839
vn 0.463258 -0.297545 0.834781
vn 0.465443 -0.299404 0.832899
vn 0.418575 -0.260325 0.870072
vn 0.443181 -0.286455 0.849432
vn 0.497619 -0.310081 0.810077
vn 0.354051 -0.213984 0.910417
vn 0.464102 -0.294523 0.835384
vn 0.822495 -0.463966 0.328994
vn 0.881028 -0.472675 0.019153
vn 0.818237 -0.403868 0.409119
vn 0.590960 -0.372835 0.715374
vn 0.336268 -0.202241 0.919795
vn 0.493732 -0.241020 0.835547
vn 0.526671 -0.331218 0.782887
vn 0.596479 -0.372060 0.711185
vn 0.497570 -0.331355 0.801641
vn 0.295921 -0.158234 0.942015
vn 0.782099 -0.521393 0.341278
vn 0.535869 -0.331585 0.776464
vn 0.220709 -0.120001 -0.967929
vn 0.256340 -0.137472 -0.956761
vn 0.045663 0.005975 -0.998939
vn 0.281048 -0.154134 -0.947235
vn 0.291522 -0.153402 -0.944184
vn 0.387449 -0.230343 -0.892651
vn 0.516888 -0.291574 -0.804867
vn 0.541120 -0.306248 -0.783199
vn 0.698989 -0.460013 -0.547541
vn 0.429256 -0.269046 -0.862180
vn 0.723702 -0.510297 -0.464599
vn 0.785994 -0.501794 -0.361133
vn 0.786481 -0.594175 -0.168535
vn 0.558550 -0.373116 -0.740814
vn 0.601659 -0.405132 -0.688385
vn 0.454925 -0.296102 -0.839861
vn 0.548193 -0.362383 -0.753766
vn 0.397429 -0.249098 -0.883176
vn 0.195928 -0.043804 -0.979639
vn 0.382673 -0.217940 -0.897810
vn 0.573342 -0.352111 -0.739795
vn 0.311896 -0.164943 -0.935689
vn 0.083045 0.000000 -0.996546
vn 0.577022 -0.413766 -0.704161
vn 0.444602 -0.239733 -0.863051
vn 0.482015 -0.291324 -0.826312
vn 0.452575 -0.282499 -0.845795
vn 0.240769 -0.120483 -0.963075
vn 0.701579 -0.417098 -0.577769
vn 0.865931 -0.427409 -0.259779
vn -0.999974 -0.005702 -0.004492
vn -1.000000 0.000000 0.000000
vn -0.999890 -0.005779 0.013660
vn -0.999972 -0.005903 -0.004651
vn -0.999889 -0.005795 -0.013697
vn 0.816959 -0.448042 0.363093
vn 0.752950 -0.379228 0.537822
vn 0.584084 -0.228805 0.778777
vn 0.657908 -0.265088 0.704901
vn 0.890176 -0.434548 0.136950
vn 0.947412 -0.278349 -0.157902
vn 0.950682 -0.103130 -0.292518
vn 0.962924 -0.061725 0.262616
vn 0.835026 -0.103905 0.540310
vn 0.827012 -0.323968 0.459451
vn 0.594121 -0.139643 0.792162
vn 0.564183 -0.132606 0.814931
vn 1.000000 0.000000 0.000000
vn 0.944932 -0.088839 -0.314978
vn 0.995600 -0.054001 -0.076585
vn 0.882353 0.000000 0.470588
vn 0.634408 -0.063905 0.770352
vn 0.386015 -0.136094 0.912399
vn 0.426035 -0.175237 0.887573
vn 0.626340 -0.147215 0.765524
vn 0.423762 -0.123037 0.897378
vn 0.323638 -0.017554 0.946018
vn 0.380470 -0.038325 0.923999
vn 0.894427 0.000000 0.447214
vn 0.287911 -0.018885 0.957471
vn 0.355444 0.004641 0.934686
vn 0.734803 0.000000 0.678280
vn 0.510775 -0.120052 0.851291
vn 0.692792 -0.009969 0.721069
vn 0.693348 -0.009586 0.720539
vn 0.354654 0.000000 0.934998
vn 0.542922 -0.034802 0.839062
vn 0.776188 -0.052124 0.628343
vn 0.720047 -0.009231 0.693864
vn 0.604639 -0.314147 0.731931
vn 0.877414 -0.478073 0.039883
vn 0.107648 0.007442 -0.994161
vn 0.387578 -0.007386 -0.921807
vn 0.431155 -0.141874 -0.891054
vn 0.426328 -0.184992 -0.885450
vn 0.364251 -0.028538 -0.930863
vn 0.458549 0.020208 -0.888439
vn 0.595721 -0.183774 -0.781884
vn 0.567464 -0.246234 -0.785719
vn 0.700315 -0.138266 -0.700315
vn 0.540636 -0.021179 -0.840990
vn 0.637121 -0.037437 -0.769854
vn 0.613027 -0.288171 -0.735632
vn 0.843093 -0.264214 -0.468385
vn 0.914029 -0.375958 0.152338
vn 0.795507 -0.400662 -0.454575
vn 0.803014 -0.161777 -0.573582
vn 0.691959 -0.040660 -0.720791
vn 0.806302 -0.077528 -0.586401
vn 0.535305 -0.295399 -0.791321
vn 0.900455 -0.423285 -0.100051
vn 0.874536 -0.484513 -0.020822
vn 0.499299 -0.000000 -0.866430
vn 0.447197 0.008522 -0.894395
vn 0.447214 0.000000 -0.894427
vn 0.725887 -0.013469 -0.687682
vn 0.643793 0.013158 0.765087
vn 0.435935 0.010785 0.899913
vn 0.526013 0.012363 0.850387
vn 0.294042 0.017278 0.955636
vn 0.300503 0.004606 0.953770
vn 0.184278 0.010828 0.982815
vn -0.013103 0.032756 0.999377
vn 0.401803 0.007296 -0.915697
vn 0.391108 0.012978 -0.920253
vn 0.233351 0.013712 -0.972296
vn -0.287140 0.207628 -0.935116
vn -0.209612 0.454269 -0.865854
vn -0.251827 0.077933 -0.964629
vn -0.294882 -0.131223 -0.946480
vn -0.217175 0.527987 -0.821015
vn -0.138455 0.664544 -0.734310
vn -0.126009 0.643726 -0.754810
vn -0.058341 0.744487 -0.665083
vn -0.032670 0.714431 -0.698943
vn 0.018747 0.795696 -0.605406
vn 0.045464 0.775085 -0.630219
vn 0.077243 0.841412 -0.534845
vn 0.085771 0.843589 -0.530096
vn 0.096975 0.895208 -0.434970
vn 0.045603 0.941414 -0.334155
vn 0.031307 0.973663 -0.225832
vn -0.104189 0.993843 0.037702
vn -0.100681 0.992699 0.066426
vn -0.096975 0.623981 -0.775399
vn -0.125338 0.323269 -0.937970
vn -0.053200 0.773205 -0.631921
vn 0.004934 0.827423 -0.561557
vn 0.062476 0.861820 -0.503351
vn 0.104815 0.892518 -0.438664
vn 0.114066 0.928927 -0.352254
vn 0.045208 0.983290 -0.176346
vn -0.093087 0.992926 0.073703
vn 0.008945 0.725701 -0.687952
vn 0.011292 0.486618 -0.873542
vn 0.023361 0.836158 -0.547991
vn 0.061478 0.875289 -0.479676
vn 0.101789 0.899968 -0.423907
vn 0.129868 0.921985 -0.364798
vn 0.129398 0.948231 -0.290025
vn 0.056336 0.988128 -0.142934
vn -0.087254 0.993836 0.068384
vn 0.102345 0.787016 -0.608384
vn 0.140159 0.591301 -0.794178
vn 0.089821 0.873680 -0.478138
vn 0.110698 0.903891 -0.413191
vn 0.136446 0.922827 -0.360240
vn 0.152522 0.939681 -0.306166
vn 0.143656 0.959811 -0.241094
vn 0.066150 0.990832 -0.117796
vn -0.082153 0.994822 0.059826
vn 0.181926 0.824454 -0.535890
vn 0.253213 0.657228 -0.709883
vn 0.146314 0.896628 -0.417913
vn 0.152662 0.921493 -0.357135
vn 0.166255 0.936961 -0.307348
vn 0.172360 0.950659 -0.257951
vn 0.156400 0.967007 -0.201088
vn 0.074560 0.992449 -0.097395
vn -0.078071 0.995623 0.051382
vn 0.248079 0.847566 -0.469137
vn 0.348008 0.698426 -0.625373
vn 0.193448 0.910913 -0.364437
vn 0.187736 0.932542 -0.308415
vn 0.191276 0.945885 -0.262134
vn 0.189162 0.957619 -0.217215
vn 0.167275 0.971581 -0.167480
vn 0.081365 0.993455 -0.080170
vn -0.075227 0.996197 0.043953
vn 0.309889 0.859950 -0.405530
vn 0.434266 0.720725 -0.540341
vn 0.236267 0.919099 -0.315332
vn 0.219104 0.939122 -0.264658
vn 0.213704 0.951298 -0.222178
vn 0.204853 0.961837 -0.181396
vn 0.178917 0.974249 -0.137217
vn 0.092475 0.993842 -0.061049
vn -0.056959 0.997124 0.049993
vn 0.373275 0.862409 -0.341929
vn 0.526560 0.721646 -0.449401
vn 0.278069 0.922311 -0.268367
vn 0.248745 0.942306 -0.224021
vn 0.234852 0.954111 -0.185785
vn 0.220564 0.963974 -0.148679
vn 0.192853 0.975283 -0.107846
vn 0.111207 0.993173 -0.035220
vn -0.023332 0.996948 0.074501
vn 0.434029 0.857029 -0.277704
vn 0.614539 0.705450 -0.353103
vn 0.316978 0.921850 -0.222976
vn 0.275210 0.943160 -0.186303
vn 0.253140 0.955245 -0.153061
vn 0.234194 0.964816 -0.119513
vn 0.205883 0.975268 -0.080399
vn 0.131368 0.991320 -0.005207
vn 0.013977 0.993640 0.111732
vn 0.493811 0.843358 -0.211894
vn 0.694482 0.673703 -0.252625
vn 0.354485 0.917811 -0.178781
vn 0.299474 0.942017 -0.151391
vn 0.269175 0.955092 -0.123868
vn 0.246142 0.964709 -0.093549
vn 0.218384 0.974359 -0.054151
vn 0.153664 0.987649 0.030607
vn 0.061046 0.984071 0.166964
vn 0.563058 0.814701 -0.138667
vn 0.774902 0.616189 -0.140848
vn 0.398122 0.907674 -0.132768
vn 0.326671 0.937834 -0.117275
vn 0.287029 0.953088 -0.096111
vn 0.260728 0.963041 -0.067620
vn 0.236735 0.971293 -0.023370
vn 0.191595 0.977762 0.085280
vn 0.145952 0.953943 0.262088
vn 0.659713 0.750423 -0.040547
vn 0.860025 0.510250 -0.001396
vn 0.465723 0.881851 -0.073767
vn 0.369795 0.925979 -0.076255
vn 0.317428 0.946220 -0.062499
vn 0.290137 0.956458 -0.031768
vn 0.280052 0.959540 0.029206
vn 0.285565 0.938216 0.195458
vn 0.337364 0.834622 0.435422
vn 0.793158 0.596604 0.122330
vn 0.940836 0.238068 0.241145
vn 0.608655 0.792024 0.047292
vn 0.492154 0.870244 0.021439
vn 0.431814 0.901410 0.031565
vn 0.417553 0.905195 0.079192
vn 0.450721 0.873015 0.186267
vn 0.498569 0.768113 0.401784
vn 0.641756 0.474408 0.602566
vn 0.553053 0.706921 0.440903
vn 0.916011 0.115262 0.384236
vn 0.960803 0.098753 0.259046
vn 0.878325 0.349118 0.326592
vn 0.805267 0.524044 0.277351
vn 0.736447 0.625928 0.256632
vn 0.700909 0.657268 0.276992
vn 0.707542 0.617129 0.344289
vn 0.746694 0.482042 0.458349
vn 0.700871 0.281117 0.655556
vn 0.776563 0.211917 0.593330
vn 0.607273 0.590470 0.531568
vn 0.054786 -0.993990 -0.094778
vn 0.074349 -0.989034 -0.127606
vn 0.127721 -0.972300 0.195756
vn 0.157172 -0.940459 0.301387
vn 0.141447 -0.893837 0.425497
vn 0.162523 -0.841297 0.515563
vn 0.095974 -0.840298 0.533561
vn 0.101985 -0.772580 0.626673
vn 0.017899 -0.795121 0.606186
vn 0.006719 -0.712381 0.701761
vn -0.078840 -0.744637 0.662797
vn -0.105414 -0.642585 0.758928
vn -0.185366 -0.665496 0.723018
vn -0.223773 -0.527942 0.819270
vn -0.312624 -0.455791 0.833379
vn -0.355874 -0.207956 0.911103
vn -0.408622 -0.078253 0.909343
vn -0.415458 0.131406 0.900071
vn 0.107367 -0.984736 -0.136993
vn 0.111227 -0.981221 0.157589
vn 0.096040 -0.928731 0.358100
vn 0.047583 -0.893210 0.447116
vn -0.023160 -0.863269 0.504212
vn -0.107528 -0.829551 0.547981
vn -0.200796 -0.776033 0.597874
vn -0.321703 -0.628138 0.708484
vn -0.435182 -0.327145 0.838804
vn 0.137832 -0.982013 -0.129044
vn 0.095516 -0.986043 0.136365
vn 0.054772 -0.948992 0.310508
vn 0.003504 -0.923758 0.382961
vn -0.061421 -0.902494 0.426301
vn -0.135801 -0.878495 0.458043
vn -0.218310 -0.840293 0.496234
vn -0.332980 -0.732805 0.593398
vn -0.458464 -0.497122 0.736668
vn 0.164293 -0.979908 -0.113087
vn 0.081274 -0.989012 0.123490
vn 0.018415 -0.961433 0.274423
vn -0.035424 -0.942267 0.332984
vn -0.095785 -0.926106 0.364902
vn -0.162243 -0.907890 0.386538
vn -0.236246 -0.878969 0.414247
vn -0.345531 -0.797221 0.495021
vn -0.478899 -0.610135 0.631182
vn 0.186138 -0.978069 -0.093452
vn 0.068518 -0.991015 0.114869
vn -0.013120 -0.969420 0.245057
vn -0.069123 -0.953926 0.291970
vn -0.125783 -0.940850 0.314611
vn -0.185887 -0.926169 0.328111
vn -0.253159 -0.903004 0.347124
vn -0.358023 -0.837714 0.412377
vn -0.496530 -0.684789 0.533407
vn 0.203514 -0.976393 -0.072377
vn 0.057261 -0.992443 0.108527
vn -0.040040 -0.974714 0.219840
vn -0.097738 -0.961480 0.256912
vn -0.151310 -0.950302 0.272086
vn -0.206271 -0.937826 0.279169
vn -0.268203 -0.918303 0.291180
vn -0.369531 -0.863660 0.342837
vn -0.511503 -0.734177 0.446485
vn 0.237279 -0.970182 -0.049459
vn 0.055954 -0.993019 0.103842
vn -0.058940 -0.978420 0.198044
vn -0.119184 -0.966595 0.226910
vn -0.170325 -0.956609 0.236410
vn -0.220611 -0.945603 0.239095
vn -0.277058 -0.928649 0.246678
vn -0.372154 -0.881852 0.289549
vn -0.515451 -0.769071 0.377941
vn 0.292489 -0.956021 -0.021754
vn 0.072461 -0.992163 0.101793
vn -0.066732 -0.981446 0.179752
vn -0.131965 -0.970499 0.201787
vn -0.181915 -0.961189 0.207419
vn -0.228016 -0.951175 0.208026
vn -0.278342 -0.936214 0.214543
vn -0.363002 -0.895974 0.255853
vn -0.497591 -0.797228 0.341806
vn 0.359502 -0.933063 0.012273
vn 0.102574 -0.989253 0.104198
vn -0.066138 -0.984059 0.165085
vn -0.138491 -0.973687 0.180981
vn -0.188507 -0.964652 0.184151
vn -0.231214 -0.955222 0.184637
vn -0.275657 -0.941704 0.192893
vn -0.348648 -0.906449 0.238316
vn -0.468718 -0.818319 0.332652
vn 0.445259 -0.893633 0.056253
vn 0.150613 -0.982022 0.113792
vn -0.055619 -0.986299 0.155308
vn -0.138465 -0.976520 0.165035
vn -0.190347 -0.967455 0.166732
vn -0.230604 -0.958287 0.168840
vn -0.269276 -0.945786 0.181604
vn -0.328969 -0.914115 0.237010
vn -0.431446 -0.832087 0.348548
vn 0.567546 -0.814535 0.120100
vn 0.239049 -0.961060 0.138633
vn -0.024353 -0.987612 0.155012
vn -0.126170 -0.979519 0.156920
vn -0.183720 -0.970273 0.157536
vn -0.222559 -0.961142 0.163317
vn -0.253696 -0.949437 0.184951
vn -0.292020 -0.920112 0.260995
vn -0.363053 -0.837916 0.407541
vn 0.733720 -0.642719 0.220379
vn 0.417627 -0.886256 0.200344
vn 0.059438 -0.982168 0.178363
vn -0.083800 -0.982593 0.165798
vn -0.156213 -0.973998 0.164091
vn -0.194414 -0.964842 0.176869
vn -0.210044 -0.953370 0.216718
vn -0.198734 -0.920547 0.336301
vn -0.189959 -0.813104 0.550252
vn 0.903918 -0.216622 0.368791
vn 0.728466 -0.598498 0.333374
vn 0.685175 -0.659582 0.309009
vn 0.337926 -0.894959 0.291297
vn 0.275719 -0.924611 0.262820
vn 0.107743 -0.961552 0.252605
vn -0.008314 -0.970293 0.241790
vn -0.053063 -0.963181 0.263565
vn -0.089975 -0.950783 0.296508
vn -0.083201 -0.906025 0.414966
vn 0.098844 -0.850481 0.516635
vn 0.303946 -0.575836 0.758966
vn 0.887264 -0.159289 0.432884
vn 0.825798 -0.446364 0.344700
vn 0.772023 -0.440680 0.458019
vn 0.430580 -0.844922 0.317346
vn 0.607690 -0.648707 0.458139
vn 0.479279 -0.747732 0.459552
vn 0.428294 -0.761563 0.486401
vn 0.462870 -0.696738 0.548004
vn -0.033607 -0.941533 0.335241
vn 0.519825 -0.617622 0.590190
vn 0.580222 -0.513871 0.631885
vn 0.513806 -0.458665 0.725003
vn 0.721588 -0.174334 0.670013
vn 0.454261 -0.422724 0.784189
vn 0.552074 0.207628 -0.807530
vn 0.546261 0.454269 -0.703732
vn 0.597166 0.077933 -0.798323
vn 0.556132 -0.131223 -0.820669
vn 0.506489 0.527987 -0.681688
vn 0.487782 0.664544 -0.566083
vn 0.511569 0.643726 -0.569134
vn 0.483608 0.744487 -0.460285
vn 0.526086 0.714431 -0.461327
vn 0.485014 0.795696 -0.362807
vn 0.521071 0.775085 -0.357390
vn 0.466319 0.841412 -0.273079
vn 0.467923 0.843589 -0.263451
vn 0.400536 0.895208 -0.195381
vn 0.289686 0.941414 -0.172688
vn 0.196082 0.973663 -0.116327
vn -0.094437 0.993843 -0.057952
vn -0.114708 0.992699 -0.037300
vn 0.545768 0.623981 -0.559272
vn 0.655188 0.323269 -0.682808
vn 0.460886 0.773205 -0.435589
vn 0.442120 0.827423 -0.346268
vn 0.432489 0.861820 -0.264989
vn 0.408312 0.892518 -0.191555
vn 0.346522 0.928927 -0.130446
vn 0.166060 0.983290 -0.074605
vn -0.115662 0.992926 -0.026825
vn 0.543439 0.725701 -0.421937
vn 0.690003 0.486618 -0.535816
vn 0.443002 0.836158 -0.323403
vn 0.413357 0.875289 -0.251007
vn 0.394889 0.899968 -0.184720
vn 0.366182 0.921985 -0.125913
vn 0.307429 0.948231 -0.079660
vn 0.146875 0.988128 -0.045073
vn -0.107866 0.993836 -0.025582
vn 0.539464 0.787016 -0.299305
vn 0.708301 0.591301 -0.385581
vn 0.429825 0.873680 -0.227889
vn 0.392064 0.903891 -0.171073
vn 0.366720 0.922827 -0.117928
vn 0.334466 0.939681 -0.071645
vn 0.278062 0.959811 -0.038005
vn 0.133340 0.990832 -0.021726
vn -0.097996 0.994822 -0.026929
vn 0.532405 0.824454 -0.191887
vn 0.712885 0.657228 -0.244635
vn 0.417963 0.896628 -0.146171
vn 0.374402 0.921493 -0.103314
vn 0.343953 0.936961 -0.061645
vn 0.309139 0.950659 -0.026074
vn 0.254730 0.967007 -0.003098
vn 0.122634 0.992449 -0.002431
vn -0.088849 0.995623 -0.029002
vn 0.521460 0.847566 -0.098546
vn 0.705916 0.698426 -0.117830
vn 0.405541 0.910913 -0.075979
vn 0.358180 0.932542 -0.045516
vn 0.324203 0.945885 -0.013893
vn 0.287767 0.957619 0.012462
vn 0.235235 0.971581 0.026359
vn 0.113410 0.993455 0.013629
vn -0.081267 0.996197 -0.031410
vn 0.510269 0.859950 -0.010563
vn 0.693216 0.720725 0.002626
vn 0.393846 0.919099 -0.011885
vn 0.343527 0.939122 0.006291
vn 0.306948 0.951298 0.028555
vn 0.269545 0.961837 0.047061
vn 0.218833 0.974249 0.054329
vn 0.105388 0.993842 0.034236
vn -0.074599 0.997124 -0.013362
vn 0.500064 0.862409 0.078649
vn 0.679661 0.721646 0.131484
vn 0.383191 0.922311 0.050079
vn 0.330236 0.942306 0.054802
vn 0.291681 0.954111 0.067780
vn 0.253761 0.963974 0.079744
vn 0.204559 0.975283 0.083538
vn 0.096873 0.993173 0.064986
vn -0.072794 0.996948 0.028208
vn 0.487730 0.857029 0.166192
vn 0.659226 0.705450 0.260309
vn 0.371962 0.921850 0.108800
vn 0.317248 0.943160 0.099010
vn 0.277498 0.955245 0.102481
vn 0.239456 0.964816 0.108585
vn 0.191225 0.975268 0.110838
vn 0.085978 0.991320 0.099461
vn -0.078641 0.993640 0.080591
vn 0.473551 0.843358 0.253963
vn 0.630513 0.673703 0.385459
vn 0.360795 0.917811 0.165679
vn 0.305081 0.942017 0.139747
vn 0.264672 0.955092 0.133219
vn 0.226606 0.964709 0.134114
vn 0.178498 0.974359 0.136977
vn 0.071878 0.987649 0.139223
vn -0.092476 0.984071 0.151828
vn 0.459475 0.814701 0.353760
vn 0.593263 0.616189 0.518025
vn 0.352027 0.907674 0.228485
vn 0.295365 0.937834 0.182282
vn 0.254102 0.953088 0.164484
vn 0.215429 0.963041 0.161685
vn 0.165873 0.971293 0.170516
vn 0.052783 0.977762 0.202966
vn -0.113909 0.953943 0.277519
vn 0.443025 0.750423 0.490504
vn 0.537308 0.510250 0.671524
vn 0.348047 0.881851 0.318123
vn 0.290182 0.925979 0.241573
vn 0.246777 0.946220 0.209208
vn 0.205735 0.956458 0.207032
vn 0.151775 0.959540 0.237164
vn 0.025232 0.938216 0.345130
vn -0.130084 0.834622 0.535243
vn 0.398884 0.596604 0.696388
vn 0.398067 0.238068 0.885927
vn 0.342516 0.792024 0.505352
vn 0.290091 0.870244 0.398149
vn 0.244553 0.901410 0.357286
vn 0.198425 0.905195 0.375831
vn 0.135390 0.873015 0.468524
vn -0.003275 0.768113 0.640306
vn -0.070976 0.474408 0.877439
vn 0.000111 0.706921 0.707292
vn 0.270716 0.115262 0.955734
vn 0.396521 0.098753 0.912699
vn 0.292287 0.349118 0.890329
vn 0.285234 0.524044 0.802508
vn 0.258525 0.625928 0.735785
vn 0.220449 0.657268 0.720695
vn 0.171969 0.617129 0.767840
vn 0.107204 0.482042 0.869565
vn -0.075548 0.281117 0.956695
vn 0.020295 0.211917 0.977077
vn -0.036968 0.590470 0.806213
vn 0.108259 -0.993990 -0.016260
vn 0.146122 -0.989034 -0.021433
vn -0.073415 -0.972300 0.221909
vn -0.137639 -0.940459 0.310794
vn -0.244476 -0.893837 0.375881
vn -0.301751 -0.841297 0.448514
vn -0.357316 -0.840298 0.407705
vn -0.426366 -0.772580 0.470460
vn -0.462775 -0.795121 0.391945
vn -0.544469 -0.712381 0.442794
vn -0.567352 -0.744637 0.351607
vn -0.659078 -0.642585 0.390768
vn -0.680852 -0.665496 0.305869
vn -0.780051 -0.527942 0.335854
vn -0.846480 -0.455791 0.275184
vn -0.934213 -0.207956 0.289830
vn -0.965725 -0.078253 0.247493
vn -0.962737 0.131406 0.236367
vn 0.174048 -0.984736 -0.001471
vn -0.053859 -0.981221 0.185216
vn -0.220094 -0.928731 0.298359
vn -0.319902 -0.893210 0.315974
vn -0.408649 -0.863269 0.296264
vn -0.495471 -0.829551 0.257591
vn -0.592631 -0.776033 0.215780
vn -0.754494 -0.628138 0.190215
vn -0.927135 -0.327145 0.182747
vn 0.186828 -0.982013 0.027303
vn -0.047061 -0.986043 0.159700
vn -0.208615 -0.948992 0.236421
vn -0.297226 -0.923758 0.241512
vn -0.371591 -0.902494 0.217773
vn -0.442783 -0.878495 0.179412
vn -0.524085 -0.840293 0.138715
vn -0.671547 -0.732805 0.109644
vn -0.861798 -0.497122 0.100864
vn 0.190850 -0.979908 0.057941
vn -0.045875 -0.989012 0.140537
vn -0.203071 -0.961433 0.185497
vn -0.282424 -0.942267 0.179917
vn -0.345013 -0.926106 0.152625
vn -0.403365 -0.907890 0.114156
vn -0.471168 -0.878969 0.073574
vn -0.602459 -0.797221 0.038493
vn -0.792066 -0.610135 0.019118
vn 0.189119 -0.978069 0.087262
vn -0.047088 -0.991015 0.125189
vn -0.199774 -0.969420 0.142533
vn -0.271369 -0.953926 0.127997
vn -0.324397 -0.940850 0.097816
vn -0.372427 -0.926169 0.059241
vn -0.429234 -0.903004 0.018501
vn -0.545633 -0.837714 -0.022800
vn -0.726615 -0.684789 -0.055629
vn 0.183476 -0.976393 0.113988
vn -0.049148 -0.992443 0.112434
vn -0.196842 -0.974714 0.105763
vn -0.261800 -0.961480 0.083767
vn -0.307066 -0.950302 0.051344
vn -0.346871 -0.937826 0.012790
vn -0.394876 -0.918303 -0.028141
vn -0.498440 -0.863660 -0.075155
vn -0.667993 -0.734177 -0.121530
vn 0.186609 -0.970182 0.154675
vn -0.046300 -0.993019 0.108491
vn -0.191585 -0.978420 0.077398
vn -0.251716 -0.966595 0.048294
vn -0.291028 -0.956609 0.014234
vn -0.324481 -0.945603 -0.023407
vn -0.365603 -0.928649 -0.062812
vn -0.458413 -0.881852 -0.110431
vn -0.616865 -0.769071 -0.167354
vn 0.199372 -0.956021 0.215114
vn -0.034406 -0.992163 0.120119
vn -0.182142 -0.981446 0.059901
vn -0.240042 -0.970499 0.022638
vn -0.275589 -0.961189 -0.012903
vn -0.304807 -0.951175 -0.048568
vn -0.341280 -0.936214 -0.083851
vn -0.426362 -0.895974 -0.124285
vn -0.577477 -0.797228 -0.175920
vn 0.214551 -0.933063 0.288722
vn -0.017512 -0.989253 0.145162
vn -0.170306 -0.984059 0.051220
vn -0.227845 -0.973687 0.004563
vn -0.261508 -0.964652 -0.032564
vn -0.288515 -0.955222 -0.065651
vn -0.322679 -0.941704 -0.095251
vn -0.403701 -0.906449 -0.123996
vn -0.552319 -0.818319 -0.159053
vn 0.233634 -0.893633 0.383190
vn 0.004939 -0.982022 0.188702
vn -0.156103 -0.986299 0.053349
vn -0.215361 -0.976520 -0.005358
vn -0.249036 -0.967455 -0.044864
vn -0.275784 -0.958287 -0.075023
vn -0.309874 -0.945786 -0.097300
vn -0.390411 -0.914115 -0.109425
vn -0.541507 -0.832087 -0.120002
vn 0.259961 -0.814535 0.518606
vn 0.040657 -0.961060 0.273332
vn -0.136378 -0.987612 0.077608
vn -0.201351 -0.979519 -0.000806
vn -0.237715 -0.970273 -0.045416
vn -0.266450 -0.961142 -0.072177
vn -0.302778 -0.949437 -0.083032
vn -0.386125 -0.920112 -0.065582
vn -0.544988 -0.837916 -0.029748
vn 0.285168 -0.642719 0.711050
vn 0.103751 -0.886256 0.451426
vn -0.102391 -0.982168 0.157678
vn -0.181875 -0.982593 0.037856
vn -0.225688 -0.973998 -0.019823
vn -0.259497 -0.964842 -0.041723
vn -0.300397 -0.953370 -0.029098
vn -0.386840 -0.920547 0.054304
vn -0.548642 -0.813104 0.194561
vn 0.275251 -0.216622 0.936649
vn 0.193549 -0.598498 0.777393
vn 0.185607 -0.659582 0.728356
vn -0.017051 -0.894959 0.445822
vn -0.033573 -0.924611 0.379431
vn -0.130317 -0.961552 0.241734
vn -0.194223 -0.970293 0.144254
vn -0.239147 -0.963181 0.122844
vn -0.287917 -0.950783 0.114524
vn -0.376309 -0.906025 0.193678
vn -0.342293 -0.850481 0.399396
vn -0.403877 -0.575836 0.710842
vn 0.214758 -0.159289 0.963590
vn 0.245379 -0.446364 0.860551
vn 0.123255 -0.440680 0.889162
vn 0.020351 -0.844922 0.534502
vn 0.020701 -0.648707 0.760757
vn -0.060466 -0.747732 0.661242
vn -0.113247 -0.761563 0.638120
vn -0.139852 -0.696738 0.703561
vn -0.283056 -0.941533 0.182744
vn -0.137324 -0.617622 0.774393
vn -0.132265 -0.513871 0.847610
vn -0.246477 -0.458665 0.853742
vn -0.073934 -0.174334 0.981907
vn -0.329876 -0.422724 0.844089
vn 0.975565 0.207628 -0.071858
vn 0.890788 0.454269 -0.011686
vn 0.996481 0.077933 -0.030863
vn 0.988368 -0.131223 -0.076877
vn 0.848756 0.527987 -0.029037
vn 0.746709 0.664544 0.028416
vn 0.763925 0.643726 0.045111
vn 0.661390 0.744487 0.091117
vn 0.688689 0.714431 0.123678
vn 0.586056 0.795696 0.152993
vn 0.604302 0.775085 0.184561
vn 0.504247 0.841412 0.194321
vn 0.497719 0.843589 0.201578
vn 0.402485 0.895208 0.191334
vn 0.315629 0.941414 0.118816
vn 0.213204 0.973663 0.080774
vn -0.013572 0.993843 -0.109966
vn -0.042357 0.992699 -0.112938
vn 0.777537 0.623981 0.077999
vn 0.942344 0.323269 0.086523
vn 0.627916 0.773205 0.088750
vn 0.546380 0.827423 0.129769
vn 0.476829 0.861820 0.172916
vn 0.404343 0.892518 0.199799
vn 0.318040 0.928927 0.189590
vn 0.161865 0.983290 0.083316
vn -0.051141 0.992926 -0.107153
vn 0.668713 0.725701 0.161804
vn 0.849128 0.486618 0.205390
vn 0.529053 0.836158 0.144714
vn 0.453969 0.875289 0.166675
vn 0.390629 0.899968 0.193566
vn 0.326754 0.921985 0.207788
vn 0.253960 0.948231 0.190691
vn 0.126815 0.988128 0.086729
vn -0.047253 0.993836 -0.100283
vn 0.570357 0.787016 0.235157
vn 0.743077 0.591301 0.313366
vn 0.446163 0.873680 0.193964
vn 0.378198 0.903891 0.199866
vn 0.320845 0.922827 0.213186
vn 0.264550 0.939681 0.216826
vn 0.203082 0.959811 0.193702
vn 0.100122 0.990832 0.090704
vn -0.040045 0.994822 -0.093406
vn 0.481972 0.824454 0.296611
vn 0.635740 0.657228 0.404828
vn 0.374877 0.896628 0.235640
vn 0.314210 0.921493 0.228304
vn 0.262647 0.936961 0.230478
vn 0.213130 0.950659 0.225438
vn 0.161244 0.967007 0.197225
vn 0.078362 0.992449 0.094363
vn -0.032721 0.995623 -0.087547
vn 0.402172 0.847566 0.346252
vn 0.532255 0.698426 0.478441
vn 0.312253 0.910913 0.269693
vn 0.258907 0.932542 0.251658
vn 0.212999 0.945885 0.244810
vn 0.169677 0.957619 0.232755
vn 0.126059 0.971581 0.200349
vn 0.060054 0.993455 0.097165
vn -0.026111 0.996197 -0.083121
vn 0.326406 0.859950 0.392359
vn 0.430160 0.720725 0.543616
vn 0.254851 0.919099 0.300511
vn 0.209267 0.939122 0.272502
vn 0.169054 0.951298 0.257785
vn 0.131264 0.961837 0.240081
vn 0.093964 0.974249 0.204964
vn 0.038941 0.993842 0.103741
vn -0.036065 0.997124 -0.066655
vn 0.250295 0.862409 0.440003
vn 0.320963 0.721646 0.613359
vn 0.199762 0.922311 0.330814
vn 0.163053 0.942306 0.292358
vn 0.128868 0.954111 0.270305
vn 0.095871 0.963974 0.248118
vn 0.062228 0.975283 0.212015
vn 0.009591 0.993173 0.116256
vn -0.067441 0.996948 -0.039325
vn 0.174161 0.857029 0.484942
vn 0.207502 0.705450 0.677704
vn 0.146851 0.921850 0.358648
vn 0.120392 0.943160 0.309766
vn 0.092894 0.955245 0.280852
vn 0.064403 0.964816 0.254916
vn 0.032570 0.975268 0.218612
vn -0.024156 0.991320 0.129233
vn -0.112040 0.993640 -0.011236
vn 0.096699 0.843358 0.528581
vn 0.091755 0.673703 0.733284
vn 0.095419 0.917811 0.385380
vn 0.080956 0.942017 0.325653
vn 0.060865 0.955092 0.289990
vn 0.036432 0.964709 0.260787
vn 0.004198 0.974359 0.224959
vn -0.064034 0.987649 0.143001
vn -0.176362 0.984071 0.022363
vn 0.009898 0.814701 0.579797
vn -0.035115 0.616189 0.786815
vn 0.040849 0.907674 0.417684
vn 0.041643 0.937834 0.344577
vn 0.029831 0.953088 0.301219
vn 0.007907 0.963041 0.269238
vn -0.029895 0.971293 0.236000
vn -0.125776 0.977762 0.167815
vn -0.287994 0.953943 0.083973
vn -0.107270 0.750423 0.652195
vn -0.190013 0.510250 0.838773
vn -0.031715 0.881851 0.470461
vn -0.007944 0.925979 0.377492
vn -0.009703 0.946220 0.323377
vn -0.033590 0.956458 0.289932
vn -0.090792 0.959540 0.266532
vn -0.254102 0.938216 0.234912
vn -0.499576 0.834622 0.232015
vn -0.295758 0.596604 0.746051
vn -0.444455 0.238068 0.863588
vn -0.181545 0.792024 0.582872
vn -0.130416 0.870244 0.475044
vn -0.126861 0.901410 0.413963
vn -0.170120 0.905195 0.389462
vn -0.281892 0.873015 0.397972
vn -0.502653 0.768113 0.396664
vn -0.730263 0.474408 0.491583
vn -0.552914 0.706921 0.441076
vn -0.578435 0.115262 0.807544
vn -0.466350 0.098753 0.879071
vn -0.513849 0.349118 0.783630
vn -0.449586 0.524044 0.723361
vn -0.414072 0.625928 0.660877
vn -0.426015 0.657268 0.621700
vn -0.493100 0.617129 0.613191
vn -0.613013 0.482042 0.625980
vn -0.795078 0.281117 0.537424
vn -0.751256 0.211917 0.625065
vn -0.653372 0.590470 0.473763
vn 0.080211 -0.993990 0.074502
vn 0.107862 -0.989034 0.100879
vn -0.219269 -0.972300 0.080959
vn -0.328805 -0.940459 0.086166
vn -0.446304 -0.893837 0.043218
vn -0.538801 -0.841297 0.043725
vn -0.541540 -0.840298 -0.025161
vn -0.633655 -0.772580 -0.040020
vn -0.594971 -0.795121 -0.117439
vn -0.685661 -0.712381 -0.149606
vn -0.628636 -0.744637 -0.224350
vn -0.716443 -0.642585 -0.271648
vn -0.663643 -0.665496 -0.341605
vn -0.748935 -0.527942 -0.400467
vn -0.742919 -0.455791 -0.490230
vn -0.809070 -0.207956 -0.549691
vn -0.795617 -0.078253 -0.600725
vn -0.785056 0.131406 -0.605326
vn 0.109667 -0.984736 0.135159
vn -0.178388 -0.981221 0.073371
vn -0.370492 -0.928731 0.013948
vn -0.446494 -0.893210 -0.053103
vn -0.486417 -0.863269 -0.134777
vn -0.510314 -0.829551 -0.226769
vn -0.538203 -0.776033 -0.328801
vn -0.619136 -0.628138 -0.471290
vn -0.720937 -0.327145 -0.610923
vn 0.095138 -0.982013 0.163091
vn -0.154200 -0.986043 0.062777
vn -0.314911 -0.948992 -0.015696
vn -0.374139 -0.923758 -0.081800
vn -0.401945 -0.902494 -0.154742
vn -0.416341 -0.878495 -0.234321
vn -0.435214 -0.840293 -0.323259
vn -0.504426 -0.732805 -0.456675
vn -0.616181 -0.497122 -0.610894
vn 0.073693 -0.979908 0.185338
vn -0.138479 -0.989012 0.051757
vn -0.271640 -0.961433 -0.043112
vn -0.316753 -0.942267 -0.108632
vn -0.334439 -0.926106 -0.174582
vn -0.340745 -0.907890 -0.244188
vn -0.351291 -0.878969 -0.322502
vn -0.405722 -0.797221 -0.447021
vn -0.508792 -0.610135 -0.607343
vn 0.049689 -0.978069 0.202266
vn -0.127235 -0.991015 0.041239
vn -0.235994 -0.969420 -0.067322
vn -0.269268 -0.953926 -0.132360
vn -0.278734 -0.940850 -0.192637
vn -0.278521 -0.926169 -0.254239
vn -0.282088 -0.903004 -0.324054
vn -0.322371 -0.837714 -0.440809
vn -0.409545 -0.684789 -0.602775
vn 0.025276 -0.976393 0.214517
vn -0.118547 -0.992443 0.031676
vn -0.205418 -0.974714 -0.087956
vn -0.228722 -0.961480 -0.152456
vn -0.231595 -0.950302 -0.208061
vn -0.226270 -0.937826 -0.263220
vn -0.224199 -0.918303 -0.326272
vn -0.252013 -0.863660 -0.436555
vn -0.321471 -0.734177 -0.598031
vn -0.004581 -0.970182 0.242335
vn -0.113689 -0.993019 0.031444
vn -0.179963 -0.978420 -0.101531
vn -0.194700 -0.966595 -0.166688
vn -0.192582 -0.956609 -0.218661
vn -0.184010 -0.945603 -0.268283
vn -0.178842 -0.928649 -0.325003
vn -0.199477 -0.881852 -0.427254
vn -0.253767 -0.769071 -0.586628
vn -0.043876 -0.956021 0.289996
vn -0.115365 -0.992163 0.047993
vn -0.160396 -0.981446 -0.105057
vn -0.167363 -0.970499 -0.173558
vn -0.161739 -0.961189 -0.223510
vn -0.152072 -0.951175 -0.268589
vn -0.147228 -0.936214 -0.319104
vn -0.168662 -0.895974 -0.410834
vn -0.222511 -0.797228 -0.561175
vn -0.091962 -0.933063 0.347758
vn -0.124411 -0.989253 0.076816
vn -0.146229 -0.984059 -0.101215
vn -0.145626 -0.973687 -0.175291
vn -0.137588 -0.964652 -0.224759
vn -0.128558 -0.955222 -0.266503
vn -0.126717 -0.941704 -0.311668
vn -0.154759 -0.906449 -0.392937
vn -0.220012 -0.818319 -0.530988
vn -0.153922 -0.893633 0.421578
vn -0.144454 -0.982022 0.121516
vn -0.139038 -0.986299 -0.088784
vn -0.130086 -0.976520 -0.171717
vn -0.120195 -0.967455 -0.222676
vn -0.113293 -0.958287 -0.262393
vn -0.117131 -0.945786 -0.302935
vn -0.157865 -0.914115 -0.373461
vn -0.243803 -0.832087 -0.498188
vn -0.243380 -0.814535 0.526591
vn -0.188350 -0.961060 0.202207
vn -0.145707 -0.987612 -0.058236
vn -0.124910 -0.979519 -0.157924
vn -0.112705 -0.970273 -0.214169
vn -0.109699 -0.961142 -0.253321
vn -0.123862 -0.949437 -0.288491
vn -0.189471 -0.920112 -0.342775
vn -0.316536 -0.837916 -0.444637
vn -0.378122 -0.642719 0.666285
vn -0.288252 -0.886256 0.362575
vn -0.187118 -0.982168 0.018258
vn -0.142994 -0.982593 -0.118592
vn -0.125216 -0.973998 -0.188810
vn -0.129173 -0.964842 -0.228897
vn -0.164545 -0.953370 -0.253002
vn -0.283647 -0.920547 -0.268586
vn -0.494186 -0.813104 -0.307639
vn -0.560685 -0.216622 0.799191
vn -0.487114 -0.598498 0.636019
vn -0.453727 -0.659582 0.599235
vn -0.359189 -0.894959 0.264634
vn -0.317584 -0.924611 0.210324
vn -0.270247 -0.961552 0.048832
vn -0.233878 -0.970293 -0.061908
vn -0.245149 -0.963181 -0.110381
vn -0.269052 -0.950783 -0.153698
vn -0.386049 -0.906025 -0.173453
vn -0.525676 -0.850481 -0.018596
vn -0.807572 -0.575836 0.127439
vn -0.619466 -0.159289 0.768693
vn -0.519815 -0.446364 0.728390
vn -0.618327 -0.440680 0.650748
vn -0.405202 -0.844922 0.349168
vn -0.581877 -0.648707 0.490509
vn -0.554680 -0.747732 0.365003
vn -0.569510 -0.761563 0.309321
vn -0.637262 -0.696738 0.329322
vn -0.319358 -0.941533 -0.107363
vn -0.691065 -0.617622 0.375463
vn -0.745154 -0.513871 0.425067
vn -0.821158 -0.458665 0.339596
vn -0.813783 -0.174334 0.554405
vn -0.865610 -0.422724 0.268373
vn 0.664436 0.207628 0.717925
vn 0.564533 0.454269 0.689160
vn 0.645425 0.077933 0.759837
vn 0.676342 -0.131223 0.724805
vn 0.551893 0.527987 0.645480
vn 0.443349 0.664544 0.601517
vn 0.441030 0.643726 0.625387
vn 0.341132 0.744487 0.573906
vn 0.332695 0.714431 0.615551
vn 0.245785 0.795696 0.553586
vn 0.232480 0.775085 0.587534
vn 0.162467 0.841412 0.515393
vn 0.152723 0.843589 0.514814
vn 0.101355 0.895208 0.433970
vn 0.103898 0.941414 0.320850
vn 0.069778 0.973663 0.217052
vn 0.077513 0.993843 -0.079174
vn 0.061889 0.992699 -0.103532
vn 0.423805 0.623981 0.656534
vn 0.519896 0.323269 0.790700
vn 0.322111 0.773205 0.546259
vn 0.239205 0.827423 0.508087
vn 0.162107 0.861820 0.480611
vn 0.095895 0.892518 0.440700
vn 0.050067 0.928927 0.366861
vn 0.035782 0.983290 0.178497
vn 0.051890 0.992926 -0.106792
vn 0.290432 0.725701 0.623704
vn 0.368842 0.486618 0.791933
vn 0.216717 0.836158 0.503858
vn 0.152734 0.875289 0.458848
vn 0.092217 0.899968 0.426092
vn 0.041273 0.921985 0.385020
vn 0.009253 0.948231 0.317447
vn 0.011260 0.988128 0.153222
vn 0.048943 0.993836 -0.099470
vn 0.171759 0.787016 0.592540
vn 0.218302 0.591301 0.776342
vn 0.126531 0.873680 0.469759
vn 0.079541 0.903891 0.420302
vn 0.033368 0.922827 0.383766
vn -0.004577 0.939681 0.342023
vn -0.024823 0.959811 0.279548
vn -0.008490 0.990832 0.134832
vn 0.048060 0.994822 -0.089546
vn 0.068605 0.824454 0.561755
vn 0.079870 0.657228 0.749448
vn 0.049501 0.896628 0.440010
vn 0.017412 0.921493 0.388005
vn -0.016438 0.936961 0.349046
vn -0.043370 0.950659 0.307190
vn -0.053663 0.967007 0.249033
vn -0.024918 0.992449 0.120101
vn 0.048046 0.995623 -0.080168
vn -0.019960 0.847566 0.530315
vn -0.042205 0.698426 0.714437
vn -0.016168 0.910913 0.412281
vn -0.035328 0.932542 0.359328
vn -0.058598 0.945885 0.319166
vn -0.076183 0.957619 0.277779
vn -0.078043 0.971581 0.223472
vn -0.038523 0.993455 0.107534
vn 0.048706 0.996197 -0.072239
vn -0.103248 0.859950 0.499826
vn -0.156815 0.720725 0.675252
vn -0.076052 0.919099 0.386616
vn -0.082575 0.939122 0.333514
vn -0.096141 0.951298 0.292898
vn -0.105861 0.961837 0.252315
vn -0.101662 0.974249 0.201257
vn -0.056829 0.993842 0.095127
vn 0.029627 0.997124 -0.069756
vn -0.187952 0.862409 0.470026
vn -0.279426 0.721646 0.633362
vn -0.134091 0.922311 0.362440
vn -0.126912 0.942306 0.309762
vn -0.130985 0.954111 0.269285
vn -0.134212 0.963974 0.229654
vn -0.126962 0.975283 0.180841
vn -0.084913 0.993173 0.079983
vn -0.011303 0.996948 -0.077246
vn -0.270555 0.857029 0.438521
vn -0.400474 0.705450 0.584773
vn -0.188842 0.921850 0.338426
vn -0.167122 0.943160 0.287262
vn -0.161660 0.955245 0.247736
vn -0.159147 0.964816 0.209290
vn -0.150610 0.975268 0.161766
vn -0.116100 0.991320 0.061690
vn -0.061071 0.993640 -0.094602
vn -0.352970 0.843358 0.405167
vn -0.516097 0.673703 0.528932
vn -0.241810 0.917811 0.314882
vn -0.204130 0.942017 0.266336
vn -0.188774 0.955092 0.228392
vn -0.181177 0.964709 0.191082
vn -0.173262 0.974359 0.143542
vn -0.151727 0.987649 0.039096
vn -0.127444 0.984071 -0.123942
vn -0.447133 0.814701 0.369236
vn -0.637051 0.616189 0.463117
vn -0.301090 0.907674 0.292358
vn -0.243437 0.937834 0.247398
vn -0.216903 0.953088 0.211130
vn -0.205569 0.963041 0.174050
vn -0.203151 0.971293 0.123771
vn -0.209623 0.977762 0.006295
vn -0.245214 0.953943 -0.172807
vn -0.576788 0.750423 0.322770
vn -0.774250 0.510250 0.374409
vn -0.387595 0.881851 0.268532
vn -0.300088 0.925979 0.229151
vn -0.258876 0.946220 0.194036
vn -0.247621 0.956458 0.154508
vn -0.264991 0.959540 0.095196
vn -0.342091 0.938216 -0.052200
vn -0.492877 0.834622 -0.245925
vn -0.767688 0.596604 0.233922
vn -0.952293 0.238068 0.190949
vn -0.568899 0.792024 0.221477
vn -0.452718 0.870244 0.194222
vn -0.402746 0.901410 0.158918
vn -0.410562 0.905195 0.109820
vn -0.486904 0.873015 0.027739
vn -0.623523 0.768113 -0.145674
vn -0.839646 0.474408 -0.264445
vn -0.689584 0.706921 -0.157279
vn -0.992012 0.115262 0.051257
vn -0.978050 0.098753 0.183484
vn -0.933046 0.349118 0.086842
vn -0.845858 0.524044 0.099508
vn -0.774864 0.625928 0.088315
vn -0.751680 0.657268 0.054552
vn -0.786855 0.617129 -0.003203
vn -0.871618 0.482042 -0.088980
vn -0.915898 0.281117 -0.286539
vn -0.957096 0.211917 -0.197634
vn -0.777773 0.590470 -0.215440
vn -0.008237 -0.993990 0.109162
vn -0.011620 -0.989034 0.147227
vn -0.200008 -0.972300 -0.120954
vn -0.272374 -0.940459 -0.203346
vn -0.312055 -0.893837 -0.321988
vn -0.370123 -0.841297 -0.393990
vn -0.317973 -0.840298 -0.439081
vn -0.363789 -0.772580 -0.520363
vn -0.279141 -0.795121 -0.538389
vn -0.310536 -0.712381 -0.629349
vn -0.216544 -0.744637 -0.631367
vn -0.234312 -0.642585 -0.729508
vn -0.146697 -0.665496 -0.731844
vn -0.153855 -0.527942 -0.835228
vn -0.079925 -0.455791 -0.886491
vn -0.074681 -0.207956 -0.975283
vn -0.026394 -0.078253 -0.996584
vn -0.016212 0.131406 -0.991196
vn -0.037295 -0.984736 0.170012
vn -0.168587 -0.981221 -0.093723
vn -0.241903 -0.928731 -0.280966
vn -0.236867 -0.893210 -0.382192
vn -0.197903 -0.863269 -0.464328
vn -0.140880 -0.829551 -0.540368
vn -0.078497 -0.776033 -0.625788
vn -0.017556 -0.628138 -0.777904
vn 0.028142 -0.327145 -0.944555
vn -0.068192 -0.982013 0.176068
vn -0.145224 -0.986043 -0.081418
vn -0.184072 -0.948992 -0.255993
vn -0.169318 -0.923758 -0.343515
vn -0.129626 -0.902494 -0.410734
vn -0.076385 -0.878495 -0.471605
vn -0.018618 -0.840293 -0.541812
vn 0.042539 -0.732805 -0.679108
vn 0.093433 -0.497122 -0.862635
vn -0.098956 -0.979908 0.173172
vn -0.126805 -0.989012 -0.075997
vn -0.135659 -0.961433 -0.239257
vn -0.112560 -0.942267 -0.315378
vn -0.072026 -0.926106 -0.370325
vn -0.021537 -0.907890 -0.418654
vn 0.033116 -0.878969 -0.475727
vn 0.096531 -0.797221 -0.595919
vn 0.157613 -0.610135 -0.776462
vn -0.127157 -0.978069 0.164959
vn -0.111572 -0.991015 -0.073764
vn -0.094506 -0.969420 -0.226482
vn -0.064403 -0.953926 -0.293047
vn -0.023178 -0.940850 -0.338030
vn 0.025117 -0.926169 -0.376271
vn 0.077477 -0.903004 -0.422589
vn 0.143643 -0.837714 -0.526880
vn 0.215921 -0.684789 -0.696019
vn -0.151957 -0.976393 0.153511
vn -0.098678 -0.992443 -0.072935
vn -0.059310 -0.974714 -0.215442
vn -0.023411 -0.961480 -0.273877
vn 0.018272 -0.950302 -0.310792
vn 0.064717 -0.937826 -0.341020
vn 0.115304 -0.918303 -0.378713
vn 0.184184 -0.863660 -0.469219
vn 0.267126 -0.734177 -0.624202
vn -0.192321 -0.970182 0.147512
vn -0.095468 -0.993019 -0.069281
vn -0.032825 -0.978420 -0.204004
vn 0.008929 -0.966595 -0.256151
vn 0.050883 -0.956609 -0.286899
vn 0.095024 -0.945603 -0.311137
vn 0.142591 -0.928649 -0.342460
vn 0.209669 -0.881852 -0.422346
vn 0.300423 -0.769071 -0.564159
vn -0.254085 -0.956021 0.146506
vn -0.109451 -0.992163 -0.060272
vn -0.017868 -0.981446 -0.190905
vn 0.031344 -0.970499 -0.239061
vn 0.073904 -0.961189 -0.265809
vn 0.115176 -0.951175 -0.286357
vn 0.157690 -0.936214 -0.314065
vn 0.216044 -0.895974 -0.388016
vn 0.300010 -0.797228 -0.523853
vn -0.329225 -0.933063 0.144925
vn -0.137626 -0.989253 -0.049374
vn -0.012039 -0.984059 -0.177433
vn 0.046252 -0.973687 -0.223148
vn 0.089939 -0.964652 -0.247705
vn 0.128206 -0.955222 -0.266672
vn 0.164665 -0.941704 -0.293394
vn 0.210720 -0.906449 -0.365988
vn 0.277968 -0.818319 -0.503078
vn -0.425572 -0.893633 0.142509
vn -0.185070 -0.982022 -0.037175
vn -0.017275 -0.986299 -0.164060
vn 0.053146 -0.976520 -0.208769
vn 0.099155 -0.967455 -0.232809
vn 0.134510 -0.958287 -0.252175
vn 0.163814 -0.945786 -0.280454
vn 0.193556 -0.914115 -0.356273
vn 0.237490 -0.832087 -0.501228
vn -0.563450 -0.814535 0.138042
vn -0.275526 -0.961060 -0.021184
vn -0.045316 -0.987612 -0.150228
vn 0.045590 -0.979519 -0.196123
vn 0.097174 -0.970273 -0.221649
vn 0.129658 -0.961142 -0.243709
vn 0.148325 -0.949437 -0.276710
vn 0.149859 -0.920112 -0.361851
vn 0.150274 -0.837916 -0.524705
vn -0.756678 -0.642719 0.119794
vn -0.463195 -0.886256 0.000698
vn -0.130940 -0.982168 -0.134911
vn 0.003564 -0.982593 -0.185739
vn 0.069546 -0.973998 -0.215619
vn 0.098421 -0.964842 -0.243706
vn 0.095213 -0.953370 -0.286390
vn 0.033138 -0.920547 -0.389224
vn -0.067598 -0.813104 -0.578180
vn -0.974415 -0.216622 0.059926
vn -0.800971 -0.598498 0.015710
vn -0.751396 -0.659582 0.018879
vn -0.430850 -0.894959 -0.115828
vn -0.362448 -0.924611 -0.117162
vn -0.206675 -0.961552 -0.180841
vn -0.097419 -0.970293 -0.221453
vn -0.066548 -0.963181 -0.260487
vn -0.047585 -0.950783 -0.306183
vn -0.105086 -0.906025 -0.409971
vn -0.313215 -0.850481 -0.422585
vn -0.603149 -0.575836 -0.551928
vn -0.987219 -0.159289 -0.005046
vn -0.893577 -0.446364 0.047736
vn -0.894296 -0.440680 -0.077693
vn -0.525630 -0.844922 -0.099097
vn -0.746289 -0.648707 -0.149102
vn -0.631208 -0.747732 -0.206090
vn -0.596921 -0.761563 -0.252402
vn -0.654801 -0.696738 -0.292903
vn -0.115176 -0.941533 -0.316624
vn -0.724420 -0.617622 -0.306199
vn -0.796927 -0.513871 -0.317560
vn -0.777490 -0.458665 -0.430273
vn -0.940837 -0.174334 -0.290576
vn -0.749522 -0.422724 -0.509433
vn -0.147027 0.207628 0.967095
vn -0.186826 0.454269 0.871054
vn -0.191648 0.077933 0.978365
vn -0.144982 -0.131223 0.980694
vn -0.160557 0.527987 0.833937
vn -0.193862 0.664544 0.721664
vn -0.213970 0.643726 0.734733
vn -0.236006 0.744487 0.624532
vn -0.273825 0.714431 0.643901
vn -0.279567 0.795696 0.537318
vn -0.314403 0.775085 0.548082
vn -0.301654 0.841412 0.448364
vn -0.307277 0.843589 0.440385
vn -0.276098 0.895208 0.349819
vn -0.186071 0.941414 0.281277
vn -0.126192 0.973663 0.189884
vn 0.110229 0.993843 0.011238
vn 0.119532 0.992699 -0.016164
vn -0.249061 0.623981 0.740687
vn -0.294044 0.323269 0.899464
vn -0.226249 0.773205 0.592424
vn -0.248096 0.827423 0.503805
vn -0.274685 0.861820 0.426397
vn -0.284764 0.892518 0.349745
vn -0.255607 0.928927 0.267878
vn -0.117245 0.983290 0.139267
vn 0.115846 0.992926 -0.026015
vn -0.306550 0.725701 0.615942
vn -0.389190 0.486618 0.782134
vn -0.258812 0.836158 0.483587
vn -0.263514 0.875289 0.405499
vn -0.275636 0.899968 0.337762
vn -0.275287 0.921985 0.272324
vn -0.242421 0.948231 0.205160
vn -0.112774 0.988128 0.104336
vn 0.108284 0.993836 -0.023753
vn -0.356177 0.787016 0.503729
vn -0.470860 0.591301 0.654716
vn -0.288382 0.873680 0.391815
vn -0.279012 0.903891 0.324242
vn -0.279236 0.922827 0.265363
vn -0.270258 0.939681 0.209669
vn -0.234036 0.959811 0.154888
vn -0.110709 0.990832 0.077429
vn 0.099975 0.994822 -0.018256
vn -0.396424 0.824454 0.403886
vn -0.536144 0.657228 0.529718
vn -0.313150 0.896628 0.313043
vn -0.292498 0.921493 0.255530
vn -0.283144 0.936961 0.204776
vn -0.267212 0.950659 0.157622
vn -0.228160 0.967007 0.113314
vn -0.109435 0.992449 0.055400
vn 0.092634 0.995623 -0.012420
vn -0.427062 0.847566 0.315040
vn -0.584884 0.698426 0.412447
vn -0.332414 0.910913 0.244412
vn -0.302961 0.932542 0.196417
vn -0.286069 0.945885 0.153184
vn -0.264676 0.957619 0.113630
vn -0.223376 0.971581 0.078316
vn -0.108092 0.993455 0.036928
vn 0.086847 0.996197 -0.006960
vn -0.455153 0.859950 0.230914
vn -0.625706 0.720725 0.298409
vn -0.349687 0.919099 0.181591
vn -0.312236 0.939122 0.143383
vn -0.288940 0.951298 0.107453
vn -0.263271 0.961837 0.074550
vn -0.220734 0.974249 0.045999
vn -0.109805 0.993842 0.014880
vn 0.073009 0.997124 -0.020329
vn -0.484667 0.862409 0.146109
vn -0.669402 0.721646 0.176431
vn -0.366971 0.922311 0.121141
vn -0.321310 0.942306 0.093910
vn -0.292204 0.954111 0.065488
vn -0.263231 0.963974 0.038256
vn -0.220547 0.975283 0.013490
vn -0.115476 0.993173 -0.016519
vn 0.053346 0.996948 -0.056999
vn -0.511538 0.857029 0.061885
vn -0.706886 0.705450 0.051497
vn -0.382333 0.921850 0.063363
vn -0.328789 0.943160 0.048444
vn -0.294482 0.955245 0.028070
vn -0.262856 0.964816 0.006064
vn -0.220378 0.975268 -0.016892
vn -0.120618 0.991320 -0.052307
vn 0.035886 0.993640 -0.106731
vn -0.536845 0.843358 -0.023346
vn -0.735317 0.673703 -0.073717
vn -0.396951 0.917811 0.007271
vn -0.335503 0.942017 0.006462
vn -0.296263 0.955092 -0.005190
vn -0.262355 0.964709 -0.022512
vn -0.220253 0.974359 -0.045965
vn -0.125167 0.987649 -0.094249
vn 0.017442 0.984071 -0.176916
vn -0.567463 0.814701 -0.119368
vn -0.759274 0.616189 -0.209318
vn -0.416301 0.907674 -0.053119
vn -0.345204 0.937834 -0.036076
vn -0.300305 0.953088 -0.037944
vn -0.264248 0.963041 -0.052202
vn -0.223430 0.971293 -0.081660
vn -0.135620 0.977762 -0.159965
vn -0.017783 0.953943 -0.299459
vn -0.611974 0.750423 -0.249707
vn -0.775461 0.510250 -0.371893
vn -0.451608 0.881851 -0.135607
vn -0.366259 0.925979 -0.091745
vn -0.313110 0.946220 -0.081418
vn -0.275188 0.956458 -0.097264
vn -0.239646 0.959540 -0.147824
vn -0.172479 0.938216 -0.300004
vn -0.115031 0.834622 -0.538678
vn -0.661533 0.596604 -0.454354
vn -0.743035 0.238068 -0.625478
vn -0.527860 0.792024 -0.306694
vn -0.434113 0.870244 -0.232854
vn -0.375355 0.901410 -0.215796
vn -0.341842 0.905195 -0.252519
vn -0.325267 0.873015 -0.363382
vn -0.274868 0.768113 -0.578316
vn -0.316759 0.474408 -0.821341
vn -0.306983 0.706921 -0.637200
vn -0.658584 0.115262 -0.743628
vn -0.753258 0.098753 -0.650270
vn -0.649640 0.349118 -0.675340
vn -0.605182 0.524044 -0.599277
vn -0.552168 0.625928 -0.550750
vn -0.511315 0.657268 -0.553675
vn -0.488092 0.617129 -0.617185
vn -0.473877 0.482042 -0.736937
vn -0.347028 0.281117 -0.894732
vn -0.442223 0.211917 -0.871510
vn -0.316496 0.590470 -0.742412
vn -0.090483 -0.993990 0.061621
vn -0.122352 -0.989034 0.082710
vn -0.030137 -0.972300 -0.231786
vn -0.010840 -0.940459 -0.339735
vn 0.057177 -0.893837 -0.444731
vn 0.077266 -0.841297 -0.535022
vn 0.145034 -0.840298 -0.522363
vn 0.180018 -0.772580 -0.608863
vn 0.246888 -0.795121 -0.553921
vn 0.298429 -0.712381 -0.635180
vn 0.358610 -0.744637 -0.562952
vn 0.424261 -0.642585 -0.638033
vn 0.480715 -0.665496 -0.570989
vn 0.557080 -0.527942 -0.641045
vn 0.643254 -0.455791 -0.615206
vn 0.715944 -0.207956 -0.666467
vn 0.762705 -0.078253 -0.641995
vn 0.764840 0.131406 -0.630675
vn -0.156174 -0.984736 0.076842
vn -0.031837 -0.981221 -0.190242
vn 0.068844 -0.928731 -0.364307
vn 0.151126 -0.893210 -0.423483
vn 0.239636 -0.863269 -0.444231
vn 0.334639 -0.829551 -0.447059
vn 0.440319 -0.776033 -0.451544
vn 0.597244 -0.628138 -0.498741
vn 0.756029 -0.327145 -0.566918
vn -0.180172 -0.982013 0.056462
vn -0.026891 -0.986043 -0.164303
vn 0.085376 -0.948992 -0.303523
vn 0.163003 -0.923758 -0.346556
vn 0.240304 -0.902494 -0.357434
vn 0.321090 -0.878495 -0.353761
vn 0.411998 -0.840293 -0.352370
vn 0.557471 -0.732805 -0.390159
vn 0.732690 -0.497122 -0.464795
vn -0.197089 -0.979908 0.030604
vn -0.019645 -0.989012 -0.146524
vn 0.102477 -0.961433 -0.255236
vn 0.176392 -0.942267 -0.284638
vn 0.244624 -0.926106 -0.287206
vn 0.313889 -0.907890 -0.277864
vn 0.392586 -0.878969 -0.270720
vn 0.526095 -0.797221 -0.296078
vn 0.705332 -0.610135 -0.360889
vn -0.208252 -0.978069 0.003435
vn -0.011893 -0.991015 -0.133222
vn 0.118147 -0.969420 -0.215096
vn 0.188959 -0.953926 -0.233064
vn 0.249831 -0.940850 -0.228879
vn 0.309841 -0.926169 -0.214964
vn 0.378699 -0.903004 -0.202907
vn 0.501491 -0.837714 -0.216199
vn 0.678794 -0.684789 -0.265147
vn -0.214763 -0.976393 -0.023092
vn -0.004502 -0.992443 -0.122624
vn 0.131460 -0.974714 -0.180696
vn 0.199529 -0.961480 -0.189063
vn 0.254379 -0.950302 -0.179490
vn 0.306971 -0.937826 -0.162025
vn 0.367981 -0.918303 -0.145976
vn 0.481688 -0.863660 -0.148552
vn 0.654571 -0.734177 -0.180337
vn -0.235240 -0.970182 -0.058391
vn -0.005358 -0.993019 -0.117836
vn 0.139031 -0.978420 -0.152858
vn 0.205834 -0.966595 -0.152727
vn 0.256032 -0.956609 -0.139097
vn 0.302503 -0.945603 -0.119698
vn 0.356650 -0.928649 -0.102038
vn 0.460930 -0.881852 -0.099403
vn 0.628388 -0.769071 -0.116867
vn -0.272962 -0.956021 -0.107307
vn -0.021119 -0.992163 -0.123152
vn 0.138115 -0.981446 -0.132997
vn 0.206448 -0.970499 -0.124546
vn 0.253896 -0.961189 -0.107948
vn 0.295694 -0.951175 -0.088493
vn 0.343864 -0.936214 -0.072529
vn 0.438064 -0.895974 -0.073014
vn 0.596618 -0.797228 -0.092059
vn -0.318575 -0.933063 -0.167040
vn -0.047206 -0.989253 -0.138385
vn 0.131216 -0.984059 -0.120040
vn 0.203301 -0.973687 -0.102969
vn 0.249739 -0.964652 -0.084125
vn 0.288428 -0.955222 -0.066032
vn 0.332051 -0.941704 -0.054187
vn 0.417522 -0.906449 -0.063443
vn 0.566633 -0.818319 -0.096340
vn -0.376757 -0.893633 -0.243872
vn -0.086325 -0.982022 -0.167872
vn 0.117497 -0.986299 -0.115796
vn 0.196358 -0.976520 -0.088614
vn 0.243839 -0.967455 -0.067632
vn 0.281024 -0.958287 -0.052064
vn 0.321404 -0.945786 -0.046785
vn 0.399226 -0.914115 -0.070804
vn 0.539948 -0.832087 -0.126833
vn -0.459231 -0.814535 -0.354455
vn -0.155225 -0.961060 -0.228623
vn 0.089199 -0.987612 -0.129095
vn 0.181760 -0.979519 -0.086637
vn 0.233879 -0.970273 -0.062222
vn 0.271380 -0.961142 -0.050579
vn 0.308819 -0.949437 -0.056561
vn 0.376342 -0.920112 -0.108446
vn 0.503925 -0.837916 -0.209659
vn -0.565440 -0.642719 -0.516904
vn -0.289343 -0.886256 -0.361705
vn 0.023838 -0.982168 -0.186489
vn 0.147438 -0.982593 -0.113020
vn 0.211939 -0.973998 -0.080062
vn 0.251902 -0.964842 -0.075000
vn 0.283273 -0.953370 -0.104121
vn 0.324969 -0.920547 -0.216769
vn 0.409892 -0.813104 -0.413340
vn -0.654390 -0.216622 -0.724465
vn -0.511680 -0.598498 -0.616429
vn -0.483248 -0.659582 -0.575694
vn -0.178072 -0.894959 -0.409070
vn -0.134381 -0.924611 -0.356422
vn 0.012528 -0.961552 -0.274337
vn 0.112399 -0.970293 -0.214238
vn 0.162165 -0.963181 -0.214441
vn 0.209714 -0.950783 -0.228106
vn 0.255009 -0.906025 -0.337772
vn 0.135104 -0.850481 -0.508358
vn 0.055458 -0.575836 -0.815682
vn -0.611576 -0.159289 -0.774985
vn -0.594458 -0.446364 -0.668864
vn -0.496842 -0.440680 -0.747629
vn -0.250248 -0.844922 -0.472740
vn -0.348731 -0.648707 -0.676436
vn -0.232424 -0.747732 -0.621993
vn -0.174838 -0.761563 -0.624062
vn -0.179261 -0.696738 -0.694566
vn 0.175735 -0.941533 -0.287460
vn -0.212272 -0.617622 -0.757287
vn -0.248597 -0.513871 -0.821058
vn -0.148356 -0.458665 -0.876137
vn -0.359421 -0.174334 -0.916747
vn -0.069028 -0.422724 -0.903626
vn -0.847776 0.207628 0.488023
vn -0.797502 0.454269 0.397027
vn -0.884407 0.077933 0.460164
vn -0.857132 -0.131223 0.498101
vn -0.752104 0.527987 0.394423
vn -0.685091 0.664544 0.298383
vn -0.707846 0.643726 0.290811
vn -0.635426 0.744487 0.204873
vn -0.674149 0.714431 0.187381
vn -0.594399 0.795696 0.116438
vn -0.624535 0.775085 0.095913
vn -0.538624 0.841412 0.043708
vn -0.535891 0.843589 0.034337
vn -0.445643 0.895208 0.002246
vn -0.335925 0.941414 0.029897
vn -0.227137 0.973663 0.019730
vn 0.059941 0.993843 0.093187
vn 0.087165 0.992699 0.083376
vn -0.734379 0.623981 0.267086
vn -0.886563 0.323269 0.330913
vn -0.604240 0.773205 0.192481
vn -0.548576 0.827423 0.120148
vn -0.504633 0.861820 0.051097
vn -0.450989 0.892518 -0.004575
vn -0.368804 0.928927 -0.032822
vn -0.181985 0.983290 -0.004834
vn 0.092568 0.992926 0.074352
vn -0.672694 0.725701 0.144363
vn -0.854153 0.486618 0.183372
vn -0.539450 0.836158 0.099164
vn -0.481330 0.875289 0.046801
vn -0.435929 0.899968 -0.004909
vn -0.384550 0.921985 -0.045437
vn -0.311547 0.948231 -0.061617
vn -0.151886 0.988128 -0.023117
vn 0.086085 0.993836 0.069850
vn -0.615904 0.787016 0.035600
vn -0.805454 0.591301 0.040076
vn -0.486137 0.873680 0.018827
vn -0.427464 0.903891 -0.015979
vn -0.381570 0.922827 -0.052864
vn -0.332429 0.939681 -0.080570
vn -0.267015 0.959811 -0.086406
vn -0.129562 0.990832 -0.038280
vn 0.076607 0.994822 0.066781
vn -0.562937 0.824454 -0.058118
vn -0.748430 0.657228 -0.088901
vn -0.439993 0.896628 -0.049651
vn -0.382151 0.921493 -0.069364
vn -0.336637 0.936961 -0.093696
vn -0.289837 0.950659 -0.110639
vn -0.230848 0.967007 -0.107732
vn -0.111545 0.992449 -0.051018
vn 0.067466 0.995623 0.064680
vn -0.512577 0.847566 -0.137466
vn -0.687133 0.698426 -0.200124
vn -0.398346 0.910913 -0.107503
vn -0.342457 0.932542 -0.114400
vn -0.298125 0.945885 -0.128150
vn -0.253862 0.957619 -0.136085
vn -0.200503 0.971581 -0.125813
vn -0.096265 0.993455 -0.061486
vn 0.059590 0.996197 0.063560
vn -0.464319 0.859950 -0.211881
vn -0.623427 0.720725 -0.303141
vn -0.360000 0.919099 -0.160176
vn -0.306777 0.939122 -0.154719
vn -0.264161 0.951298 -0.158907
vn -0.222432 0.961837 -0.159352
vn -0.173589 0.974249 -0.143897
vn -0.080096 0.993842 -0.076572
vn 0.061414 0.997124 0.044406
vn -0.416418 0.862409 -0.287830
vn -0.555304 0.721646 -0.413357
vn -0.323514 0.922311 -0.211380
vn -0.273755 0.942306 -0.192659
vn -0.233387 0.954111 -0.187623
vn -0.194031 0.963974 -0.181950
vn -0.148055 0.975283 -0.164020
vn -0.059083 0.993173 -0.100582
vn 0.077825 0.996948 0.006169
vn -0.367322 0.857029 -0.361352
vn -0.480998 0.705450 -0.520558
vn -0.287920 0.921850 -0.259414
vn -0.242872 0.943160 -0.226853
vn -0.205552 0.955245 -0.212734
vn -0.168629 0.964816 -0.201728
vn -0.124197 0.975268 -0.182831
vn -0.034309 0.991320 -0.126916
vn 0.105820 0.993640 -0.038489
vn -0.316465 0.843358 -0.434279
vn -0.400828 0.673703 -0.620855
vn -0.253179 0.917811 -0.305815
vn -0.214235 0.942017 -0.258278
vn -0.180660 0.955092 -0.234863
vn -0.145975 0.964709 -0.219154
vn -0.101389 0.974359 -0.200859
vn -0.004353 0.987649 -0.156622
vn 0.149194 0.984071 -0.096669
vn -0.260482 0.814701 -0.518085
vn -0.309749 0.616189 -0.724132
vn -0.218030 0.907674 -0.358597
vn -0.187026 0.937834 -0.292385
vn -0.157571 0.953088 -0.258446
vn -0.123943 0.963041 -0.239144
vn -0.075462 0.971293 -0.225599
vn 0.040508 0.977762 -0.205768
vn 0.223039 0.953943 -0.200613
vn -0.186330 0.750423 -0.634150
vn -0.192735 0.510250 -0.838152
vn -0.175551 0.881851 -0.437631
vn -0.156630 0.925979 -0.343555
vn -0.131566 0.946220 -0.295563
vn -0.095533 0.956458 -0.275794
vn -0.033843 0.959540 -0.279530
vn 0.127013 0.938216 -0.321899
vn 0.349435 0.834622 -0.425796
vn -0.057231 0.596604 -0.800493
vn 0.025743 0.238068 -0.970907
vn -0.089332 0.792024 -0.603918
vn -0.088613 0.870244 -0.484585
vn -0.065314 0.901410 -0.428011
vn -0.015708 0.905195 -0.424706
vn 0.081302 0.873015 -0.480869
vn 0.280769 0.768113 -0.575474
vn 0.444654 0.474408 -0.759750
vn 0.306783 0.706921 -0.637296
vn 0.170771 0.115262 -0.978546
vn 0.038753 0.098753 -0.994357
vn 0.122958 0.349118 -0.928977
vn 0.091208 0.524044 -0.846793
vn 0.086322 0.625928 -0.775089
vn 0.114080 0.657268 -0.744973
vn 0.178214 0.617129 -0.766414
vn 0.280703 0.482042 -0.829965
vn 0.483161 0.281117 -0.829173
vn 0.405653 0.211917 -0.889122
vn 0.383110 0.590470 -0.710333
vn -0.104593 -0.993990 -0.032322
vn -0.140951 -0.989034 -0.044089
vn 0.162427 -0.972300 -0.168079
vn 0.258857 -0.940459 -0.220296
vn 0.383354 -0.893837 -0.232582
vn 0.466471 -0.841297 -0.273172
vn 0.498827 -0.840298 -0.212296
vn 0.588267 -0.772580 -0.238876
vn 0.587005 -0.795121 -0.152340
vn 0.682671 -0.712381 -0.162707
vn 0.663723 -0.744637 -0.070623
vn 0.763357 -0.642585 -0.066107
vn 0.746138 -0.665496 0.019832
vn 0.848523 -0.527942 0.035858
vn 0.882050 -0.455791 0.119341
vn 0.967449 -0.207956 0.144212
vn 0.977471 -0.078253 0.196029
vn 0.969952 0.131406 0.204757
vn -0.157450 -0.984736 -0.074191
vn 0.128888 -0.981221 -0.143505
vn 0.327751 -0.928731 -0.173317
vn 0.425317 -0.893210 -0.145883
vn 0.496724 -0.863269 -0.089618
vn 0.558169 -0.829551 -0.017105
vn 0.627566 -0.776033 0.062722
vn 0.762307 -0.628138 0.155984
vn 0.914611 -0.327145 0.237620
vn -0.156479 -0.982013 -0.105661
vn 0.111692 -0.986043 -0.123465
vn 0.290535 -0.948992 -0.122493
vn 0.372579 -0.923758 -0.088633
vn 0.429280 -0.902494 -0.034980
vn 0.476778 -0.878495 0.030472
vn 0.532371 -0.840293 0.102414
vn 0.652616 -0.732805 0.192588
vn 0.820217 -0.497122 0.283045
vn -0.146810 -0.979908 -0.135009
vn 0.102309 -0.989012 -0.106715
vn 0.263445 -0.961433 -0.079018
vn 0.332518 -0.942267 -0.039560
vn 0.377067 -0.926106 0.012185
vn 0.412950 -0.907890 0.072163
vn 0.456431 -0.878969 0.138145
vn 0.559498 -0.797221 0.226716
vn 0.721922 -0.610135 0.326440
vn -0.132528 -0.978069 -0.160676
vn 0.096742 -0.991015 -0.092361
vn 0.241833 -0.969420 -0.041739
vn 0.300031 -0.953926 0.002421
vn 0.334712 -0.940850 0.052622
vn 0.361249 -0.926169 0.108215
vn 0.394754 -0.903004 0.169569
vn 0.481706 -0.837714 0.257284
vn 0.630521 -0.684789 0.365387
vn -0.115848 -0.976393 -0.182306
vn 0.093064 -0.992443 -0.079975
vn 0.223238 -0.974714 -0.009882
vn 0.272219 -0.961480 0.038119
vn 0.298934 -0.950302 0.086972
vn 0.318069 -0.937826 0.138978
vn 0.343561 -0.918303 0.196685
vn 0.416470 -0.863660 0.283978
vn 0.549111 -0.734177 0.399326
vn -0.101018 -0.970182 -0.220324
vn 0.088787 -0.993019 -0.077658
vn 0.206194 -0.978420 0.013393
vn 0.247742 -0.966595 0.065704
vn 0.268383 -0.956609 0.113448
vn 0.282191 -0.945603 0.161876
vn 0.302144 -0.928649 0.215221
vn 0.365101 -0.881852 0.298393
vn 0.483164 -0.769071 0.418428
vn -0.086293 -0.956021 -0.280315
vn 0.083117 -0.992163 -0.093295
vn 0.190095 -0.981446 0.025060
vn 0.226092 -0.970499 0.083754
vn 0.242699 -0.961189 0.131199
vn 0.253548 -0.951175 0.176009
vn 0.271101 -0.936214 0.223623
vn 0.330213 -0.895974 0.296969
vn 0.443960 -0.797228 0.409057
vn -0.068032 -0.933063 -0.353220
vn 0.078761 -0.989253 -0.123189
vn 0.175664 -0.984059 0.027745
vn 0.207261 -0.973687 0.094747
vn 0.221481 -0.964652 0.142803
vn 0.231458 -0.955222 0.184331
vn 0.249396 -0.941704 0.225823
vn 0.309922 -0.906449 0.286876
vn 0.428611 -0.818319 0.382944
vn -0.044237 -0.893633 -0.446613
vn 0.077425 -0.982022 -0.172158
vn 0.163791 -0.986299 0.019665
vn 0.191709 -0.976520 0.098269
vn 0.204908 -0.967455 0.148473
vn 0.215921 -0.958287 0.187252
vn 0.236970 -0.945786 0.222114
vn 0.304270 -0.914115 0.267982
vn 0.435814 -0.832087 0.343069
vn -0.009202 -0.814535 -0.580041
vn 0.081963 -0.961060 -0.263904
vn 0.156545 -0.987612 -0.010751
vn 0.181061 -0.979519 0.088089
vn 0.194468 -0.970273 0.144059
vn 0.208747 -0.961142 0.180638
vn 0.236767 -0.949437 0.206180
vn 0.319432 -0.920112 0.226621
vn 0.478110 -0.837916 0.263264
vn 0.051586 -0.642719 -0.764363
vn 0.102390 -0.886256 -0.451737
vn 0.160665 -0.982168 -0.097637
vn 0.180289 -0.982593 0.044805
vn 0.194737 -0.973998 0.115782
vn 0.215695 -0.964842 0.150183
vn 0.258023 -0.953370 0.156554
vn 0.372092 -0.920547 0.118918
vn 0.578726 -0.813104 0.062754
vn 0.158404 -0.216622 -0.963319
vn 0.162917 -0.598498 -0.784384
vn 0.148796 -0.659582 -0.736757
vn 0.208797 -0.894959 -0.394273
vn 0.194877 -0.924611 -0.327289
vn 0.222296 -0.961552 -0.161252
vn 0.237578 -0.970293 -0.045698
vn 0.268764 -0.963181 -0.006916
vn 0.309095 -0.950783 0.021740
vn 0.423076 -0.906025 -0.011224
vn 0.481687 -0.850481 -0.211328
vn 0.672303 -0.575836 -0.465211
vn 0.224596 -0.159289 -0.961345
vn 0.152300 -0.446364 -0.881796
vn 0.274744 -0.440680 -0.854586
vn 0.213576 -0.844922 -0.490400
vn 0.311429 -0.648707 -0.694400
vn 0.341380 -0.747732 -0.569523
vn 0.378902 -0.761563 -0.525790
vn 0.431266 -0.696738 -0.573207
vn 0.334314 -0.941533 -0.041833
vn 0.459721 -0.617622 -0.638122
vn 0.486931 -0.513871 -0.706282
vn 0.592493 -0.458665 -0.662252
vn 0.492646 -0.174334 -0.852589
vn 0.663445 -0.422724 -0.617370
vn -0.910132 0.207628 -0.358540
vn -0.807643 0.454269 -0.375970
vn -0.911189 0.077933 -0.404550
vn -0.923844 -0.131223 -0.359572
vn -0.777301 0.527987 -0.342100
vn -0.660432 0.664544 -0.349587
vn -0.668699 0.643726 -0.372099
vn -0.556358 0.744487 -0.369060
vn -0.566825 0.714431 -0.410241
vn -0.461637 0.795696 -0.392122
vn -0.464379 0.775085 -0.428480
vn -0.369999 0.841412 -0.393862
vn -0.360968 0.843589 -0.397567
vn -0.279610 0.895208 -0.347017
vn -0.232820 0.941414 -0.243996
vn -0.157043 0.973663 -0.165281
vn -0.035484 0.993843 0.104965
vn -0.010839 0.992699 0.120132
vn -0.666695 0.623981 -0.407635
vn -0.811481 0.323269 -0.486822
vn -0.527225 0.773205 -0.352403
vn -0.435967 0.827423 -0.353983
vn -0.354583 0.861820 -0.362680
vn -0.277611 0.892518 -0.355450
vn -0.204284 0.928927 -0.308807
vn -0.109686 0.983290 -0.145295
vn -0.000416 0.992926 0.118731
vn -0.532285 0.725701 -0.435924
vn -0.675922 0.486618 -0.553473
vn -0.413871 0.836158 -0.359931
vn -0.336695 0.875289 -0.347139
vn -0.267959 0.899968 -0.343884
vn -0.204239 0.921985 -0.328983
vn -0.146072 0.948231 -0.281995
vn -0.076626 0.988128 -0.133163
vn -0.000938 0.993836 0.110854
vn -0.411843 0.787016 -0.459337
vn -0.533525 0.591301 -0.604743
vn -0.317821 0.873680 -0.368339
vn -0.254026 0.903891 -0.344167
vn -0.196574 0.922827 -0.331284
vn -0.144274 0.939681 -0.310138
vn -0.098927 0.959811 -0.262634
vn -0.050852 0.990832 -0.125163
vn -0.004448 0.994822 0.101531
vn -0.305547 0.824454 -0.476358
vn -0.397133 0.657228 -0.640575
vn -0.235512 0.896628 -0.374957
vn -0.184036 0.921493 -0.342026
vn -0.136636 0.936961 -0.321612
vn -0.094210 0.950659 -0.295586
vn -0.059703 0.967007 -0.247654
vn -0.029659 0.992449 -0.119019
vn -0.008504 0.995623 0.093075
vn -0.212111 0.847566 -0.486458
vn -0.271957 0.698426 -0.661997
vn -0.164315 0.910913 -0.378467
vn -0.124077 0.932542 -0.339072
vn -0.085686 0.945885 -0.312983
vn -0.051885 0.957619 -0.283325
vn -0.026647 0.971581 -0.235203
vn -0.011949 0.993455 -0.113599
vn -0.012539 0.996197 0.086218
vn -0.123843 0.859950 -0.495125
vn -0.151695 0.720725 -0.676420
vn -0.099226 0.919099 -0.381327
vn -0.070309 0.939122 -0.336314
vn -0.040463 0.951298 -0.305606
vn -0.014098 0.961837 -0.273259
vn 0.004272 0.974249 -0.225436
vn 0.009927 0.993842 -0.110364
vn 0.003573 0.997124 0.075702
vn -0.034598 0.862409 -0.505028
vn -0.023051 0.721646 -0.691878
vn -0.036445 0.922311 -0.384727
vn -0.020057 0.942306 -0.334151
vn 0.001175 0.954111 -0.299450
vn 0.021278 0.963974 -0.265144
vn 0.035925 0.975283 -0.218019
vn 0.041800 0.993173 -0.108905
vn 0.043699 0.996948 0.064692
vn 0.053495 0.857029 -0.512483
vn 0.107091 0.705450 -0.700622
vn 0.023303 0.921850 -0.386847
vn 0.025933 0.943160 -0.331326
vn 0.038162 0.955245 -0.293344
vn 0.052579 0.964816 -0.257615
vn 0.065507 0.975268 -0.211094
vn 0.077836 0.991320 -0.105955
vn 0.096070 0.993640 0.058736
vn 0.142220 0.843358 -0.518191
vn 0.235492 0.673703 -0.700477
vn 0.081241 0.917811 -0.388616
vn 0.068356 0.942017 -0.328529
vn 0.070984 0.955092 -0.287680
vn 0.080327 0.964709 -0.250768
vn 0.093823 0.974359 -0.204503
vn 0.119738 0.987649 -0.101056
vn 0.168599 0.984071 0.056372
vn 0.242647 0.814701 -0.526674
vn 0.373024 0.616189 -0.693660
vn 0.144423 0.907674 -0.394044
vn 0.111987 0.937834 -0.328521
vn 0.103817 0.953088 -0.284332
vn 0.109694 0.963041 -0.246006
vn 0.129331 0.971293 -0.199657
vn 0.186132 0.977762 -0.096624
vn 0.295908 0.953943 0.049299
vn 0.379623 0.750423 -0.541065
vn 0.535125 0.510250 -0.673265
vn 0.232700 0.881851 -0.410110
vn 0.170945 0.925979 -0.336661
vn 0.149050 0.946220 -0.287143
vn 0.156061 0.956458 -0.246645
vn 0.197444 0.959540 -0.200744
vn 0.330862 0.938216 -0.101398
vn 0.550769 0.834622 0.007720
vn 0.590168 0.596604 -0.543844
vn 0.775137 0.238068 -0.585224
vn 0.416465 0.792024 -0.446380
vn 0.323615 0.870244 -0.371415
vn 0.293910 0.901410 -0.317925
vn 0.322254 0.905195 -0.277081
vn 0.426650 0.873015 -0.236252
vn 0.624981 0.768113 -0.139289
vn 0.871233 0.474408 -0.126052
vn 0.689534 0.706921 -0.157496
vn 0.871532 0.115262 -0.476599
vn 0.801582 0.098753 -0.589674
vn 0.802966 0.349118 -0.483075
vn 0.718917 0.524044 -0.456657
vn 0.659810 0.625928 -0.415770
vn 0.653571 0.657268 -0.375291
vn 0.710322 0.617129 -0.338518
vn 0.823908 0.482042 -0.298012
vn 0.949520 0.281117 -0.139230
vn 0.948064 0.211917 -0.237206
vn 0.794225 0.590470 -0.143358
vn -0.039942 -0.993990 -0.101926
vn -0.053411 -0.989034 -0.137689
vn 0.232681 -0.972300 0.022195
vn 0.333629 -0.940459 0.065030
vn 0.420858 -0.893837 0.154706
vn 0.504415 -0.841297 0.194382
vn 0.476994 -0.840298 0.257635
vn 0.553539 -0.772580 0.310989
vn 0.485096 -0.795121 0.363957
vn 0.552848 -0.712381 0.432288
vn 0.469040 -0.744637 0.474887
vn 0.527630 -0.642585 0.555600
vn 0.449704 -0.665496 0.595719
vn 0.501011 -0.527942 0.685759
vn 0.456644 -0.455791 0.764023
vn 0.490445 -0.207956 0.846297
vn 0.456181 -0.078253 0.886440
vn 0.444670 0.131406 0.886003
vn -0.040163 -0.984736 -0.169357
vn 0.192557 -0.981221 0.011295
vn 0.339854 -0.928731 0.148184
vn 0.379237 -0.893210 0.241570
vn 0.379769 -0.863269 0.332479
vn 0.361386 -0.829551 0.425729
vn 0.342243 -0.776033 0.529757
vn 0.353337 -0.628138 0.693250
vn 0.384472 -0.327145 0.863225
vn -0.014954 -0.982013 -0.188219
vn 0.166168 -0.986043 0.010345
vn 0.276915 -0.948992 0.150776
vn 0.301596 -0.923758 0.236032
vn 0.295000 -0.902494 0.313816
vn 0.273442 -0.878495 0.391759
vn 0.251857 -0.840293 0.480078
vn 0.256328 -0.732805 0.630312
vn 0.290103 -0.497122 0.817747
vn 0.014020 -0.979908 -0.198958
vn 0.147222 -0.989012 0.013452
vn 0.226034 -0.961433 0.156703
vn 0.238251 -0.942267 0.235307
vn 0.225571 -0.926106 0.302400
vn 0.201051 -0.907890 0.367850
vn 0.176574 -0.878969 0.442984
vn 0.171588 -0.797221 0.578788
vn 0.194890 -0.610135 0.767954
vn 0.042992 -0.978069 -0.203795
vn 0.132528 -0.991015 0.018050
vn 0.183413 -0.969420 0.163049
vn 0.185173 -0.953926 0.236083
vn 0.167548 -0.940850 0.294497
vn 0.140629 -0.926169 0.349907
vn 0.113551 -0.903004 0.414356
vn 0.099186 -0.837714 0.537027
vn 0.107453 -0.684789 0.720776
vn 0.070303 -0.976393 -0.204240
vn 0.120551 -0.992443 0.022897
vn 0.146913 -0.974714 0.168373
vn 0.139923 -0.961480 0.236597
vn 0.118385 -0.950302 0.287942
vn 0.089655 -0.937826 0.335328
vn 0.060432 -0.918303 0.391237
vn 0.037642 -0.863660 0.502667
vn 0.030159 -0.734177 0.678288
vn 0.109272 -0.970182 -0.216349
vn 0.116074 -0.993019 0.020998
vn 0.118089 -0.978420 0.169559
vn 0.103096 -0.966595 0.234658
vn 0.078637 -0.956609 0.280564
vn 0.049384 -0.945603 0.321554
vn 0.020117 -0.928649 0.370414
vn -0.005656 -0.881852 0.471493
vn -0.025892 -0.769071 0.638638
vn 0.165356 -0.956021 -0.242240
vn 0.124764 -0.992163 0.006814
vn 0.098929 -0.981446 0.164247
vn 0.075485 -0.970499 0.228986
vn 0.048745 -0.961189 0.271551
vn 0.020476 -0.951175 0.307972
vn -0.005806 -0.936214 0.351382
vn -0.026295 -0.895974 0.443328
vn -0.043009 -0.797228 0.602145
vn 0.233741 -0.933063 -0.273418
vn 0.145419 -0.989253 -0.015229
vn 0.087832 -0.984059 0.154638
vn 0.055149 -0.973687 0.221117
vn 0.026443 -0.964652 0.262197
vn 0.000195 -0.955222 0.295890
vn -0.021060 -0.941704 0.335784
vn -0.031056 -0.906449 0.421172
vn -0.032163 -0.818319 0.573864
vn 0.321594 -0.893633 -0.313045
vn 0.182872 -0.982022 -0.046806
vn 0.086747 -0.986299 0.140318
vn 0.042698 -0.976520 0.211154
vn 0.011677 -0.967455 0.252775
vn -0.011775 -0.958287 0.285564
vn -0.025907 -0.945786 0.323756
vn -0.019807 -0.914115 0.404972
vn 0.003503 -0.832087 0.554634
vn 0.447757 -0.814535 -0.368844
vn 0.257432 -0.961060 -0.100460
vn 0.106009 -0.987612 0.115689
vn 0.044019 -0.979519 0.196482
vn 0.008619 -0.970273 0.241861
vn -0.011077 -0.961142 0.275831
vn -0.013576 -0.949437 0.313663
vn 0.021983 -0.920112 0.391038
vn 0.092269 -0.837916 0.537944
vn 0.629766 -0.642719 -0.436241
vn 0.417021 -0.886256 -0.201601
vn 0.176509 -0.982168 0.064738
vn 0.077378 -0.982593 0.168891
vn 0.030894 -0.973998 0.224441
vn 0.017066 -0.964842 0.262275
vn 0.038476 -0.953370 0.299340
vn 0.139022 -0.920547 0.365057
vn 0.311767 -0.813104 0.491592
vn 0.851916 -0.216622 -0.476774
vn 0.714833 -0.598498 -0.361682
vn 0.668793 -0.659582 -0.343028
vn 0.438438 -0.894959 -0.082581
vn 0.377389 -0.924611 -0.051701
vn 0.264671 -0.961552 0.073259
vn 0.183856 -0.970293 0.157254
vn 0.172979 -0.963181 0.205816
vn 0.175721 -0.950783 0.255214
vn 0.272559 -0.906025 0.323776
vn 0.465549 -0.850481 0.244837
vn 0.782891 -0.575836 0.235574
vn 0.891643 -0.159289 -0.423792
vn 0.784373 -0.446364 -0.430718
vn 0.839442 -0.440680 -0.318022
vn 0.516573 -0.844922 -0.138779
vn 0.737076 -0.648707 -0.189466
vn 0.658118 -0.747732 -0.088190
vn 0.647320 -0.761563 -0.031587
vn 0.717041 -0.696738 -0.020211
vn 0.241148 -0.941533 0.235295
vn 0.785535 -0.617622 -0.038438
vn 0.855790 -0.513871 -0.059662
vn 0.887183 -0.458665 0.050322
vn 0.973740 -0.174334 -0.146414
vn 0.896330 -0.422724 0.133778
vn 0.922577 -0.384407 0.032900
vn 0.922484 -0.337092 0.188127
vn 0.898432 -0.384407 0.212253
vn 0.941461 -0.337092 0.004545
vn 0.868057 -0.337092 0.364480
vn 0.839760 -0.384407 0.383450
vn 0.780271 -0.337092 0.526826
vn 0.748817 -0.384407 0.539912
vn 0.662500 -0.337092 0.668927
vn 0.629097 -0.384407 0.675624
vn 0.519269 -0.337092 0.785321
vn 0.485201 -0.384407 0.785373
vn 0.356083 -0.337092 0.871536
vn 0.322660 -0.384407 0.864940
vn 0.179212 -0.337092 0.924257
vn 0.147718 -0.384407 0.911269
vn -0.004545 -0.337092 0.941461
vn -0.032900 -0.384407 0.922577
vn -0.188127 -0.337092 0.922484
vn -0.212253 -0.384407 0.898432
vn -0.364480 -0.337092 0.868057
vn -0.383450 -0.384407 0.839760
vn -0.526826 -0.337092 0.780271
vn -0.539912 -0.384407 0.748817
vn -0.668927 -0.337092 0.662500
vn -0.675624 -0.384407 0.629097
vn -0.785321 -0.337092 0.519269
vn -0.785373 -0.384407 0.485201
vn -0.871536 -0.337092 0.356083
vn -0.864940 -0.384407 0.322660
vn -0.924257 -0.337092 0.179212
vn -0.911269 -0.384407 0.147718
vn -0.941461 -0.337092 -0.004545
vn -0.922577 -0.384407 -0.032900
vn -0.922484 -0.337092 -0.188127
vn -0.898432 -0.384407 -0.212253
vn -0.868057 -0.337092 -0.364480
vn -0.839760 -0.384407 -0.383450
vn -0.780271 -0.337092 -0.526826
vn -0.748817 -0.384407 -0.539912
vn -0.662500 -0.337092 -0.668927
vn -0.629097 -0.384407 -0.675624
vn -0.519269 -0.337092 -0.785321
vn -0.485201 -0.384407 -0.785373
vn -0.356083 -0.337092 -0.871536
vn -0.322660 -0.384407 -0.864940
vn -0.179212 -0.337092 -0.924257
vn -0.147718 -0.384407 -0.911269
vn 0.004545 -0.337092 -0.941461
vn 0.032900 -0.384407 -0.922577
vn 0.188127 -0.337092 -0.922484
vn 0.212253 -0.384407 -0.898432
vn 0.364480 -0.337092 -0.868057
vn 0.383450 -0.384407 -0.839760
vn 0.526826 -0.337092 -0.780271
vn 0.539912 -0.384407 -0.748817
vn 0.668927 -0.337092 -0.662500
vn 0.675624 -0.384407 -0.629097
vn 0.785321 -0.337092 -0.519269
vn 0.785373 -0.384407 -0.485201
vn 0.871536 -0.337092 -0.356083
vn 0.864940 -0.384407 -0.322660
vn 0.924257 -0.337092 -0.179212
vn 0.911269 -0.384407 -0.147718
vn 0.974917 -0.053393 0.216071
vn 0.998337 -0.053393 0.021722
vn 0.914031 -0.053393 0.402116
vn 0.818019 -0.053393 0.572708
vn 0.690571 -0.053393 0.721291
vn 0.536585 -0.053393 0.842155
vn 0.361979 -0.053393 0.930656
vn 0.173461 -0.053393 0.983392
vn -0.021722 -0.053393 0.998337
vn -0.216071 -0.053393 0.974917
vn -0.402116 -0.053393 0.914031
vn -0.572708 -0.053393 0.818019
vn -0.721291 -0.053393 0.690571
vn -0.842155 -0.053393 0.536585
vn -0.930656 -0.053393 0.361979
vn -0.983392 -0.053393 0.173461
vn -0.998337 -0.053393 -0.021722
vn -0.974917 -0.053393 -0.216071
vn -0.914031 -0.053393 -0.402116
vn -0.818019 -0.053393 -0.572708
vn -0.690571 -0.053393 -0.721291
vn -0.536585 -0.053393 -0.842155
vn -0.361979 -0.053393 -0.930656
vn -0.173461 -0.053393 -0.983392
vn 0.021722 -0.053393 -0.998337
vn 0.216071 -0.053393 -0.974917
vn 0.402116 -0.053393 -0.914031
vn 0.572708 -0.053393 -0.818019
vn 0.721291 -0.053393 -0.690571
vn 0.842155 -0.053393 -0.536585
vn 0.930656 -0.053393 -0.361979
vn 0.983392 -0.053393 -0.173461
vn 0.984724 0.010009 0.173837
vn 0.999716 0.010009 -0.021613
vn 0.931888 0.010009 0.362607
vn 0.843241 0.010009 0.537442
vn 0.722189 0.010009 0.691624
vn 0.573383 0.010009 0.819226
vn 0.402543 0.010009 0.915347
vn 0.216233 0.010009 0.976291
vn 0.021613 0.010009 0.999716
vn -0.173837 0.010009 0.984724
vn -0.362607 0.010009 0.931888
vn -0.537442 0.010009 0.843241
vn -0.691624 0.010009 0.722189
vn -0.819226 0.010009 0.573383
vn -0.915347 0.010009 0.402543
vn -0.976291 0.010009 0.216233
vn -0.999716 0.010009 0.021613
vn -0.984724 0.010009 -0.173837
vn -0.931888 0.010009 -0.362607
vn -0.843241 0.010009 -0.537442
vn -0.722189 0.010009 -0.691624
vn -0.573383 0.010009 -0.819226
vn -0.402543 0.010009 -0.915347
vn -0.216233 0.010009 -0.976291
vn -0.021613 0.010009 -0.999716
vn 0.173837 0.010009 -0.984724
vn 0.362607 0.010009 -0.931888
vn 0.537442 0.010009 -0.843241
vn 0.691624 0.010009 -0.722189
vn 0.819226 0.010009 -0.573383
vn 0.915347 0.010009 -0.402543
vn 0.976291 0.010009 -0.216233
vn 0.975986 0.100629 0.193198
vn 0.994924 0.100629 -0.000920
vn 0.919541 0.100629 0.379891
vn 0.827760 0.100629 0.551985
vn 0.704167 0.100629 0.702867
vn 0.553514 0.100629 0.826738
vn 0.381590 0.100629 0.918838
vn 0.195002 0.100629 0.975627
vn 0.000920 0.100629 0.994924
vn -0.193198 0.100629 0.975986
vn -0.379891 0.100629 0.919541
vn -0.551985 0.100629 0.827760
vn -0.702867 0.100629 0.704167
vn -0.826738 0.100629 0.553514
vn -0.918838 0.100629 0.381590
vn -0.975627 0.100629 0.195002
vn -0.994924 0.100629 0.000920
vn -0.975986 0.100629 -0.193198
vn -0.919541 0.100629 -0.379891
vn -0.827760 0.100629 -0.551985
vn -0.704167 0.100629 -0.702867
vn -0.553514 0.100629 -0.826738
vn -0.381590 0.100629 -0.918838
vn -0.195002 0.100629 -0.975627
vn -0.000920 0.100629 -0.994924
vn 0.193198 0.100629 -0.975986
vn 0.379891 0.100629 -0.919541
vn 0.551985 0.100629 -0.827760
vn 0.702867 0.100629 -0.704167
vn 0.826738 0.100629 -0.553514
vn 0.918838 0.100629 -0.381590
vn 0.975627 0.100629 -0.195002
vn 0.965453 0.177994 0.190315
vn 0.984030 0.177994 -0.001693
vn 0.909773 0.177994 0.375008
vn 0.819132 0.177994 0.545291
vn 0.697011 0.177994 0.694618
vn 0.548105 0.177994 0.817251
vn 0.378136 0.177994 0.908478
vn 0.193635 0.177994 0.964792
vn 0.001693 0.177994 0.984030
vn -0.190315 0.177994 0.965453
vn -0.375008 0.177994 0.909773
vn -0.545291 0.177994 0.819132
vn -0.694618 0.177994 0.697011
vn -0.817251 0.177994 0.548105
vn -0.908478 0.177994 0.378136
vn -0.964792 0.177994 0.193635
vn -0.984030 0.177994 0.001693
vn -0.965453 0.177994 -0.190315
vn -0.909773 0.177994 -0.375008
vn -0.819132 0.177994 -0.545291
vn -0.697011 0.177994 -0.694618
vn -0.548105 0.177994 -0.817251
vn -0.378136 0.177994 -0.908478
vn -0.193635 0.177994 -0.964792
vn -0.001693 0.177994 -0.984030
vn 0.190315 0.177994 -0.965453
vn 0.375008 0.177994 -0.909773
vn 0.545291 0.177994 -0.819132
vn 0.694618 0.177994 -0.697011
vn 0.817251 0.177994 -0.548105
vn 0.908478 0.177994 -0.378136
vn 0.964792 0.177994 -0.193635
vn 0.951714 0.243620 0.186788
vn 0.969868 0.243620 -0.002472
vn 0.896987 0.243620 0.368869
vn 0.807789 0.243620 0.536775
vn 0.687548 0.243620 0.684052
vn 0.540885 0.243620 0.805042
vn 0.373436 0.243620 0.895095
vn 0.191636 0.243620 0.950750
vn 0.002472 0.243620 0.969868
vn -0.186788 0.243620 0.951714
vn -0.368869 0.243620 0.896987
vn -0.536775 0.243620 0.807789
vn -0.684052 0.243620 0.687548
vn -0.805042 0.243620 0.540885
vn -0.895095 0.243620 0.373436
vn -0.950750 0.243620 0.191636
vn -0.969868 0.243620 0.002472
vn -0.951714 0.243620 -0.186788
vn -0.896987 0.243620 -0.368869
vn -0.807789 0.243620 -0.536775
vn -0.687548 0.243620 -0.684052
vn -0.540885 0.243620 -0.805042
vn -0.373436 0.243620 -0.895095
vn -0.191636 0.243620 -0.950750
vn -0.002472 0.243620 -0.969868
vn 0.186788 0.243620 -0.951714
vn 0.368869 0.243620 -0.896987
vn 0.536775 0.243620 -0.807789
vn 0.684052 0.243620 -0.687548
vn 0.805042 0.243620 -0.540885
vn 0.895095 0.243620 -0.373436
vn 0.950750 0.243620 -0.191636
vn 0.935698 0.301811 0.182699
vn 0.953362 0.301811 -0.003357
vn 0.882076 0.301811 0.361734
vn 0.794556 0.301811 0.526868
vn 0.676502 0.301811 0.671755
vn 0.532451 0.301811 0.790826
vn 0.367937 0.301811 0.879507
vn 0.189284 0.301811 0.934388
vn 0.003357 0.301811 0.953362
vn -0.182699 0.301811 0.935698
vn -0.361734 0.301811 0.882076
vn -0.526868 0.301811 0.794556
vn -0.671755 0.301811 0.676502
vn -0.790826 0.301811 0.532451
vn -0.879507 0.301811 0.367937
vn -0.934388 0.301811 0.189284
vn -0.953362 0.301811 0.003357
vn -0.935698 0.301811 -0.182699
vn -0.882076 0.301811 -0.361734
vn -0.794556 0.301811 -0.526868
vn -0.676502 0.301811 -0.671755
vn -0.532451 0.301811 -0.790826
vn -0.367937 0.301811 -0.879507
vn -0.189284 0.301811 -0.934388
vn -0.003357 0.301811 -0.953362
vn 0.182699 0.301811 -0.935698
vn 0.361734 0.301811 -0.882076
vn 0.526868 0.301811 -0.794556
vn 0.671755 0.301811 -0.676502
vn 0.790826 0.301811 -0.532451
vn 0.879507 0.301811 -0.367937
vn 0.934388 0.301811 -0.189284
vn 0.918121 0.354041 0.178073
vn 0.935219 0.354041 -0.004466
vn 0.865739 0.354041 0.353767
vn 0.780087 0.354041 0.515867
vn 0.664458 0.354041 0.658142
vn 0.523293 0.354041 0.775126
vn 0.362019 0.354041 0.862321
vn 0.186832 0.354041 0.916378
vn 0.004466 0.354041 0.935219
vn -0.178073 0.354041 0.918121
vn -0.353767 0.354041 0.865739
vn -0.515867 0.354041 0.780087
vn -0.658142 0.354041 0.664458
vn -0.775126 0.354041 0.523293
vn -0.862321 0.354041 0.362019
vn -0.916378 0.354041 0.186832
vn -0.935219 0.354041 0.004466
vn -0.918121 0.354041 -0.178073
vn -0.865739 0.354041 -0.353767
vn -0.780087 0.354041 -0.515867
vn -0.664458 0.354041 -0.658142
vn -0.523293 0.354041 -0.775126
vn -0.362019 0.354041 -0.862321
vn -0.186832 0.354041 -0.916378
vn -0.004466 0.354041 -0.935219
vn 0.178073 0.354041 -0.918121
vn 0.353767 0.354041 -0.865739
vn 0.515867 0.354041 -0.780087
vn 0.658142 0.354041 -0.664458
vn 0.775126 0.354041 -0.523293
vn 0.862321 0.354041 -0.362019
vn 0.916378 0.354041 -0.186832
vn 0.899574 0.401126 0.172814
vn 0.916003 0.401126 -0.006005
vn 0.848574 0.401126 0.344991
vn 0.764965 0.401126 0.503911
vn 0.651958 0.401126 0.643466
vn 0.513897 0.401126 0.758293
vn 0.356087 0.401126 0.843978
vn 0.184593 0.401126 0.897231
vn 0.006005 0.401126 0.916003
vn -0.172814 0.401126 0.899574
vn -0.344991 0.401126 0.848574
vn -0.503911 0.401126 0.764965
vn -0.643466 0.401126 0.651958
vn -0.758293 0.401126 0.513897
vn -0.843978 0.401126 0.356087
vn -0.897231 0.401126 0.184593
vn -0.916003 0.401126 0.006005
vn -0.899574 0.401126 -0.172814
vn -0.848574 0.401126 -0.344991
vn -0.764965 0.401126 -0.503911
vn -0.651958 0.401126 -0.643466
vn -0.513897 0.401126 -0.758293
vn -0.356087 0.401126 -0.843978
vn -0.184593 0.401126 -0.897231
vn -0.006005 0.401126 -0.916003
vn 0.172814 0.401126 -0.899574
vn 0.344991 0.401126 -0.848574
vn 0.503911 0.401126 -0.764965
vn 0.643466 0.401126 -0.651958
vn 0.758293 0.401126 -0.513897
vn 0.843978 0.401126 -0.356087
vn 0.897231 0.401126 -0.184593
vn 0.880619 0.443587 0.166556
vn 0.896191 0.443587 -0.008445
vn 0.831205 0.443587 0.335155
vn 0.749848 0.443587 0.490876
vn 0.639674 0.443587 0.627731
vn 0.504919 0.443587 0.740464
vn 0.350760 0.443587 0.824741
vn 0.183121 0.443587 0.877324
vn 0.008445 0.443587 0.896191
vn -0.166556 0.443587 0.880619
vn -0.335155 0.443587 0.831205
vn -0.490876 0.443587 0.749848
vn -0.627731 0.443587 0.639674
vn -0.740464 0.443587 0.504919
vn -0.824741 0.443587 0.350760
vn -0.877324 0.443587 0.183121
vn -0.896191 0.443587 0.008445
vn -0.880619 0.443587 -0.166556
vn -0.831205 0.443587 -0.335155
vn -0.749848 0.443587 -0.490876
vn -0.639674 0.443587 -0.627731
vn -0.504919 0.443587 -0.740464
vn -0.350760 0.443587 -0.824741
vn -0.183121 0.443587 -0.877324
vn -0.008445 0.443587 -0.896191
vn 0.166556 0.443587 -0.880619
vn 0.335155 0.443587 -0.831205
vn 0.490876 0.443587 -0.749848
vn 0.627731 0.443587 -0.639674
vn 0.740464 0.443587 -0.504919
vn 0.824741 0.443587 -0.350760
vn 0.877324 0.443587 -0.183121
vn 0.862009 0.481634 0.158016
vn 0.876273 0.481634 -0.013190
vn 0.814619 0.481634 0.323150
vn 0.735923 0.481634 0.475865
vn 0.628945 0.481634 0.610292
vn 0.497798 0.481634 0.721267
vn 0.347521 0.481634 0.804524
vn 0.183889 0.481634 0.856863
vn 0.013190 0.481634 0.876273
vn -0.158016 0.481634 0.862009
vn -0.323150 0.481634 0.814619
vn -0.475865 0.481634 0.735923
vn -0.610292 0.481634 0.628945
vn -0.721267 0.481634 0.497798
vn -0.804524 0.481634 0.347521
vn -0.856863 0.481634 0.183889
vn -0.876273 0.481634 0.013190
vn -0.862009 0.481634 -0.158016
vn -0.814619 0.481634 -0.323150
vn -0.735923 0.481634 -0.475865
vn -0.628945 0.481634 -0.610292
vn -0.497798 0.481634 -0.721267
vn -0.347521 0.481634 -0.804524
vn -0.183889 0.481634 -0.856863
vn -0.013190 0.481634 -0.876273
vn 0.158016 0.481634 -0.862009
vn 0.323150 0.481634 -0.814619
vn 0.475865 0.481634 -0.735923
vn 0.610292 0.481634 -0.628945
vn 0.721267 0.481634 -0.497798
vn 0.804524 0.481634 -0.347521
vn 0.856863 0.481634 -0.183889
vn 0.846074 0.514236 0.140427
vn 0.857213 0.514236 -0.027332
vn 0.802421 0.514236 0.302789
vn 0.727932 0.514236 0.453516
vn 0.625468 0.514236 0.586814
vn 0.498968 0.514236 0.697562
vn 0.353293 0.514236 0.781502
vn 0.194041 0.514236 0.835410
vn 0.027332 0.514236 0.857213
vn -0.140427 0.514236 0.846074
vn -0.302789 0.514236 0.802421
vn -0.453516 0.514236 0.727932
vn -0.586814 0.514236 0.625468
vn -0.697562 0.514236 0.498968
vn -0.781502 0.514236 0.353293
vn -0.835410 0.514236 0.194041
vn -0.857213 0.514236 0.027332
vn -0.846074 0.514236 -0.140427
vn -0.802421 0.514236 -0.302789
vn -0.727932 0.514236 -0.453516
vn -0.625468 0.514236 -0.586814
vn -0.498968 0.514236 -0.697562
vn -0.353293 0.514236 -0.781502
vn -0.194041 0.514236 -0.835410
vn -0.027332 0.514236 -0.857213
vn 0.140427 0.514236 -0.846074
vn 0.302789 0.514236 -0.802421
vn 0.453516 0.514236 -0.727932
vn 0.586814 0.514236 -0.625468
vn 0.697562 0.514236 -0.498968
vn 0.781502 0.514236 -0.353293
vn 0.835410 0.514236 -0.194041
vn 0.787197 0.611808 0.077532
vn 0.756946 0.611808 0.229617
vn 0.697605 0.611808 0.372878
vn 0.611456 0.611808 0.501809
vn 0.501809 0.611808 0.611456
vn 0.372878 0.611808 0.697605
vn 0.229617 0.611808 0.756946
vn 0.077532 0.611808 0.787197
vn -0.077532 0.611808 0.787197
vn -0.229617 0.611808 0.756946
vn -0.372878 0.611808 0.697605
vn -0.501809 0.611808 0.611456
vn -0.611456 0.611808 0.501809
vn -0.697605 0.611808 0.372878
vn -0.756946 0.611808 0.229617
vn -0.787197 0.611808 0.077532
vn -0.787197 0.611808 -0.077532
vn -0.756946 0.611808 -0.229617
vn -0.697605 0.611808 -0.372878
vn -0.611456 0.611808 -0.501809
vn -0.501809 0.611808 -0.611456
vn -0.372878 0.611808 -0.697605
vn -0.229617 0.611808 -0.756946
vn -0.077532 0.611808 -0.787197
vn 0.077532 0.611808 -0.787197
vn 0.229617 0.611808 -0.756946
vn 0.372878 0.611808 -0.697605
vn 0.501809 0.611808 -0.611456
vn 0.611456 0.611808 -0.501809
vn 0.697605 0.611808 -0.372878
vn 0.756946 0.611808 -0.229617
vn 0.787197 0.611808 -0.077532
vn -0.595769 0.719775 -0.356346
vn -0.284700 0.851672 -0.440000
vn -0.646405 0.697216 -0.309919
vn -0.981640 0.189201 -0.024220
vn -0.620311 0.728984 -0.289476
vn -0.456807 0.831236 -0.316818
vn -0.151852 0.892278 -0.425184
vn -0.657288 0.714303 -0.240299
vn -0.428951 0.805055 -0.409741
vn -0.000000 0.897053 -0.441923
vn -0.602126 0.712896 -0.359476
vn -0.534806 0.739411 -0.408967
vn -0.941986 0.324323 -0.086471
vn 0.728808 0.630063 -0.268067
vn 0.609743 0.716565 -0.338744
vn 0.694130 0.655505 -0.297484
vn 1.000000 0.000000 0.000000
vn 0.786234 0.568605 -0.241918
vn 0.080092 0.894171 -0.440503
vn 0.000000 0.920179 -0.391498
vn 0.989575 0.130399 -0.061141
vn 0.731857 0.651572 -0.199597
vn 0.711842 0.671779 -0.204924
vn 0.543096 0.789695 -0.285356
vn 0.201651 0.871757 -0.446517
vn 0.509415 0.809305 -0.292442
vn 0.672666 0.657711 -0.339024
vn 0.662411 0.655550 -0.362583
vn 0.868316 0.440805 -0.227416
vn 0.988095 0.150481 0.032012
vn 0.718539 0.633320 -0.287415
vn 0.732416 0.645554 -0.216397
vn 0.000000 1.000000 0.000000
vn 0.000000 0.994391 -0.105766
vn -0.993373 0.092862 -0.067730
vn -0.297886 0.898012 -0.323787
vn 0.000000 0.978114 -0.208069
vn -0.913051 0.114966 -0.391307
vn -0.966395 0.148136 -0.210086
vn -0.451590 0.842215 -0.294516
vn -0.093765 0.936626 -0.337550
vn -0.192100 0.903042 -0.384205
vn -0.400651 0.823989 -0.400651
vn -0.543835 0.639129 -0.543835
vn -0.440778 0.725220 -0.528934
vn -0.378802 0.890357 -0.252535
vn -0.291400 0.890399 -0.349680
vn 0.628815 0.738985 -0.241852
vn 0.537849 0.785832 -0.305265
vn 0.988440 0.148292 -0.031546
vn 0.000000 0.990093 -0.140412
vn 0.933401 0.352586 -0.066671
vn 0.791736 0.465234 -0.395868
vn 0.600652 0.705894 -0.375408
vn 0.795309 0.373867 -0.477186
vn 0.348331 0.921050 -0.174163
vn 0.616491 0.724516 -0.308245
vn 0.226303 0.904255 -0.362092
vn -0.000000 0.943353 -0.331790
vn 0.939767 0.053612 -0.337586
vn 0.917239 0.112286 -0.382183
vn 0.673130 0.709928 -0.207117
vn 0.555102 0.775776 -0.300055
vn 0.378802 0.890357 -0.252535
vn 0.517670 0.805190 -0.289286
vn -0.988681 -0.019034 0.148819
vn -0.976300 -0.020529 0.215446
vn -0.986394 -0.000000 0.164399
vn -0.990891 0.070033 0.115026
vn -0.976474 -0.039421 0.212000
vn 0.986521 -0.010133 0.163321
vn 0.985526 -0.040899 0.164518
vn 0.992144 -0.015873 0.124088
vn 0.993594 0.056206 0.098044
vn -0.999595 -0.017551 0.022401
vn -0.991802 0.040385 -0.121231
vn -0.973344 -0.130784 0.188405
vn -0.945801 -0.171357 0.275859
vn -0.958751 -0.228101 0.169605
vn 0.985482 -0.095884 0.140112
vn 0.981716 -0.100441 0.161694
vn 0.975261 -0.170533 0.140658
vn -0.983187 -0.155682 0.095431
vn -0.997985 0.062991 -0.007657
vn -0.999327 -0.035559 0.008996
vn -0.976861 -0.190466 0.097292
vn 0.976708 -0.181001 0.115242
vn 0.987840 -0.123836 0.094000
vn 0.993949 -0.088492 0.065080
vn 0.000000 0.000000 -1.000000
vn -0.991108 0.132242 -0.014715
vn -0.950074 0.278166 -0.141361
vn -0.882496 0.445984 -0.149328
vn -0.778626 0.571296 -0.259542
vn -0.765441 0.608407 -0.209623
vn -0.744555 0.638159 -0.195935
vn -0.702205 0.600169 -0.383022
vn -0.699985 0.653876 -0.287172
vn -0.643458 0.706874 -0.293752
vn -0.864276 0.472896 -0.171456
vn -0.992300 0.112439 -0.051939
vn -0.872713 0.438844 -0.213983
vn -0.722825 0.643801 -0.251086
vn 0.961753 0.257061 -0.094613
vn 0.972161 0.229319 -0.048127
vn 0.871814 0.462181 -0.162262
vn 0.888254 0.415635 -0.195579
vn 0.958638 0.258611 -0.118881
vn 0.995404 0.091097 -0.029530
vn 0.832535 0.448204 -0.325573
vn 0.848645 0.484551 -0.212161
vn 0.891513 0.371769 -0.258828
vn 0.821176 0.536137 -0.195518
vn -0.995073 0.059634 -0.079210
vn -0.965206 0.178115 -0.191446
vn -0.937468 0.231452 -0.259970
vn -0.934720 0.153277 -0.320631
vn -0.886630 0.276979 -0.370365
vn -0.893554 0.346427 -0.285569
vn -0.878797 0.306004 -0.366165
vn -0.955657 0.175161 -0.236723
vn -0.827828 0.212261 -0.519275
vn -0.934372 0.180505 -0.307190
vn -0.919947 0.257410 -0.295697
vn -0.988861 0.126566 -0.078325
vn -0.754123 0.409036 -0.513798
vn -0.769032 0.516439 -0.376670
vn -0.671703 0.438547 -0.597069
vn -0.849758 0.312074 -0.424879
vn -0.858950 0.215126 -0.464678
vn -0.813513 0.257396 -0.521482
vn -0.722151 0.252308 -0.644080
vn -0.623691 0.471189 -0.623691
vn -0.684035 0.482326 -0.547227
vn 0.795188 0.369455 -0.480811
vn 0.834669 0.337959 -0.434870
vn 0.879738 0.365351 -0.304270
vn 0.836117 0.218356 -0.503218
vn 0.802127 0.275684 -0.529708
vn 0.964759 0.155220 -0.212477
vn 0.974815 0.166765 -0.148073
vn 0.965820 0.159864 -0.204047
vn 0.993071 0.055854 -0.103393
vn 0.992199 0.109627 -0.059362
vn 0.902620 0.298338 -0.310275
vn 0.905567 0.236493 -0.352164
vn 0.908217 0.142311 -0.393560
vn -0.957999 0.027572 -0.285444
vn -0.970719 0.085466 -0.224499
vn -0.899507 0.114044 -0.421760
vn -0.854181 0.072045 -0.514961
vn -0.812448 0.138878 -0.566251
vn -0.873930 -0.022823 -0.485516
vn -0.771106 0.064729 -0.633408
vn -0.754752 0.120561 -0.644837
vn -0.930042 0.039035 -0.365374
vn 0.900479 0.097821 -0.423755
vn 0.924418 0.049381 -0.378171
vn 0.933619 0.112879 -0.340022
vn 0.963050 0.051023 -0.264444
vn 0.998710 0.040921 -0.030072
vn 0.892906 0.058297 -0.446453
vn 0.889207 0.084080 -0.449714
vn 0.927646 0.068136 -0.367193
vn 0.943509 0.032296 -0.329770
vn 0.986621 -0.031337 -0.159993
vn 0.985899 0.084778 -0.144278
g Body
usemtl Metal_Black_Plain
f 1/1/1 2/2/2 3/3/3
f 4/4/4 5/5/5 6/6/6
f 7/7/7 8/8/8 9/9/9
f 10/10/10 11/11/11 12/12/12
f 13/13/13 14/14/14 15/15/15
f 16/16/16 17/17/17 18/18/18
f 19/19/19 20/20/20 21/21/21
f 22/22/22 23/23/23 24/24/24
f 25/25/25 26/26/26 27/27/27
f 28/28/28 29/29/29 30/30/30
f 25/31/25 31/32/31 26/33/26
f 9/34/9 32/35/32 19/36/19
f 33/37/33 34/38/34 35/39/35
f 36/40/36 37/41/37 38/42/38
f 27/43/27 4/44/4 6/45/6
f 11/46/11 7/47/7 12/48/12
f 39/49/39 40/50/40 41/51/41
f 35/52/35 34/53/34 42/54/42
f 43/55/43 44/56/44 45/57/45
f 46/58/46 47/59/47 48/60/48
f 49/61/49 50/62/50 51/63/51
f 52/64/52 53/65/53 54/66/54
f 12/67/12 55/68/55 56/69/56
f 57/70/57 58/71/58 20/72/20
f 59/73/59 60/74/60 53/75/53
f 21/76/21 20/77/20 61/78/61
f 62/79/62 63/80/63 64/81/64
f 65/82/65 66/83/66 28/84/28
f 60/85/60 6/86/6 14/87/14
f 67/88/67 1/89/1 68/90/68
f 69/91/69 70/92/70 71/93/71
f 42/94/42 72/95/72 73/96/73
f 14/97/14 74/98/74 15/99/15
f 56/100/56 55/101/55 75/102/75
f 76/103/76 17/104/17 16/105/16
f 77/106/77 78/107/78 79/108/79
f 38/109/38 80/110/80 81/111/81
f 74/112/74 82/113/82 83/114/83
f 84/115/84 38/116/85 85/117/86
f 86/118/87 35/119/88 87/120/89
f 73/121/73 28/122/28 88/123/90
f 73/124/73 65/125/65 28/126/28
f 30/127/30 59/128/59 89/129/91
f 6/130/6 5/131/5 14/132/14
f 63/133/63 90/134/92 46/135/46
f 91/136/93 64/137/64 92/138/94
f 93/139/95 27/140/27 6/141/6
f 18/142/18 41/143/41 94/144/96
f 95/145/97 96/146/98 4/147/4
f 97/148/99 43/149/43 98/150/100
f 99/151/101 100/152/102 47/153/47
f 101/154/103 102/155/104 103/156/105
f 90/157/92 100/158/102 99/159/101
f 37/160/106 104/161/107 105/162/108
f 88/163/90 28/164/28 30/165/30
f 95/166/97 10/167/10 96/168/98
f 88/169/90 30/170/30 106/171/109
f 107/172/110 85/173/86 91/174/93
f 46/175/46 90/176/92 47/177/47
f 92/178/94 64/179/64 102/180/104
f 108/181/111 109/182/112 110/183/113
f 33/184/33 36/185/114 22/186/22
f 111/187/115 76/188/76 58/189/58
f 74/190/74 112/191/116 82/192/82
f 113/193/117 40/194/40 39/195/39
f 87/196/89 35/197/88 114/198/118
f 106/199/109 30/200/30 89/201/91
f 106/202/109 89/203/91 115/204/119
f 26/205/26 95/206/97 27/207/27
f 78/208/78 68/209/68 113/210/117
f 94/211/96 116/212/120 50/213/50
f 117/214/121 85/215/122 107/216/110
f 118/217/123 73/218/73 119/219/124
f 9/220/9 19/221/19 21/222/21
f 120/223/125 78/224/78 121/225/126
f 109/226/112 31/227/31 25/228/25
f 85/229/127 81/230/81 91/231/93
f 106/232/109 115/233/119 122/234/128
f 36/235/129 117/236/130 22/237/131
f 2/238/2 123/239/132 124/240/133
f 68/241/68 1/242/1 3/243/3
f 121/244/126 113/245/117 39/246/39
f 42/247/42 34/248/34 72/249/72
f 64/250/64 46/251/46 102/252/104
f 84/253/134 36/254/36 38/255/135
f 125/256/136 94/257/96 50/258/137
f 1/259/1 118/260/123 2/261/2
f 27/262/27 95/263/97 4/264/4
f 97/265/99 44/266/44 43/267/43
f 55/268/55 9/269/9 75/270/75
f 89/271/91 53/272/53 52/273/52
f 126/274/138 58/275/58 57/276/57
f 120/277/125 121/278/126 76/279/76
f 2/280/2 119/281/124 123/282/132
f 92/283/94 102/284/104 101/285/103
f 127/286/139 128/287/140 93/288/95
f 34/289/34 129/290/141 130/291/142
f 36/292/36 131/293/143 37/294/37
f 32/295/32 57/296/57 19/297/19
f 48/298/48 8/299/8 7/300/7
f 130/301/142 24/302/24 108/303/111
f 91/304/93 92/305/94 132/306/144
f 58/307/58 16/308/16 20/309/20
f 103/310/105 10/311/10 95/312/97
f 133/313/145 134/314/146 135/315/147
f 77/316/77 67/317/67 68/318/68
f 125/319/136 18/320/18 94/321/96
f 136/322/148 137/323/149 82/324/82
f 69/325/150 71/326/71 97/327/99
f 110/328/113 25/329/25 127/330/139
f 76/331/76 79/332/79 120/333/125
f 4/334/4 96/335/98 5/336/5
f 82/337/82 137/338/149 83/339/83
f 133/340/145 87/341/89 134/342/146
f 40/343/40 138/344/151 122/345/128
f 134/346/146 118/347/123 1/348/1
f 104/349/107 97/350/99 98/351/100
f 127/352/139 25/353/25 128/354/140
f 98/355/100 43/356/43 100/357/102
f 59/358/59 93/359/95 60/360/60
f 81/361/81 64/362/64 91/363/93
f 81/364/81 62/365/62 64/366/64
f 8/367/8 32/368/32 9/369/9
f 19/370/19 57/371/57 20/372/20
f 115/373/119 52/374/52 116/375/120
f 87/376/89 118/377/123 134/378/146
f 125/379/136 50/380/50 49/381/49
f 86/382/87 131/383/152 35/384/88
f 109/385/112 101/386/103 31/387/31
f 73/388/73 72/389/72 65/390/65
f 135/391/147 134/392/146 67/393/67
f 90/394/92 99/395/101 47/396/47
f 105/397/108 104/398/107 98/399/100
f 9/400/9 21/401/21 75/402/75
f 122/403/128 115/404/119 116/405/120
f 70/406/70 133/407/145 135/408/147
f 11/409/11 46/410/46 48/411/48
f 89/412/91 59/413/59 53/414/53
f 135/415/147 67/416/67 77/417/77
f 3/418/3 124/419/133 113/420/117
f 61/421/61 18/422/18 125/423/136
f 97/424/99 71/425/71 44/426/44
f 58/427/58 76/428/76 16/429/16
f 36/430/36 85/431/127 117/432/153
f 50/433/154 139/434/155 140/435/156
f 43/436/43 45/437/45 126/438/138
f 53/439/53 60/440/60 13/441/13
f 22/442/22 129/443/141 34/444/34
f 76/445/76 121/446/126 17/447/17
f 127/448/139 93/449/95 59/450/59
f 37/451/106 105/452/108 80/453/80
f 141/454/157 86/455/158 70/456/70
f 124/457/133 106/458/109 122/459/128
f 45/460/45 44/461/44 142/462/159
f 138/463/151 124/464/133 122/465/128
f 123/466/132 106/467/109 124/468/133
f 136/469/148 125/470/136 49/471/49
f 79/472/79 78/473/78 120/474/125
f 142/475/159 79/476/79 111/477/115
f 126/478/138 57/479/57 32/480/32
f 119/481/124 73/482/73 88/483/90
f 31/484/31 103/485/105 26/486/26
f 116/487/120 52/488/52 139/489/155
f 53/490/53 13/491/13 54/492/54
f 45/493/45 142/494/159 111/495/115
f 54/496/54 13/497/13 15/498/15
f 141/499/160 131/500/152 86/501/87
f 130/502/142 143/503/161 72/504/72
f 72/505/72 143/506/161 66/507/66
f 100/508/102 43/509/43 126/510/138
f 30/511/30 29/512/29 59/513/59
f 24/514/24 144/515/162 108/516/111
f 74/517/74 83/518/83 145/519/163
f 11/520/11 48/521/48 7/522/7
f 26/523/26 103/524/105 95/525/97
f 24/526/24 107/527/110 132/528/144
f 14/529/14 112/530/116 74/531/74
f 131/532/164 69/533/165 104/534/107
f 47/535/47 126/536/138 8/537/8
f 111/538/115 58/539/58 126/540/138
f 3/541/3 2/542/2 124/543/133
f 72/544/72 66/545/66 65/546/65
f 24/547/24 132/548/144 144/549/162
f 66/550/66 110/551/113 127/552/139
f 137/553/149 49/554/49 146/555/166
f 147/556/167 21/557/21 136/558/148
f 132/559/144 101/560/103 109/561/112
f 148/562/168 77/563/77 79/564/79
f 144/565/162 132/566/144 109/567/112
f 23/568/169 107/569/110 24/570/24
f 112/571/116 75/572/75 147/573/167
f 61/574/61 20/575/20 18/576/18
f 130/577/142 108/578/111 143/579/161
f 105/580/108 90/581/92 62/582/62
f 51/583/51 140/584/156 149/585/170
f 5/586/5 12/587/12 56/588/56
f 60/589/60 14/590/14 13/591/13
f 8/592/8 126/593/138 32/594/32
f 21/595/21 61/596/61 136/597/148
f 90/598/92 98/599/100 100/600/102
f 28/601/28 66/602/66 29/603/29
f 147/604/167 136/605/148 82/606/82
f 34/607/34 33/608/33 22/609/171
f 85/610/127 38/611/172 81/612/81
f 75/613/75 21/614/21 147/615/167
f 123/616/132 88/617/90 106/618/109
f 136/619/148 49/620/49 137/621/149
f 143/622/161 108/623/111 110/624/113
f 96/625/98 12/626/12 5/627/5
f 66/628/66 127/629/139 29/630/29
f 5/631/5 112/632/116 14/633/14
f 41/634/41 116/635/120 94/636/96
f 131/637/173 104/638/107 37/639/174
f 81/640/81 80/641/80 62/642/62
f 29/643/29 127/644/139 59/645/59
f 50/646/50 140/647/156 51/648/51
f 61/649/61 125/650/136 136/651/148
f 128/652/140 27/653/27 93/654/95
f 71/655/71 70/656/70 135/657/147
f 68/658/68 3/659/3 113/660/117
f 10/661/10 12/662/12 96/663/98
f 20/664/20 16/665/16 18/666/18
f 118/667/123 119/668/124 2/669/2
f 144/670/162 109/671/112 108/672/111
f 119/673/124 88/674/90 123/675/132
f 70/676/70 86/677/175 133/678/145
f 48/679/48 47/680/47 8/681/8
f 132/682/144 92/683/94 101/684/103
f 40/685/40 122/686/128 116/687/120
f 139/688/155 15/689/176 140/690/156
f 34/691/34 130/692/142 72/693/72
f 135/694/147 77/695/77 148/696/168
f 126/697/138 45/698/45 111/699/115
f 117/700/177 107/701/110 23/702/178
f 62/703/62 90/704/92 63/705/63
f 143/706/161 110/707/113 66/708/66
f 64/709/64 63/710/63 46/711/46
f 60/712/60 93/713/95 6/714/6
f 113/715/117 138/716/151 40/717/40
f 44/718/44 135/719/147 142/720/159
f 25/721/25 27/722/27 128/723/140
f 110/724/113 109/725/112 25/726/25
f 22/727/22 24/728/24 129/729/141
f 36/730/179 84/731/180 85/732/180
f 78/733/78 113/734/117 121/735/126
f 129/736/141 24/737/24 130/738/142
f 105/739/108 98/740/100 90/741/92
f 142/742/159 135/743/147 148/744/168
f 67/745/67 134/746/146 1/747/1
f 142/748/159 148/749/168 79/750/79
f 100/751/102 126/752/138 47/753/47
f 56/754/56 75/755/75 112/756/116
f 71/757/71 135/758/147 44/759/44
f 5/760/5 56/761/56 112/762/116
f 12/763/12 7/764/7 55/765/55
f 77/766/77 68/767/68 78/768/78
f 121/769/126 39/770/39 17/771/17
f 39/772/39 41/773/41 18/774/18
f 103/775/105 102/776/104 10/777/10
f 22/778/22 117/779/121 23/780/169
f 111/781/115 79/782/79 76/783/76
f 102/784/104 11/785/11 10/786/10
f 83/787/83 149/788/170 145/789/163
f 102/790/104 46/791/46 11/792/11
f 131/793/152 33/794/181 35/795/182
f 133/796/145 86/797/87 87/798/89
f 17/799/17 39/800/39 18/801/18
f 35/802/35 42/803/42 114/804/118
f 37/805/37 80/806/80 38/807/38
f 89/808/91 52/809/52 115/810/119
f 114/811/118 42/812/42 73/813/73
f 116/814/120 139/815/155 50/816/154
f 41/817/41 40/818/40 116/819/120
f 118/820/123 114/821/118 73/822/73
f 70/823/70 69/824/69 141/825/183
f 54/826/54 15/827/176 139/828/155
f 107/829/110 91/830/93 132/831/144
f 15/832/184 74/833/74 145/834/163
f 55/835/55 7/836/7 9/837/9
f 87/838/89 114/839/118 118/840/123
f 52/841/52 54/842/54 139/843/155
f 113/844/117 124/845/133 138/846/151
f 31/847/31 101/848/103 103/849/105
f 69/850/185 97/851/99 104/852/107
f 80/853/80 105/854/108 62/855/62
f 112/856/116 147/857/167 82/858/82
f 141/859/186 69/860/187 131/861/143
f 146/862/166 49/863/49 51/864/51
f 146/865/166 51/866/51 149/867/170
f 145/868/163 149/869/170 140/870/156
f 145/871/163 140/872/156 15/873/15
f 83/874/83 137/875/149 146/876/166
f 83/877/83 146/878/166 149/879/170
f 33/37/188 131/293/152 36/40/179
g PropellerMount
usemtl Metal_Black_Plain
f 150//189 151//190 152//191
f 150//189 153//192 151//190
f 153//192 154//193 151//190
f 153//192 155//194 154//193
f 155//194 156//195 154//193
f 155//194 157//196 156//195
f 157//196 158//197 156//195
f 157//196 159//198 158//197
f 159//198 160//199 158//197
f 159//198 161//200 160//199
f 161//200 162//201 160//199
f 161//200 163//202 162//201
f 163//202 164//203 162//201
f 163//202 165//204 164//203
f 165//204 166//205 164//203
f 165//204 167//206 166//205
f 167//206 168//207 166//205
f 167//206 169//208 168//207
f 169//208 170//209 168//207
f 169//208 171//210 170//209
f 171//210 172//211 170//209
f 171//210 173//212 172//211
f 173//212 174//213 172//211
f 173//212 175//214 174//213
f 175//215 176//216 174//217
f 175//215 177//218 176//216
f 177//218 178//219 176//216
f 177//218 179//220 178//219
f 179//220 180//221 178//219
f 179//220 181//222 180//221
f 181//222 182//223 180//221
f 181//222 183//224 182//223
f 183//224 184//225 182//223
f 183//224 185//226 184//225
f 185//226 186//227 184//225
f 185//226 187//228 186//227
f 187//228 188//229 186//227
f 187//228 189//230 188//229
f 189//230 190//231 188//229
f 189//230 191//232 190//231
f 191//232 192//233 190//231
f 191//232 193//234 192//233
f 193//234 194//235 192//233
f 193//234 195//236 194//235
f 195//236 196//237 194//235
f 195//236 197//238 196//237
f 197//238 152//239 196//237
f 197//238 150//240 152//239
f 152//191 198//241 199//242
f 152//191 151//190 198//241
f 151//190 200//243 198//241
f 151//190 154//193 200//243
f 154//193 201//244 200//243
f 154//193 156//195 201//244
f 156//195 202//245 201//244
f 156//195 158//197 202//245
f 158//197 203//246 202//245
f 158//197 160//199 203//246
f 160//199 204//247 203//246
f 160//199 162//201 204//247
f 162//201 205//248 204//247
f 162//201 164//203 205//248
f 164//203 206//249 205//248
f 164//203 166//205 206//249
f 166//205 207//250 206//249
f 166//205 168//207 207//250
f 168//207 208//251 207//250
f 168//207 170//209 208//251
f 170//209 209//252 208//251
f 170//209 172//211 209//252
f 172//211 210//253 209//252
f 172//211 174//213 210//253
f 174//217 211//254 210//255
f 174//217 176//216 211//254
f 176//216 212//256 211//254
f 176//216 178//219 212//256
f 178//219 213//257 212//256
f 178//219 180//221 213//257
f 180//221 214//258 213//257
f 180//221 182//223 214//258
f 182//223 215//259 214//258
f 182//223 184//225 215//259
f 184//225 216//260 215//259
f 184//225 186//227 216//260
f 186//227 217//261 216//260
f 186//227 188//229 217//261
f 188//229 218//262 217//261
f 188//229 190//231 218//262
f 190//231 219//263 218//262
f 190//231 192//233 219//263
f 192//233 220//264 219//263
f 192//233 194//235 220//264
f 194//235 221//265 220//264
f 194//235 196//237 221//265
f 196//237 199//266 221//265
f 196//237 152//239 199//266
f 199//242 222//267 223//268
f 199//242 198//241 222//267
f 198//241 224//269 222//267
f 198//241 200//243 224//269
f 200//243 225//270 224//269
f 200//243 201//244 225//270
f 201//244 226//271 225//270
f 201//244 202//245 226//271
f 202//245 227//272 226//271
f 202//245 203//246 227//272
f 203//246 228//273 227//272
f 203//246 204//247 228//273
f 204//247 229//274 228//273
f 204//247 205//248 229//274
f 205//248 230//275 229//274
f 205//248 206//249 230//275
f 206//249 231//276 230//275
f 206//249 207//250 231//276
f 207//250 232//277 231//276
f 207//250 208//251 232//277
f 208//251 233//278 232//277
f 208//251 209//252 233//278
f 209//252 234//279 233//278
f 209//252 210//253 234//279
f 210//255 235//280 234//281
f 210//255 211//254 235//280
f 211//254 236//282 235//280
f 211//254 212//256 236//282
f 212//256 237//283 236//282
f 212//256 213//257 237//283
f 213//257 238//284 237//283
f 213//257 214//258 238//284
f 214//258 239//285 238//284
f 214//258 215//259 239//285
f 215//259 240//286 239//285
f 215//259 216//260 240//286
f 216//260 241//287 240//286
f 216//260 217//261 241//287
f 217//261 242//288 241//287
f 217//261 218//262 242//288
f 218//262 243//289 242//288
f 218//262 219//263 243//289
f 219//263 244//290 243//289
f 219//263 220//264 244//290
f 220//264 245//291 244//290
f 220//264 221//265 245//291
f 221//265 223//292 245//291
f 221//265 199//266 223//292
f 223//268 246//293 247//294
f 223//268 222//267 246//293
f 222//267 248//295 246//293
f 222//267 224//269 248//295
f 224//269 249//296 248//295
f 224//269 225//270 249//296
f 225//270 250//297 249//296
f 225//270 226//271 250//297
f 226//271 251//298 250//297
f 226//271 227//272 251//298
f 227//272 252//299 251//298
f 227//272 228//273 252//299
f 228//273 253//300 252//299
f 228//273 229//274 253//300
f 229//274 254//301 253//300
f 229//274 230//275 254//301
f 230//275 255//302 254//301
f 230//275 231//276 255//302
f 231//276 256//303 255//302
f 231//276 232//277 256//303
f 232//277 257//304 256//303
f 232//277 233//278 257//304
f 233//278 258//305 257//304
f 233//278 234//279 258//305
f 234//281 259//306 258//307
f 234//281 235//280 259//306
f 235//280 260//308 259//306
f 235//280 236//282 260//308
f 236//282 261//309 260//308
f 236//282 237//283 261//309
f 237//283 262//310 261//309
f 237//283 238//284 262//310
f 238//284 263//311 262//310
f 238//284 239//285 263//311
f 239//285 264//312 263//311
f 239//285 240//286 264//312
f 240//286 265//313 264//312
f 240//286 241//287 265//313
f 241//287 266//314 265//313
f 241//287 242//288 266//314
f 242//288 267//315 266//314
f 242//288 243//289 267//315
f 243//289 268//316 267//315
f 243//289 244//290 268//316
f 244//290 269//317 268//316
f 244//290 245//291 269//317
f 245//291 247//318 269//317
f 245//291 223//292 247//318
f 247//294 270//319 271//320
f 247//294 246//293 270//319
f 246//293 272//321 270//319
f 246//293 248//295 272//321
f 248//295 273//322 272//321
f 248//295 249//296 273//322
f 249//296 274//323 273//322
f 249//296 250//297 274//323
f 250//297 275//324 274//323
f 250//297 251//298 275//324
f 251//298 276//325 275//324
f 251//298 252//299 276//325
f 252//299 277//326 276//325
f 252//299 253//300 277//326
f 253//300 278//327 277//326
f 253//300 254//301 278//327
f 254//301 279//328 278//327
f 254//301 255//302 279//328
f 255//302 280//329 279//328
f 255//302 256//303 280//329
f 256//303 281//330 280//329
f 256//303 257//304 281//330
f 257//304 282//331 281//330
f 257//304 258//305 282//331
f 258//307 283//332 282//333
f 258//307 259//306 283//332
f 259//306 284//334 283//332
f 259//306 260//308 284//334
f 260//308 285//335 284//334
f 260//308 261//309 285//335
f 261//309 286//336 285//335
f 261//309 262//310 286//336
f 262//310 287//337 286//336
f 262//310 263//311 287//337
f 263//311 288//338 287//337
f 263//311 264//312 288//338
f 264//312 289//339 288//338
f 264//312 265//313 289//339
f 265//313 290//340 289//339
f 265//313 266//314 290//340
f 266//314 291//341 290//340
f 266//314 267//315 291//341
f 267//315 292//342 291//341
f 267//315 268//316 292//342
f 268//316 293//343 292//342
f 268//316 269//317 293//343
f 269//317 271//344 293//343
f 269//317 247//318 271//344
f 271//320 294//345 295//346
f 271//320 270//319 294//345
f 270//319 296//347 294//345
f 270//319 272//321 296//347
f 272//321 297//348 296//347
f 272//321 273//322 297//348
f 273//322 298//349 297//348
f 273//322 274//323 298//349
f 274//323 299//350 298//349
f 274//323 275//324 299//350
f 275//324 300//351 299//350
f 275//324 276//325 300//351
f 276//325 301//352 300//351
f 276//325 277//326 301//352
f 277//326 302//353 301//352
f 277//326 278//327 302//353
f 278//327 303//354 302//353
f 278//327 279//328 303//354
f 279//328 304//355 303//354
f 279//328 280//329 304//355
f 280//329 305//356 304//355
f 280//329 281//330 305//356
f 281//330 306//357 305//356
f 281//330 282//331 306//357
f 282//333 307//358 306//359
f 282//333 283//332 307//358
f 283//332 308//360 307//358
f 283//332 284//334 308//360
f 284//334 309//361 308//360
f 284//334 285//335 309//361
f 285//335 310//362 309//361
f 285//335 286//336 310//362
f 286//336 311//363 310//362
f 286//336 287//337 311//363
f 287//337 312//364 311//363
f 287//337 288//338 312//364
f 288//338 313//365 312//364
f 288//338 289//339 313//365
f 289//339 314//366 313//365
f 289//339 290//340 314//366
f 290//340 315//367 314//366
f 290//340 291//341 315//367
f 291//341 316//368 315//367
f 291//341 292//342 316//368
f 292//342 317//369 316//368
f 292//342 293//343 317//369
f 293//343 295//370 317//369
f 293//343 271//344 295//370
f 295//346 318//371 319//372
f 295//346 294//345 318//371
f 294//345 320//373 318//371
f 294//345 296//347 320//373
f 296//347 321//374 320//373
f 296//347 297//348 321//374
f 297//348 322//375 321//374
f 297//348 298//349 322//375
f 298//349 323//376 322//375
f 298//349 299//350 323//376
f 299//350 324//377 323//376
f 299//350 300//351 324//377
f 300//351 325//378 324//377
f 300//351 301//352 325//378
f 301//352 326//379 325//378
f 301//352 302//353 326//379
f 302//353 327//380 326//379
f 302//353 303//354 327//380
f 303//354 328//381 327//380
f 303//354 304//355 328//381
f 304//355 329//382 328//381
f 304//355 305//356 329//382
f 305//356 330//383 329//382
f 305//356 306//357 330//383
f 306//359 331//384 330//385
f 306//359 307//358 331//384
f 307//358 332//386 331//384
f 307//358 308//360 332//386
f 308//360 333//387 332//386
f 308//360 309//361 333//387
f 309//361 334//388 333//387
f 309//361 310//362 334//388
f 310//362 335//389 334//388
f 310//362 311//363 335//389
f 311//363 336//390 335//389
f 311//363 312//364 336//390
f 312//364 337//391 336//390
f 312//364 313//365 337//391
f 313//365 338//392 337//391
f 313//365 314//366 338//392
f 314//366 339//393 338//392
f 314//366 315//367 339//393
f 315//367 340//394 339//393
f 315//367 316//368 340//394
f 316//368 341//395 340//394
f 316//368 317//369 341//395
f 317//369 319//396 341//395
f 317//369 295//370 319//396
f 319//372 342//397 343//398
f 319//372 318//371 342//397
f 318//371 344//399 342//397
f 318//371 320//373 344//399
f 320//373 345//400 344//399
f 320//373 321//374 345//400
f 321//374 346//401 345//400
f 321//374 322//375 346//401
f 322//375 347//402 346//401
f 322//375 323//376 347//402
f 323//376 348//403 347//402
f 323//376 324//377 348//403
f 324//377 349//404 348//403
f 324//377 325//378 349//404
f 325//378 350//405 349//404
f 325//378 326//379 350//405
f 326//379 351//406 350//405
f 326//379 327//380 351//406
f 327//380 352//407 351//406
f 327//380 328//381 352//407
f 328//381 353//408 352//407
f 328//381 329//382 353//408
f 329//382 354//409 353//408
f 329//382 330//383 354//409
f 330//385 355//410 354//411
f 330//385 331//384 355//410
f 331//384 356//412 355//410
f 331//384 332//386 356//412
f 332//386 357//413 356//412
f 332//386 333//387 357//413
f 333//387 358//414 357//413
f 333//387 334//388 358//414
f 334//388 359//415 358//414
f 334//388 335//389 359//415
f 335//389 360//416 359//415
f 335//389 336//390 360//416
f 336//390 361//417 360//416
f 336//390 337//391 361//417
f 337//391 362//418 361//417
f 337//391 338//392 362//418
f 338//392 363//419 362//418
f 338//392 339//393 363//419
f 339//393 364//420 363//419
f 339//393 340//394 364//420
f 340//394 365//421 364//420
f 340//394 341//395 365//421
f 341//395 343//422 365//421
f 341//395 319//396 343//422
f 343//398 366//423 367//424
f 343//398 342//397 366//423
f 342//397 368//425 366//423
f 342//397 344//399 368//425
f 344//399 369//426 368//425
f 344//399 345//400 369//426
f 345//400 370//427 369//426
f 345//400 346//401 370//427
f 346//401 371//428 370//427
f 346//401 347//402 371//428
f 347//402 372//429 371//428
f 347//402 348//403 372//429
f 348//403 373//430 372//429
f 348//403 349//404 373//430
f 349//404 374//431 373//430
f 349//404 350//405 374//431
f 350//405 375//432 374//431
f 350//405 351//406 375//432
f 351//406 376//433 375//432
f 351//406 352//407 376//433
f 352//407 377//434 376//433
f 352//407 353//408 377//434
f 353//408 378//435 377//434
f 353//408 354//409 378//435
f 354//411 379//436 378//437
f 354//411 355//410 379//436
f 355//410 380//438 379//436
f 355//410 356//412 380//438
f 356//412 381//439 380//438
f 356//412 357//413 381//439
f 357//413 382//440 381//439
f 357//413 358//414 382//440
f 358//414 383//441 382//440
f 358//414 359//415 383//441
f 359//415 384//442 383//441
f 359//415 360//416 384//442
f 360//416 385//443 384//442
f 360//416 361//417 385//443
f 361//417 386//444 385//443
f 361//417 362//418 386//444
f 362//418 387//445 386//444
f 362//418 363//419 387//445
f 363//419 388//446 387//445
f 363//419 364//420 388//446
f 364//420 389//447 388//446
f 364//420 365//421 389//447
f 365//421 367//448 389//447
f 365//421 343//422 367//448
f 367//424 390//449 391//450
f 367//424 366//423 390//449
f 366//423 392//451 390//449
f 366//423 368//425 392//451
f 368//425 393//452 392//451
f 368//425 369//426 393//452
f 369//426 394//453 393//452
f 369//426 370//427 394//453
f 370//427 395//454 394//453
f 370//427 371//428 395//454
f 371//428 396//455 395//454
f 371//428 372//429 396//455
f 372//429 397//456 396//455
f 372//429 373//430 397//456
f 373//430 398//457 397//456
f 373//430 374//431 398//457
f 374//431 399//458 398//457
f 374//431 375//432 399//458
f 375//432 400//459 399//458
f 375//432 376//433 400//459
f 376//433 401//460 400//459
f 376//433 377//434 401//460
f 377//434 402//461 401//460
f 377//434 378//435 402//461
f 378//437 403//462 402//463
f 378//437 379//436 403//462
f 379//436 404//464 403//462
f 379//436 380//438 404//464
f 380//438 405//465 404//464
f 380//438 381//439 405//465
f 381//439 406//466 405//465
f 381//439 382//440 406//466
f 382//440 407//467 406//466
f 382//440 383//441 407//467
f 383//441 408//468 407//467
f 383//441 384//442 408//468
f 384//442 409//469 408//468
f 384//442 385//443 409//469
f 385//443 410//470 409//469
f 385//443 386//444 410//470
f 386//444 411//471 410//470
f 386//444 387//445 411//471
f 387//445 412//472 411//471
f 387//445 388//446 412//472
f 388//446 413//473 412//472
f 388//446 389//447 413//473
f 389//447 391//474 413//473
f 389//447 367//448 391//474
f 391//450 414//475 415//476
f 391//450 390//449 414//475
f 390//449 416//477 414//475
f 390//449 392//451 416//477
f 392//451 417//478 416//477
f 392//451 393//452 417//478
f 393//452 418//479 417//478
f 393//452 394//453 418//479
f 394//453 419//480 418//479
f 394//453 395//454 419//480
f 395//454 420//481 419//480
f 395//454 396//455 420//481
f 396//455 421//482 420//481
f 396//455 397//456 421//482
f 397//456 422//483 421//482
f 397//456 398//457 422//483
f 398//457 423//484 422//483
f 398//457 399//458 423//484
f 399//458 424//485 423//484
f 399//458 400//459 424//485
f 400//459 425//486 424//485
f 400//459 401//460 425//486
f 401//460 426//487 425//486
f 401//460 402//461 426//487
f 402//463 427//488 426//489
f 402//463 403//462 427//488
f 403//462 428//490 427//488
f 403//462 404//464 428//490
f 404//464 429//491 428//490
f 404//464 405//465 429//491
f 405//465 430//492 429//491
f 405//465 406//466 430//492
f 406//466 431//493 430//492
f 406//466 407//467 431//493
f 407//467 432//494 431//493
f 407//467 408//468 432//494
f 408//468 433//495 432//494
f 408//468 409//469 433//495
f 409//469 434//496 433//495
f 409//469 410//470 434//496
f 410//470 435//497 434//496
f 410//470 411//471 435//497
f 411//471 436//498 435//497
f 411//471 412//472 436//498
f 412//472 437//499 436//498
f 412//472 413//473 437//499
f 413//473 415//500 437//499
f 413//473 391//474 415//500
f 415//476 438//501 439//502
f 415//476 414//475 438//501
f 414//475 440//503 438//501
f 414//475 416//477 440//503
f 416//477 441//504 440//503
f 416//477 417//478 441//504
f 417//478 442//505 441//504
f 417//478 418//479 442//505
f 418//479 443//506 442//505
f 418//479 419//480 443//506
f 419//480 444//507 443//506
f 419//480 420//481 444//507
f 420//481 445//508 444//507
f 420//481 421//482 445//508
f 421//482 446//509 445//508
f 421//482 422//483 446//509
f 422//483 447//510 446//509
f 422//483 423//484 447//510
f 423//484 448//511 447//510
f 423//484 424//485 448//511
f 424//485 449//512 448//511
f 424//485 425//486 449//512
f 425//486 450//513 449//512
f 425//486 426//487 450//513
f 426//489 451//514 450//515
f 426//489 427//488 451//514
f 427//488 452//516 451//514
f 427//488 428//490 452//516
f 428//490 453//517 452//516
f 428//490 429//491 453//517
f 429//491 454//518 453//517
f 429//491 430//492 454//518
f 430//492 455//519 454//518
f 430//492 431//493 455//519
f 431//493 456//520 455//519
f 431//493 432//494 456//520
f 432//494 457//521 456//520
f 432//494 433//495 457//521
f 433//495 458//522 457//521
f 433//495 434//496 458//522
f 434//496 459//523 458//522
f 434//496 435//497 459//523
f 435//497 460//524 459//523
f 435//497 436//498 460//524
f 436//498 461//525 460//524
f 436//498 437//499 461//525
f 437//499 439//526 461//525
f 437//499 415//500 439//526
f 439//502 462//527 463//528
f 439//502 438//501 462//527
f 438//501 464//529 462//527
f 438//501 440//503 464//529
f 440//503 465//530 464//529
f 440//503 441//504 465//530
f 441//504 466//531 465//530
f 441//504 442//505 466//531
f 442//505 467//532 466//531
f 442//505 443//506 467//532
f 443//506 468//533 467//532
f 443//506 444//507 468//533
f 444//507 469//534 468//533
f 444//507 445//508 469//534
f 445//508 470//535 469//534
f 445//508 446//509 470//535
f 446//509 471//536 470//535
f 446//509 447//510 471//536
f 447//510 472//537 471//536
f 447//510 448//511 472//537
f 448//511 473//538 472//537
f 448//511 449//512 473//538
f 449//512 474//539 473//538
f 449//512 450//513 474//539
f 450//515 475//540 474//541
f 450//515 451//514 475//540
f 451//514 476//542 475//540
f 451//514 452//516 476//542
f 452//516 477//543 476//542
f 452//516 453//517 477//543
f 453//517 478//544 477//543
f 453//517 454//518 478//544
f 454//518 479//545 478//544
f 454//518 455//519 479//545
f 455//519 480//546 479//545
f 455//519 456//520 480//546
f 456//520 481//547 480//546
f 456//520 457//521 481//547
f 457//521 482//548 481//547
f 457//521 458//522 482//548
f 458//522 483//549 482//548
f 458//522 459//523 483//549
f 459//523 484//550 483//549
f 459//523 460//524 484//550
f 460//524 485//551 484//550
f 460//524 461//525 485//551
f 461//525 463//552 485//551
f 461//525 439//526 463//552
f 463//528 486//553 487//554
f 463//528 462//527 486//553
f 462//527 488//555 486//553
f 462//527 464//529 488//555
f 464//529 489//556 488//555
f 464//529 465//530 489//556
f 465//530 490//557 489//556
f 465//530 466//531 490//557
f 466//531 491//558 490//557
f 466//531 467//532 491//558
f 467//532 492//559 491//558
f 467//532 468//533 492//559
f 468//533 493//560 492//559
f 468//533 469//534 493//560
f 469//534 494//561 493//560
f 469//534 470//535 494//561
f 470//535 495//562 494//561
f 470//535 471//536 495//562
f 471//536 496//563 495//562
f 471//536 472//537 496//563
f 472//537 497//564 496//563
f 472//537 473//538 497//564
f 473//538 498//565 497//564
f 473//538 474//539 498//565
f 474//541 499//566 498//567
f 474//541 475//540 499//566
f 475//540 500//568 499//566
f 475//540 476//542 500//568
f 476//542 501//569 500//568
f 476//542 477//543 501//569
f 477//543 502//570 501//569
f 477//543 478//544 502//570
f 478//544 503//571 502//570
f 478//544 479//545 503//571
f 479//545 504//572 503//571
f 479//545 480//546 504//572
f 480//546 505//573 504//572
f 480//546 481//547 505//573
f 481//547 506//574 505//573
f 481//547 482//548 506//574
f 482//548 507//575 506//574
f 482//548 483//549 507//575
f 483//549 508//576 507//575
f 483//549 484//550 508//576
f 484//550 509//577 508//576
f 484//550 485//551 509//577
f 485//551 487//578 509//577
f 485//551 463//552 487//578
f 487//554 510//579 511//580
f 487//554 486//553 510//579
f 486//553 512//581 510//579
f 486//553 488//555 512//581
f 488//555 513//582 512//581
f 488//555 489//556 513//582
f 489//556 514//583 513//582
f 489//556 490//557 514//583
f 490//557 515//584 514//583
f 490//557 491//558 515//584
f 491//558 516//585 515//584
f 491//558 492//559 516//585
f 492//559 517//586 516//585
f 492//559 493//560 517//586
f 493//560 518//587 517//586
f 493//560 494//561 518//587
f 494//561 519//588 518//587
f 494//561 495//562 519//588
f 495//562 520//589 519//588
f 495//562 496//563 520//589
f 496//563 521//590 520//589
f 496//563 497//564 521//590
f 497//564 522//591 521//590
f 497//564 498//565 522//591
f 498//567 523//592 522//593
f 498//567 499//566 523//592
f 499//566 524//594 523//592
f 499//566 500//568 524//594
f 500//568 525//595 524//594
f 500//568 501//569 525//595
f 501//569 526//596 525//595
f 501//569 502//570 526//596
f 502//570 527//597 526//596
f 502//570 503//571 527//597
f 503//571 528//598 527//597
f 503//571 504//572 528//598
f 504//572 529//599 528//598
f 504//572 505//573 529//599
f 505//573 530//600 529//599
f 505//573 506//574 530//600
f 506//574 531//601 530//600
f 506//574 507//575 531//601
f 507//575 532//602 531//601
f 507//575 508//576 532//602
f 508//576 533//603 532//602
f 508//576 509//577 533//603
f 509//577 511//604 533//603
f 509//577 487//578 511//604
f 511//580 534//605 535//606
f 511//580 510//579 534//605
f 510//579 536//607 534//605
f 510//579 512//581 536//607
f 512//581 537//608 536//607
f 512//581 513//582 537//608
f 513//582 538//609 537//608
f 513//582 514//583 538//609
f 514//583 539//610 538//609
f 514//583 515//584 539//610
f 515//584 540//611 539//610
f 515//584 516//585 540//611
f 516//585 541//612 540//611
f 516//585 517//586 541//612
f 517//586 542//613 541//612
f 517//586 518//587 542//613
f 518//587 543//614 542//613
f 518//587 519//588 543//614
f 519//588 544//615 543//614
f 519//588 520//589 544//615
f 520//589 545//616 544//615
f 520//589 521//590 545//616
f 521//590 546//617 545//616
f 521//590 522//591 546//617
f 522//593 547//618 546//619
f 522//593 523//592 547//618
f 523//592 548//620 547//618
f 523//592 524//594 548//620
f 524//594 549//621 548//620
f 524//594 525//595 549//621
f 525//595 550//622 549//621
f 525//595 526//596 550//622
f 526//596 551//623 550//622
f 526//596 527//597 551//623
f 527//597 552//624 551//623
f 527//597 528//598 552//624
f 528//598 553//625 552//624
f 528//598 529//599 553//625
f 529//599 554//626 553//625
f 529//599 530//600 554//626
f 530//600 555//627 554//626
f 530//600 531//601 555//627
f 531//601 556//628 555//627
f 531//601 532//602 556//628
f 532//602 557//629 556//628
f 532//602 533//603 557//629
f 533//603 535//630 557//629
f 533//603 511//604 535//630
f 535//606 558//631 559//632
f 535//606 534//605 558//631
f 534//605 560//633 558//631
f 534//605 536//607 560//633
f 536//607 561//634 560//633
f 536//607 537//608 561//634
f 537//608 562//635 561//634
f 537//608 538//609 562//635
f 538//609 563//636 562//635
f 538//609 539//610 563//636
f 539//610 564//637 563//636
f 539//610 540//611 564//637
f 540//611 565//638 564//637
f 540//611 541//612 565//638
f 541//612 566//639 565//638
f 541//612 542//613 566//639
f 542//613 567//640 566//639
f 542//613 543//614 567//640
f 543//614 568//641 567//640
f 543//614 544//615 568//641
f 544//615 569//642 568//641
f 544//615 545//616 569//642
f 545//616 570//643 569//642
f 545//616 546//617 570//643
f 546//619 571//644 570//645
f 546//619 547//618 571//644
f 547//618 572//646 571//644
f 547//618 548//620 572//646
f 548//620 573//647 572//646
f 548//620 549//621 573//647
f 549//621 574//648 573//647
f 549//621 550//622 574//648
f 550//622 575//649 574//648
f 550//622 551//623 575//649
f 551//623 576//650 575//649
f 551//623 552//624 576//650
f 552//624 577//651 576//650
f 552//624 553//625 577//651
f 553//625 578//652 577//651
f 553//625 554//626 578//652
f 554//626 579//653 578//652
f 554//626 555//627 579//653
f 555//627 580//654 579//653
f 555//627 556//628 580//654
f 556//628 581//655 580//654
f 556//628 557//629 581//655
f 557//629 559//656 581//655
f 557//629 535//630 559//656
f 559//632 582//657 583//658
f 559//632 558//631 582//657
f 558//631 584//659 582//657
f 558//631 560//633 584//659
f 560//633 585//660 584//659
f 560//633 561//634 585//660
f 561//634 586//661 585//660
f 561//634 562//635 586//661
f 562//635 587//662 586//661
f 562//635 563//636 587//662
f 563//636 588//663 587//662
f 563//636 564//637 588//663
f 564//637 589//664 588//663
f 564//637 565//638 589//664
f 565//638 590//665 589//664
f 565//638 566//639 590//665
f 566//639 591//666 590//665
f 566//639 567//640 591//666
f 567//640 592//667 591//666
f 567//640 568//641 592//667
f 568//641 593//668 592//667
f 568//641 569//642 593//668
f 569//642 594//669 593//668
f 569//642 570//643 594//669
f 570//645 595//670 594//671
f 570//645 571//644 595//670
f 571//644 596//672 595//670
f 571//644 572//646 596//672
f 572//646 597//673 596//672
f 572//646 573//647 597//673
f 573//647 598//674 597//673
f 573//647 574//648 598//674
f 574//648 599//675 598//674
f 574//648 575//649 599//675
f 575//649 600//676 599//675
f 575//649 576//650 600//676
f 576//650 601//677 600//676
f 576//650 577//651 601//677
f 577//651 602//678 601//677
f 577//651 578//652 602//678
f 578//652 603//679 602//678
f 578//652 579//653 603//679
f 579//653 604//680 603//679
f 579//653 580//654 604//680
f 580//654 605//681 604//680
f 580//654 581//655 605//681
f 581//655 583//682 605//681
f 581//655 559//656 583//682
f 583//658 606//683 607//684
f 583//658 582//657 606//683
f 582//657 608//685 606//683
f 582//657 584//659 608//685
f 584//659 609//686 608//685
f 584//659 585//660 609//686
f 585//660 610//687 609//686
f 585//660 586//661 610//687
f 586//661 611//688 610//687
f 586//661 587//662 611//688
f 587//662 612//689 611//688
f 587//662 588//663 612//689
f 588//663 613//690 612//689
f 588//663 589//664 613//690
f 589//664 614//691 613//690
f 589//664 590//665 614//691
f 590//665 615//692 614//691
f 590//665 591//666 615//692
f 591//666 616//693 615//692
f 591//666 592//667 616//693
f 592//667 617//694 616//693
f 592//667 593//668 617//694
f 593//668 618//695 617//694
f 593//668 594//669 618//695
f 594//671 619//696 618//697
f 594//671 595//670 619//696
f 595//670 620//698 619//696
f 595//670 596//672 620//698
f 596//672 621//699 620//698
f 596//672 597//673 621//699
f 597//673 622//700 621//699
f 597//673 598//674 622//700
f 598//674 623//701 622//700
f 598//674 599//675 623//701
f 599//675 624//702 623//701
f 599//675 600//676 624//702
f 600//676 625//703 624//702
f 600//676 601//677 625//703
f 601//677 626//704 625//703
f 601//677 602//678 626//704
f 602//678 627//705 626//704
f 602//678 603//679 627//705
f 603//679 628//706 627//705
f 603//679 604//680 628//706
f 604//680 629//707 628//706
f 604//680 605//681 629//707
f 605//681 607//708 629//707
f 605//681 583//682 607//708
f 607//684 630//709 631//710
f 607//684 606//683 630//709
f 606//683 632//711 630//709
f 606//683 608//685 632//711
f 608//685 633//712 632//711
f 608//685 609//686 633//712
f 609//686 634//713 633//712
f 609//686 610//687 634//713
f 610//687 635//714 634//713
f 610//687 611//688 635//714
f 611//688 636//715 635//714
f 611//688 612//689 636//715
f 612//689 637//716 636//715
f 612//689 613//690 637//716
f 613//690 638//717 637//716
f 613//690 614//691 638//717
f 614//691 639//718 638//717
f 614//691 615//692 639//718
f 615//692 640//719 639//718
f 615//692 616//693 640//719
f 616//693 641//720 640//719
f 616//693 617//694 641//720
f 617//694 642//721 641//720
f 617//694 618//695 642//721
f 618//697 643//722 642//723
f 618//697 619//696 643//722
f 619//696 644//724 643//722
f 619//696 620//698 644//724
f 620//698 645//725 644//724
f 620//698 621//699 645//725
f 621//699 646//726 645//725
f 621//699 622//700 646//726
f 622//700 647//727 646//726
f 622//700 623//701 647//727
f 623//701 648//728 647//727
f 623//701 624//702 648//728
f 624//702 649//729 648//728
f 624//702 625//703 649//729
f 625//703 650//730 649//729
f 625//703 626//704 650//730
f 626//704 651//731 650//730
f 626//704 627//705 651//731
f 627//705 652//732 651//731
f 627//705 628//706 652//732
f 628//706 653//733 652//732
f 628//706 629//707 653//733
f 629//707 631//734 653//733
f 629//707 607//708 631//734
f 631//710 654//735 655//736
f 631//710 630//709 654//735
f 630//709 656//737 654//735
f 630//709 632//711 656//737
f 632//711 657//738 656//737
f 632//711 633//712 657//738
f 633//712 658//739 657//738
f 633//712 634//713 658//739
f 634//713 659//740 658//739
f 634//713 635//714 659//740
f 635//714 660//741 659//740
f 635//714 636//715 660//741
f 636//715 661//742 660//741
f 636//715 637//716 661//742
f 637//716 662//743 661//742
f 637//716 638//717 662//743
f 638//717 663//744 662//743
f 638//717 639//718 663//744
f 639//718 664//745 663//744
f 639//718 640//719 664//745
f 640//719 665//746 664//745
f 640//719 641//720 665//746
f 641//720 666//747 665//746
f 641//720 642//721 666//747
f 642//723 667//748 666//749
f 642//723 643//722 667//748
f 643//722 668//750 667//748
f 643//722 644//724 668//750
f 644//724 669//751 668//750
f 644//724 645//725 669//751
f 645//725 670//752 669//751
f 645//725 646//726 670//752
f 646//726 671//753 670//752
f 646//726 647//727 671//753
f 647//727 672//754 671//753
f 647//727 648//728 672//754
f 648//728 673//755 672//754
f 648//728 649//729 673//755
f 649//729 674//756 673//755
f 649//729 650//730 674//756
f 650//730 675//757 674//756
f 650//730 651//731 675//757
f 651//731 676//758 675//757
f 651//731 652//732 676//758
f 652//732 677//759 676//758
f 652//732 653//733 677//759
f 653//733 655//760 677//759
f 653//733 631//734 655//760
f 655//736 678//761 679//762
f 655//736 654//735 678//761
f 654//735 680//763 678//761
f 654//735 656//737 680//763
f 656//737 681//764 680//763
f 656//737 657//738 681//764
f 657//738 682//765 681//764
f 657//738 658//739 682//765
f 658//739 683//766 682//765
f 658//739 659//740 683//766
f 659//740 684//767 683//766
f 659//740 660//741 684//767
f 660//741 685//768 684//767
f 660//741 661//742 685//768
f 661//742 686//769 685//768
f 661//742 662//743 686//769
f 662//743 687//770 686//769
f 662//743 663//744 687//770
f 663//744 688//771 687//770
f 663//744 664//745 688//771
f 664//745 689//772 688//771
f 664//745 665//746 689//772
f 665//746 690//773 689//772
f 665//746 666//747 690//773
f 666//749 691//774 690//775
f 666//749 667//748 691//774
f 667//748 692//776 691//774
f 667//748 668//750 692//776
f 668//750 693//777 692//776
f 668//750 669//751 693//777
f 669//751 694//778 693//777
f 669//751 670//752 694//778
f 670//752 695//779 694//778
f 670//752 671//753 695//779
f 671//753 696//780 695//779
f 671//753 672//754 696//780
f 672//754 697//781 696//780
f 672//754 673//755 697//781
f 673//755 698//782 697//781
f 673//755 674//756 698//782
f 674//756 699//783 698//782
f 674//756 675//757 699//783
f 675//757 700//784 699//783
f 675//757 676//758 700//784
f 676//758 701//785 700//784
f 676//758 677//759 701//785
f 677//759 679//786 701//785
f 677//759 655//760 679//786
f 679//762 702//787 703//788
f 679//762 678//761 702//787
f 678//761 704//789 702//787
f 678//761 680//763 704//789
f 680//763 705//790 704//789
f 680//763 681//764 705//790
f 681//764 706//791 705//790
f 681//764 682//765 706//791
f 682//765 707//792 706//791
f 682//765 683//766 707//792
f 683//766 708//793 707//792
f 683//766 684//767 708//793
f 684//767 709//794 708//793
f 684//767 685//768 709//794
f 685//768 710//795 709//794
f 685//768 686//769 710//795
f 686//769 711//796 710//795
f 686//769 687//770 711//796
f 687//770 712//797 711//796
f 687//770 688//771 712//797
f 688//771 713//798 712//797
f 688//771 689//772 713//798
f 689//772 714//799 713//798
f 689//772 690//773 714//799
f 690//775 715//800 714//801
f 690//775 691//774 715//800
f 691//774 716//802 715//800
f 691//774 692//776 716//802
f 692//776 717//803 716//802
f 692//776 693//777 717//803
f 693//777 718//804 717//803
f 693//777 694//778 718//804
f 694//778 719//805 718//804
f 694//778 695//779 719//805
f 695//779 720//806 719//805
f 695//779 696//780 720//806
f 696//780 721//807 720//806
f 696//780 697//781 721//807
f 697//781 722//808 721//807
f 697//781 698//782 722//808
f 698//782 723//809 722//808
f 698//782 699//783 723//809
f 699//783 724//810 723//809
f 699//783 700//784 724//810
f 700//784 725//811 724//810
f 700//784 701//785 725//811
f 701//785 703//812 725//811
f 701//785 679//786 703//812
f 703//788 726//813 727//814
f 703//788 702//787 726//813
f 702//787 728//815 726//813
f 702//787 704//789 728//815
f 704//789 729//816 728//815
f 704//789 705//790 729//816
f 705//790 730//817 729//816
f 705//790 706//791 730//817
f 706//791 731//818 730//817
f 706//791 707//792 731//818
f 707//792 732//819 731//818
f 707//792 708//793 732//819
f 708//793 733//820 732//819
f 708//793 709//794 733//820
f 709//794 734//821 733//820
f 709//794 710//795 734//821
f 710//795 735//822 734//821
f 710//795 711//796 735//822
f 711//796 736//823 735//822
f 711//796 712//797 736//823
f 712//797 737//824 736//823
f 712//797 713//798 737//824
f 713//798 738//825 737//824
f 713//798 714//799 738//825
f 714//801 739//826 738//827
f 714//801 715//800 739//826
f 715//800 740//828 739//826
f 715//800 716//802 740//828
f 716//802 741//829 740//828
f 716//802 717//803 741//829
f 717//803 742//830 741//829
f 717//803 718//804 742//830
f 718//804 743//831 742//830
f 718//804 719//805 743//831
f 719//805 744//832 743//831
f 719//805 720//806 744//832
f 720//806 745//833 744//832
f 720//806 721//807 745//833
f 721//807 746//834 745//833
f 721//807 722//808 746//834
f 722//808 747//835 746//834
f 722//808 723//809 747//835
f 723//809 748//836 747//835
f 723//809 724//810 748//836
f 724//810 749//837 748//836
f 724//810 725//811 749//837
f 725//811 727//838 749//837
f 725//811 703//812 727//838
f 727//814 750//839 751//840
f 727//814 726//813 750//839
f 726//813 752//841 750//839
f 726//813 728//815 752//841
f 728//815 753//842 752//841
f 728//815 729//816 753//842
f 729//816 754//843 753//842
f 729//816 730//817 754//843
f 730//817 755//844 754//843
f 730//817 731//818 755//844
f 731//818 756//845 755//844
f 731//818 732//819 756//845
f 732//819 757//846 756//845
f 732//819 733//820 757//846
f 733//820 758//847 757//846
f 733//820 734//821 758//847
f 734//821 759//848 758//847
f 734//821 735//822 759//848
f 735//822 760//849 759//848
f 735//822 736//823 760//849
f 736//823 761//850 760//849
f 736//823 737//824 761//850
f 737//824 762//851 761//850
f 737//824 738//825 762//851
f 738//827 763//852 762//853
f 738//827 739//826 763//852
f 739//826 764//854 763//852
f 739//826 740//828 764//854
f 740//828 765//855 764//854
f 740//828 741//829 765//855
f 741//829 766//856 765//855
f 741//829 742//830 766//856
f 742//830 767//857 766//856
f 742//830 743//831 767//857
f 743//831 768//858 767//857
f 743//831 744//832 768//858
f 744//832 769//859 768//858
f 744//832 745//833 769//859
f 745//833 770//860 769//859
f 745//833 746//834 770//860
f 746//834 771//861 770//860
f 746//834 747//835 771//861
f 747//835 772//862 771//861
f 747//835 748//836 772//862
f 748//836 773//863 772//862
f 748//836 749//837 773//863
f 749//837 751//864 773//863
f 749//837 727//838 751//864
f 751//840 774//865 775//866
f 751//840 750//839 774//865
f 750//839 776//867 774//865
f 750//839 752//841 776//867
f 752//841 777//868 776//867
f 752//841 753//842 777//868
f 753//842 778//869 777//868
f 753//842 754//843 778//869
f 754//843 779//870 778//869
f 754//843 755//844 779//870
f 755//844 780//871 779//870
f 755//844 756//845 780//871
f 756//845 781//872 780//871
f 756//845 757//846 781//872
f 757//846 782//873 781//872
f 757//846 758//847 782//873
f 758//847 783//874 782//873
f 758//847 759//848 783//874
f 759//848 784//875 783//874
f 759//848 760//849 784//875
f 760//849 785//876 784//875
f 760//849 761//850 785//876
f 761//850 786//877 785//876
f 761//850 762//851 786//877
f 762//853 787//878 786//879
f 762//853 763//852 787//878
f 763//852 788//880 787//878
f 763//852 764//854 788//880
f 764//854 789//881 788//880
f 764//854 765//855 789//881
f 765//855 790//882 789//881
f 765//855 766//856 790//882
f 766//856 791//883 790//882
f 766//856 767//857 791//883
f 767//857 792//884 791//883
f 767//857 768//858 792//884
f 768//858 793//885 792//884
f 768//858 769//859 793//885
f 769//859 794//886 793//885
f 769//859 770//860 794//886
f 770//860 795//887 794//886
f 770//860 771//861 795//887
f 771//861 796//888 795//887
f 771//861 772//862 796//888
f 772//862 797//889 796//888
f 772//862 773//863 797//889
f 773//863 775//890 797//889
f 773//863 751//864 775//890
f 775//866 798//891 799//892
f 775//866 774//865 798//891
f 774//865 800//893 798//891
f 774//865 776//867 800//893
f 776//867 801//894 800//893
f 776//867 777//868 801//894
f 777//868 802//895 801//894
f 777//868 778//869 802//895
f 778//869 803//896 802//895
f 778//869 779//870 803//896
f 779//870 804//897 803//896
f 779//870 780//871 804//897
f 780//871 805//898 804//897
f 780//871 781//872 805//898
f 781//872 806//899 805//898
f 781//872 782//873 806//899
f 782//873 807//900 806//899
f 782//873 783//874 807//900
f 783//874 808//901 807//900
f 783//874 784//875 808//901
f 784//875 809//902 808//901
f 784//875 785//876 809//902
f 785//876 810//903 809//902
f 785//876 786//877 810//903
f 786//879 811//904 810//905
f 786//879 787//878 811//904
f 787//878 812//906 811//904
f 787//878 788//880 812//906
f 788//880 813//907 812//906
f 788//880 789//881 813//907
f 789//881 814//908 813//907
f 789//881 790//882 814//908
f 790//882 815//909 814//908
f 790//882 791//883 815//909
f 791//883 816//910 815//909
f 791//883 792//884 816//910
f 792//884 817//911 816//910
f 792//884 793//885 817//911
f 793//885 818//912 817//911
f 793//885 794//886 818//912
f 794//886 819//913 818//912
f 794//886 795//887 819//913
f 795//887 820//914 819//913
f 795//887 796//888 820//914
f 796//888 821//915 820//914
f 796//888 797//889 821//915
f 797//889 799//916 821//915
f 797//889 775//890 799//916
f 799//892 822//917 823//918
f 799//892 798//891 822//917
f 798//891 824//919 822//917
f 798//891 800//893 824//919
f 800//893 825//920 824//919
f 800//893 801//894 825//920
f 801//894 826//921 825//920
f 801//894 802//895 826//921
f 802//895 827//922 826//921
f 802//895 803//896 827//922
f 803//896 828//923 827//922
f 803//896 804//897 828//923
f 804//897 829//924 828//923
f 804//897 805//898 829//924
f 805//898 830//925 829//924
f 805//898 806//899 830//925
f 806//899 831//926 830//925
f 806//899 807//900 831//926
f 807//900 832//927 831//926
f 807//900 808//901 832//927
f 808//901 833//928 832//927
f 808//901 809//902 833//928
f 809//902 834//929 833//928
f 809//902 810//903 834//929
f 810//905 835//930 834//931
f 810//905 811//904 835//930
f 811//904 836//932 835//930
f 811//904 812//906 836//932
f 812//906 837//933 836//932
f 812//906 813//907 837//933
f 813//907 838//934 837//933
f 813//907 814//908 838//934
f 814//908 839//935 838//934
f 814//908 815//909 839//935
f 815//909 840//936 839//935
f 815//909 816//910 840//936
f 816//910 841//937 840//936
f 816//910 817//911 841//937
f 817//911 842//938 841//937
f 817//911 818//912 842//938
f 818//912 843//939 842//938
f 818//912 819//913 843//939
f 819//913 844//940 843//939
f 819//913 820//914 844//940
f 820//914 845//941 844//940
f 820//914 821//915 845//941
f 821//915 823//942 845//941
f 821//915 799//916 823//942
f 823//918 846//943 847//944
f 823//918 822//917 846//943
f 822//917 848//945 846//943
f 822//917 824//919 848//945
f 824//919 849//946 848//945
f 824//919 825//920 849//946
f 825//920 850//947 849//946
f 825//920 826//921 850//947
f 826//921 851//948 850//947
f 826//921 827//922 851//948
f 827//922 852//949 851//948
f 827//922 828//923 852//949
f 828//923 853//950 852//949
f 828//923 829//924 853//950
f 829//924 854//951 853//950
f 829//924 830//925 854//951
f 830//925 855//952 854//951
f 830//925 831//926 855//952
f 831//926 856//953 855//952
f 831//926 832//927 856//953
f 832//927 857//954 856//953
f 832//927 833//928 857//954
f 833//928 858//955 857//954
f 833//928 834//929 858//955
f 834//931 859//956 858//957
f 834//931 835//930 859//956
f 835//930 860//958 859//956
f 835//930 836//932 860//958
f 836//932 861//959 860//958
f 836//932 837//933 861//959
f 837//933 862//960 861//959
f 837//933 838//934 862//960
f 838//934 863//961 862//960
f 838//934 839//935 863//961
f 839//935 864//962 863//961
f 839//935 840//936 864//962
f 840//936 865//963 864//962
f 840//936 841//937 865//963
f 841//937 866//964 865//963
f 841//937 842//938 866//964
f 842//938 867//965 866//964
f 842//938 843//939 867//965
f 843//939 868//966 867//965
f 843//939 844//940 868//966
f 844//940 869//967 868//966
f 844//940 845//941 869//967
f 845//941 847//968 869//967
f 845//941 823//942 847//968
f 847//944 870//969 871//970
f 847//944 846//943 870//969
f 846//943 872//971 870//969
f 846//943 848//945 872//971
f 848//945 873//972 872//971
f 848//945 849//946 873//972
f 849//946 874//973 873//972
f 849//946 850//947 874//973
f 850//947 875//974 874//973
f 850//947 851//948 875//974
f 851//948 876//975 875//974
f 851//948 852//949 876//975
f 852//949 877//976 876//975
f 852//949 853//950 877//976
f 853//950 878//977 877//976
f 853//950 854//951 878//977
f 854//951 879//978 878//977
f 854//951 855//952 879//978
f 855//952 880//979 879//978
f 855//952 856//953 880//979
f 856//953 881//980 880//979
f 856//953 857//954 881//980
f 857//954 882//981 881//980
f 857//954 858//955 882//981
f 858//957 883//982 882//983
f 858//957 859//956 883//982
f 859//956 884//984 883//982
f 859//956 860//958 884//984
f 860//958 885//985 884//984
f 860//958 861//959 885//985
f 861//959 886//986 885//985
f 861//959 862//960 886//986
f 862//960 887//987 886//986
f 862//960 863//961 887//987
f 863//961 888//988 887//987
f 863//961 864//962 888//988
f 864//962 889//989 888//988
f 864//962 865//963 889//989
f 865//963 890//990 889//989
f 865//963 866//964 890//990
f 866//964 891//991 890//990
f 866//964 867//965 891//991
f 867//965 892//992 891//991
f 867//965 868//966 892//992
f 868//966 893//993 892//992
f 868//966 869//967 893//993
f 869//967 871//994 893//993
f 869//967 847//968 871//994
f 871//970 894//995 895//996
f 871//970 870//969 894//995
f 870//969 896//997 894//995
f 870//969 872//971 896//997
f 872//971 897//998 896//997
f 872//971 873//972 897//998
f 873//972 898//999 897//998
f 873//972 874//973 898//999
f 874//973 899//1000 898//999
f 874//973 875//974 899//1000
f 875//974 900//1001 899//1000
f 875//974 876//975 900//1001
f 876//975 901//1002 900//1001
f 876//975 877//976 901//1002
f 877//976 902//1003 901//1002
f 877//976 878//977 902//1003
f 878//977 903//1004 902//1003
f 878//977 879//978 903//1004
f 879//978 904//1005 903//1004
f 879//978 880//979 904//1005
f 880//979 905//1006 904//1005
f 880//979 881//980 905//1006
f 881//980 906//1007 905//1006
f 881//980 882//981 906//1007
f 882//983 907//1008 906//1009
f 882//983 883//982 907//1008
f 883//982 908//1010 907//1008
f 883//982 884//984 908//1010
f 884//984 909//1011 908//1010
f 884//984 885//985 909//1011
f 885//985 910//1012 909//1011
f 885//985 886//986 910//1012
f 886//986 911//1013 910//1012
f 886//986 887//987 911//1013
f 887//987 912//1014 911//1013
f 887//987 888//988 912//1014
f 888//988 913//1015 912//1014
f 888//988 889//989 913//1015
f 889//989 914//1016 913//1015
f 889//989 890//990 914//1016
f 890//990 915//1017 914//1016
f 890//990 891//991 915//1017
f 891//991 916//1018 915//1017
f 891//991 892//992 916//1018
f 892//992 917//1019 916//1018
f 892//992 893//993 917//1019
f 893//993 895//1020 917//1019
f 893//993 871//994 895//1020
f 895//996 918//1021 919//1022
f 895//996 894//995 918//1021
f 894//995 920//1023 918//1021
f 894//995 896//997 920//1023
f 896//997 921//1024 920//1023
f 896//997 897//998 921//1024
f 897//998 922//1025 921//1024
f 897//998 898//999 922//1025
f 898//999 923//1026 922//1025
f 898//999 899//1000 923//1026
f 899//1000 924//1027 923//1026
f 899//1000 900//1001 924//1027
f 900//1001 925//1028 924//1027
f 900//1001 901//1002 925//1028
f 901//1002 926//1029 925//1028
f 901//1002 902//1003 926//1029
f 902//1003 927//1030 926//1029
f 902//1003 903//1004 927//1030
f 903//1004 928//1031 927//1030
f 903//1004 904//1005 928//1031
f 904//1005 929//1032 928//1031
f 904//1005 905//1006 929//1032
f 905//1006 930//1033 929//1032
f 905//1006 906//1007 930//1033
f 906//1009 931//1034 930//1035
f 906//1009 907//1008 931//1034
f 907//1008 932//1036 931//1034
f 907//1008 908//1010 932//1036
f 908//1010 933//1037 932//1036
f 908//1010 909//1011 933//1037
f 909//1011 934//1038 933//1037
f 909//1011 910//1012 934//1038
f 910//1012 935//1039 934//1038
f 910//1012 911//1013 935//1039
f 911//1013 936//1040 935//1039
f 911//1013 912//1014 936//1040
f 912//1014 937//1041 936//1040
f 912//1014 913//1015 937//1041
f 913//1015 938//1042 937//1041
f 913//1015 914//1016 938//1042
f 914//1016 939//1043 938//1042
f 914//1016 915//1017 939//1043
f 915//1017 940//1044 939//1043
f 915//1017 916//1018 940//1044
f 916//1018 941//1045 940//1044
f 916//1018 917//1019 941//1045
f 917//1019 919//1046 941//1045
f 917//1019 895//1020 919//1046
f 919//1022 942//1047 943//1048
f 919//1022 918//1021 942//1047
f 918//1021 944//1049 942//1047
f 918//1021 920//1023 944//1049
f 920//1023 945//1050 944//1049
f 920//1023 921//1024 945//1050
f 921//1024 946//1051 945//1050
f 921//1024 922//1025 946//1051
f 922//1025 947//1052 946//1051
f 922//1025 923//1026 947//1052
f 923//1026 948//1053 947//1052
f 923//1026 924//1027 948//1053
f 924//1027 949//1054 948//1053
f 924//1027 925//1028 949//1054
f 925//1028 950//1055 949//1054
f 925//1028 926//1029 950//1055
f 926//1029 951//1056 950//1055
f 926//1029 927//1030 951//1056
f 927//1030 952//1057 951//1056
f 927//1030 928//1031 952//1057
f 928//1031 953//1058 952//1057
f 928//1031 929//1032 953//1058
f 929//1032 954//1059 953//1058
f 929//1032 930//1033 954//1059
f 930//1035 955//1060 954//1061
f 930//1035 931//1034 955//1060
f 931//1034 956//1062 955//1060
f 931//1034 932//1036 956//1062
f 932//1036 957//1063 956//1062
f 932//1036 933//1037 957//1063
f 933//1037 958//1064 957//1063
f 933//1037 934//1038 958//1064
f 934//1038 959//1065 958//1064
f 934//1038 935//1039 959//1065
f 935//1039 960//1066 959//1065
f 935//1039 936//1040 960//1066
f 936//1040 961//1067 960//1066
f 936//1040 937//1041 961//1067
f 937//1041 962//1068 961//1067
f 937//1041 938//1042 962//1068
f 938//1042 963//1069 962//1068
f 938//1042 939//1043 963//1069
f 939//1043 964//1070 963//1069
f 939//1043 940//1044 964//1070
f 940//1044 965//1071 964//1070
f 940//1044 941//1045 965//1071
f 941//1045 943//1072 965//1071
f 941//1045 919//1046 943//1072
f 943//1048 966//1073 967//1074
f 943//1048 942//1047 966//1073
f 942//1047 968//1075 966//1073
f 942//1047 944//1049 968//1075
f 944//1049 969//1076 968//1075
f 944//1049 945//1050 969//1076
f 945//1050 970//1077 969//1076
f 945//1050 946//1051 970//1077
f 946//1051 971//1078 970//1077
f 946//1051 947//1052 971//1078
f 947//1052 972//1079 971//1078
f 947//1052 948//1053 972//1079
f 948//1053 973//1080 972//1079
f 948//1053 949//1054 973//1080
f 949//1054 974//1081 973//1080
f 949//1054 950//1055 974//1081
f 950//1055 975//1082 974//1081
f 950//1055 951//1056 975//1082
f 951//1056 976//1083 975//1082
f 951//1056 952//1057 976//1083
f 952//1057 977//1084 976//1083
f 952//1057 953//1058 977//1084
f 953//1058 978//1085 977//1084
f 953//1058 954//1059 978//1085
f 954//1061 979//1086 978//1087
f 954//1061 955//1060 979//1086
f 955//1060 980//1088 979//1086
f 955//1060 956//1062 980//1088
f 956//1062 981//1089 980//1088
f 956//1062 957//1063 981//1089
f 957//1063 982//1090 981//1089
f 957//1063 958//1064 982//1090
f 958//1064 983//1091 982//1090
f 958//1064 959//1065 983//1091
f 959//1065 984//1092 983//1091
f 959//1065 960//1066 984//1092
f 960//1066 985//1093 984//1092
f 960//1066 961//1067 985//1093
f 961//1067 986//1094 985//1093
f 961//1067 962//1068 986//1094
f 962//1068 987//1095 986//1094
f 962//1068 963//1069 987//1095
f 963//1069 988//1096 987//1095
f 963//1069 964//1070 988//1096
f 964//1070 989//1097 988//1096
f 964//1070 965//1071 989//1097
f 965//1071 967//1098 989//1097
f 965//1071 943//1072 967//1098
f 967//1074 990//1099 991//1100
f 967//1074 966//1073 990//1099
f 966//1073 992//1101 990//1099
f 966//1073 968//1075 992//1101
f 968//1075 993//1102 992//1101
f 968//1075 969//1076 993//1102
f 969//1076 994//1103 993//1102
f 969//1076 970//1077 994//1103
f 970//1077 995//1104 994//1103
f 970//1077 971//1078 995//1104
f 971//1078 996//1105 995//1104
f 971//1078 972//1079 996//1105
f 972//1079 997//1106 996//1105
f 972//1079 973//1080 997//1106
f 973//1080 998//1107 997//1106
f 973//1080 974//1081 998//1107
f 974//1081 999//1108 998//1107
f 974//1081 975//1082 999//1108
f 975//1082 1000//1109 999//1108
f 975//1082 976//1083 1000//1109
f 976//1083 1001//1110 1000//1109
f 976//1083 977//1084 1001//1110
f 977//1084 1002//1111 1001//1110
f 977//1084 978//1085 1002//1111
f 978//1087 1003//1112 1002//1113
f 978//1087 979//1086 1003//1112
f 979//1086 1004//1114 1003//1112
f 979//1086 980//1088 1004//1114
f 980//1088 1005//1115 1004//1114
f 980//1088 981//1089 1005//1115
f 981//1089 1006//1116 1005//1115
f 981//1089 982//1090 1006//1116
f 982//1090 1007//1117 1006//1116
f 982//1090 983//1091 1007//1117
f 983//1091 1008//1118 1007//1117
f 983//1091 984//1092 1008//1118
f 984//1092 1009//1119 1008//1118
f 984//1092 985//1093 1009//1119
f 985//1093 1010//1120 1009//1119
f 985//1093 986//1094 1010//1120
f 986//1094 1011//1121 1010//1120
f 986//1094 987//1095 1011//1121
f 987//1095 1012//1122 1011//1121
f 987//1095 988//1096 1012//1122
f 988//1096 1013//1123 1012//1122
f 988//1096 989//1097 1013//1123
f 989//1097 991//1124 1013//1123
f 989//1097 967//1098 991//1124
f 991//1100 1014//1125 1015//1126
f 991//1100 990//1099 1014//1125
f 990//1099 1016//1127 1014//1125
f 990//1099 992//1101 1016//1127
f 992//1101 1017//1128 1016//1127
f 992//1101 993//1102 1017//1128
f 993//1102 1018//1129 1017//1128
f 993//1102 994//1103 1018//1129
f 994//1103 1019//1130 1018//1129
f 994//1103 995//1104 1019//1130
f 995//1104 1020//1131 1019//1130
f 995//1104 996//1105 1020//1131
f 996//1105 1021//1132 1020//1131
f 996//1105 997//1106 1021//1132
f 997//1106 1022//1133 1021//1132
f 997//1106 998//1107 1022//1133
f 998//1107 1023//1134 1022//1133
f 998//1107 999//1108 1023//1134
f 999//1108 1024//1135 1023//1134
f 999//1108 1000//1109 1024//1135
f 1000//1109 1025//1136 1024//1135
f 1000//1109 1001//1110 1025//1136
f 1001//1110 1026//1137 1025//1136
f 1001//1110 1002//1111 1026//1137
f 1002//1113 1027//1138 1026//1139
f 1002//1113 1003//1112 1027//1138
f 1003//1112 1028//1140 1027//1138
f 1003//1112 1004//1114 1028//1140
f 1004//1114 1029//1141 1028//1140
f 1004//1114 1005//1115 1029//1141
f 1005//1115 1030//1142 1029//1141
f 1005//1115 1006//1116 1030//1142
f 1006//1116 1031//1143 1030//1142
f 1006//1116 1007//1117 1031//1143
f 1007//1117 1032//1144 1031//1143
f 1007//1117 1008//1118 1032//1144
f 1008//1118 1033//1145 1032//1144
f 1008//1118 1009//1119 1033//1145
f 1009//1119 1034//1146 1033//1145
f 1009//1119 1010//1120 1034//1146
f 1010//1120 1035//1147 1034//1146
f 1010//1120 1011//1121 1035//1147
f 1011//1121 1036//1148 1035//1147
f 1011//1121 1012//1122 1036//1148
f 1012//1122 1037//1149 1036//1148
f 1012//1122 1013//1123 1037//1149
f 1013//1123 1015//1150 1037//1149
f 1013//1123 991//1124 1015//1150
f 1015//1126 1038//1151 1039//1152
f 1015//1126 1014//1125 1038//1151
f 1014//1125 1040//1153 1038//1151
f 1014//1125 1016//1127 1040//1153
f 1016//1127 1041//1154 1040//1153
f 1016//1127 1017//1128 1041//1154
f 1017//1128 1042//1155 1041//1154
f 1017//1128 1018//1129 1042//1155
f 1018//1129 1043//1156 1042//1155
f 1018//1129 1019//1130 1043//1156
f 1019//1130 1044//1157 1043//1156
f 1019//1130 1020//1131 1044//1157
f 1020//1131 1045//1158 1044//1157
f 1020//1131 1021//1132 1045//1158
f 1021//1132 1046//1159 1045//1158
f 1021//1132 1022//1133 1046//1159
f 1022//1133 1047//1160 1046//1159
f 1022//1133 1023//1134 1047//1160
f 1023//1134 1048//1161 1047//1160
f 1023//1134 1024//1135 1048//1161
f 1024//1135 1049//1162 1048//1161
f 1024//1135 1025//1136 1049//1162
f 1025//1136 1050//1163 1049//1162
f 1025//1136 1026//1137 1050//1163
f 1026//1139 1051//1164 1050//1165
f 1026//1139 1027//1138 1051//1164
f 1027//1138 1052//1166 1051//1164
f 1027//1138 1028//1140 1052//1166
f 1028//1140 1053//1167 1052//1166
f 1028//1140 1029//1141 1053//1167
f 1029//1141 1054//1168 1053//1167
f 1029//1141 1030//1142 1054//1168
f 1030//1142 1055//1169 1054//1168
f 1030//1142 1031//1143 1055//1169
f 1031//1143 1056//1170 1055//1169
f 1031//1143 1032//1144 1056//1170
f 1032//1144 1057//1171 1056//1170
f 1032//1144 1033//1145 1057//1171
f 1033//1145 1058//1172 1057//1171
f 1033//1145 1034//1146 1058//1172
f 1034//1146 1059//1173 1058//1172
f 1034//1146 1035//1147 1059//1173
f 1035//1147 1060//1174 1059//1173
f 1035//1147 1036//1148 1060//1174
f 1036//1148 1061//1175 1060//1174
f 1036//1148 1037//1149 1061//1175
f 1037//1149 1039//1176 1061//1175
f 1037//1149 1015//1150 1039//1176
f 1039//1152 1062//1177 1063//1178
f 1039//1152 1038//1151 1062//1177
f 1038//1151 1064//1179 1062//1177
f 1038//1151 1040//1153 1064//1179
f 1040//1153 1065//1180 1064//1179
f 1040//1153 1041//1154 1065//1180
f 1041//1154 1066//1181 1065//1180
f 1041//1154 1042//1155 1066//1181
f 1042//1155 1067//1182 1066//1181
f 1042//1155 1043//1156 1067//1182
f 1043//1156 1068//1183 1067//1182
f 1043//1156 1044//1157 1068//1183
f 1044//1157 1069//1184 1068//1183
f 1044//1157 1045//1158 1069//1184
f 1045//1158 1070//1185 1069//1184
f 1045//1158 1046//1159 1070//1185
f 1046//1159 1071//1186 1070//1185
f 1046//1159 1047//1160 1071//1186
f 1047//1160 1072//1187 1071//1186
f 1047//1160 1048//1161 1072//1187
f 1048//1161 1073//1188 1072//1187
f 1048//1161 1049//1162 1073//1188
f 1049//1162 1074//1189 1073//1188
f 1049//1162 1050//1163 1074//1189
f 1050//1165 1075//1190 1074//1191
f 1050//1165 1051//1164 1075//1190
f 1051//1164 1076//1192 1075//1190
f 1051//1164 1052//1166 1076//1192
f 1052//1166 1077//1193 1076//1192
f 1052//1166 1053//1167 1077//1193
f 1053//1167 1078//1194 1077//1193
f 1053//1167 1054//1168 1078//1194
f 1054//1168 1079//1195 1078//1194
f 1054//1168 1055//1169 1079//1195
f 1055//1169 1080//1196 1079//1195
f 1055//1169 1056//1170 1080//1196
f 1056//1170 1081//1197 1080//1196
f 1056//1170 1057//1171 1081//1197
f 1057//1171 1082//1198 1081//1197
f 1057//1171 1058//1172 1082//1198
f 1058//1172 1083//1199 1082//1198
f 1058//1172 1059//1173 1083//1199
f 1059//1173 1084//1200 1083//1199
f 1059//1173 1060//1174 1084//1200
f 1060//1174 1085//1201 1084//1200
f 1060//1174 1061//1175 1085//1201
f 1061//1175 1063//1202 1085//1201
f 1061//1175 1039//1176 1063//1202
f 1063//1178 1086//1203 1087//1204
f 1063//1178 1062//1177 1086//1203
f 1062//1177 1088//1205 1086//1203
f 1062//1177 1064//1179 1088//1205
f 1064//1179 1089//1206 1088//1205
f 1064//1179 1065//1180 1089//1206
f 1065//1180 1090//1207 1089//1206
f 1065//1180 1066//1181 1090//1207
f 1066//1181 1091//1208 1090//1207
f 1066//1181 1067//1182 1091//1208
f 1067//1182 1092//1209 1091//1208
f 1067//1182 1068//1183 1092//1209
f 1068//1183 1093//1210 1092//1209
f 1068//1183 1069//1184 1093//1210
f 1069//1184 1094//1211 1093//1210
f 1069//1184 1070//1185 1094//1211
f 1070//1185 1095//1212 1094//1211
f 1070//1185 1071//1186 1095//1212
f 1071//1186 1096//1213 1095//1212
f 1071//1186 1072//1187 1096//1213
f 1072//1187 1097//1214 1096//1213
f 1072//1187 1073//1188 1097//1214
f 1073//1188 1098//1215 1097//1214
f 1073//1188 1074//1189 1098//1215
f 1074//1191 1099//1216 1098//1217
f 1074//1191 1075//1190 1099//1216
f 1075//1190 1100//1218 1099//1216
f 1075//1190 1076//1192 1100//1218
f 1076//1192 1101//1219 1100//1218
f 1076//1192 1077//1193 1101//1219
f 1077//1193 1102//1220 1101//1219
f 1077//1193 1078//1194 1102//1220
f 1078//1194 1103//1221 1102//1220
f 1078//1194 1079//1195 1103//1221
f 1079//1195 1104//1222 1103//1221
f 1079//1195 1080//1196 1104//1222
f 1080//1196 1105//1223 1104//1222
f 1080//1196 1081//1197 1105//1223
f 1081//1197 1106//1224 1105//1223
f 1081//1197 1082//1198 1106//1224
f 1082//1198 1107//1225 1106//1224
f 1082//1198 1083//1199 1107//1225
f 1083//1199 1108//1226 1107//1225
f 1083//1199 1084//1200 1108//1226
f 1084//1200 1109//1227 1108//1226
f 1084//1200 1085//1201 1109//1227
f 1085//1201 1087//1228 1109//1227
f 1085//1201 1063//1202 1087//1228
f 1087//1204 1110//1229 1111//1230
f 1087//1204 1086//1203 1110//1229
f 1086//1203 1112//1231 1110//1229
f 1086//1203 1088//1205 1112//1231
f 1088//1205 1113//1232 1112//1231
f 1088//1205 1089//1206 1113//1232
f 1089//1206 1114//1233 1113//1232
f 1089//1206 1090//1207 1114//1233
f 1090//1207 1115//1234 1114//1233
f 1090//1207 1091//1208 1115//1234
f 1091//1208 1116//1235 1115//1234
f 1091//1208 1092//1209 1116//1235
f 1092//1209 1117//1236 1116//1235
f 1092//1209 1093//1210 1117//1236
f 1093//1210 1118//1237 1117//1236
f 1093//1210 1094//1211 1118//1237
f 1094//1211 1119//1238 1118//1237
f 1094//1211 1095//1212 1119//1238
f 1095//1212 1120//1239 1119//1238
f 1095//1212 1096//1213 1120//1239
f 1096//1213 1121//1240 1120//1239
f 1096//1213 1097//1214 1121//1240
f 1097//1214 1122//1241 1121//1240
f 1097//1214 1098//1215 1122//1241
f 1098//1217 1123//1242 1122//1243
f 1098//1217 1099//1216 1123//1242
f 1099//1216 1124//1244 1123//1242
f 1099//1216 1100//1218 1124//1244
f 1100//1218 1125//1245 1124//1244
f 1100//1218 1101//1219 1125//1245
f 1101//1219 1126//1246 1125//1245
f 1101//1219 1102//1220 1126//1246
f 1102//1220 1127//1247 1126//1246
f 1102//1220 1103//1221 1127//1247
f 1103//1221 1128//1248 1127//1247
f 1103//1221 1104//1222 1128//1248
f 1104//1222 1129//1249 1128//1248
f 1104//1222 1105//1223 1129//1249
f 1105//1223 1130//1250 1129//1249
f 1105//1223 1106//1224 1130//1250
f 1106//1224 1131//1251 1130//1250
f 1106//1224 1107//1225 1131//1251
f 1107//1225 1132//1252 1131//1251
f 1107//1225 1108//1226 1132//1252
f 1108//1226 1133//1253 1132//1252
f 1108//1226 1109//1227 1133//1253
f 1109//1227 1111//1254 1133//1253
f 1109//1227 1087//1228 1111//1254
f 1111//1230 1134//1255 1135//1256
f 1111//1230 1110//1229 1134//1255
f 1110//1229 1136//1257 1134//1255
f 1110//1229 1112//1231 1136//1257
f 1112//1231 1137//1258 1136//1257
f 1112//1231 1113//1232 1137//1258
f 1113//1232 1138//1259 1137//1258
f 1113//1232 1114//1233 1138//1259
f 1114//1233 1139//1260 1138//1259
f 1114//1233 1115//1234 1139//1260
f 1115//1234 1140//1261 1139//1260
f 1115//1234 1116//1235 1140//1261
f 1116//1235 1141//1262 1140//1261
f 1116//1235 1117//1236 1141//1262
f 1117//1236 1142//1263 1141//1262
f 1117//1236 1118//1237 1142//1263
f 1118//1237 1143//1264 1142//1263
f 1118//1237 1119//1238 1143//1264
f 1119//1238 1144//1265 1143//1264
f 1119//1238 1120//1239 1144//1265
f 1120//1239 1145//1266 1144//1265
f 1120//1239 1121//1240 1145//1266
f 1121//1240 1146//1267 1145//1266
f 1121//1240 1122//1241 1146//1267
f 1122//1243 1147//1268 1146//1269
f 1122//1243 1123//1242 1147//1268
f 1123//1242 1148//1270 1147//1268
f 1123//1242 1124//1244 1148//1270
f 1124//1244 1149//1271 1148//1270
f 1124//1244 1125//1245 1149//1271
f 1125//1245 1150//1272 1149//1271
f 1125//1245 1126//1246 1150//1272
f 1126//1246 1151//1273 1150//1272
f 1126//1246 1127//1247 1151//1273
f 1127//1247 1152//1274 1151//1273
f 1127//1247 1128//1248 1152//1274
f 1128//1248 1153//1275 1152//1274
f 1128//1248 1129//1249 1153//1275
f 1129//1249 1154//1276 1153//1275
f 1129//1249 1130//1250 1154//1276
f 1130//1250 1155//1277 1154//1276
f 1130//1250 1131//1251 1155//1277
f 1131//1251 1156//1278 1155//1277
f 1131//1251 1132//1252 1156//1278
f 1132//1252 1157//1279 1156//1278
f 1132//1252 1133//1253 1157//1279
f 1133//1253 1135//1280 1157//1279
f 1133//1253 1111//1254 1135//1280
f 1135//1256 1158//1281 1159//1282
f 1135//1256 1134//1255 1158//1281
f 1134//1255 1160//1283 1158//1281
f 1134//1255 1136//1257 1160//1283
f 1136//1257 1161//1284 1160//1283
f 1136//1257 1137//1258 1161//1284
f 1137//1258 1162//1285 1161//1284
f 1137//1258 1138//1259 1162//1285
f 1138//1259 1163//1286 1162//1285
f 1138//1259 1139//1260 1163//1286
f 1139//1260 1164//1287 1163//1286
f 1139//1260 1140//1261 1164//1287
f 1140//1261 1165//1288 1164//1287
f 1140//1261 1141//1262 1165//1288
f 1141//1262 1166//1289 1165//1288
f 1141//1262 1142//1263 1166//1289
f 1142//1263 1167//1290 1166//1289
f 1142//1263 1143//1264 1167//1290
f 1143//1264 1168//1291 1167//1290
f 1143//1264 1144//1265 1168//1291
f 1144//1265 1169//1292 1168//1291
f 1144//1265 1145//1266 1169//1292
f 1145//1266 1170//1293 1169//1292
f 1145//1266 1146//1267 1170//1293
f 1146//1269 1171//1294 1170//1295
f 1146//1269 1147//1268 1171//1294
f 1147//1268 1172//1296 1171//1294
f 1147//1268 1148//1270 1172//1296
f 1148//1270 1173//1297 1172//1296
f 1148//1270 1149//1271 1173//1297
f 1149//1271 1174//1298 1173//1297
f 1149//1271 1150//1272 1174//1298
f 1150//1272 1175//1299 1174//1298
f 1150//1272 1151//1273 1175//1299
f 1151//1273 1176//1300 1175//1299
f 1151//1273 1152//1274 1176//1300
f 1152//1274 1177//1301 1176//1300
f 1152//1274 1153//1275 1177//1301
f 1153//1275 1178//1302 1177//1301
f 1153//1275 1154//1276 1178//1302
f 1154//1276 1179//1303 1178//1302
f 1154//1276 1155//1277 1179//1303
f 1155//1277 1180//1304 1179//1303
f 1155//1277 1156//1278 1180//1304
f 1156//1278 1181//1305 1180//1304
f 1156//1278 1157//1279 1181//1305
f 1157//1279 1159//1306 1181//1305
f 1157//1279 1135//1280 1159//1306
f 1159//1282 1182//1307 1183//1308
f 1159//1282 1158//1281 1182//1307
f 1158//1281 1184//1309 1182//1307
f 1158//1281 1160//1283 1184//1309
f 1160//1283 1185//1310 1184//1309
f 1160//1283 1161//1284 1185//1310
f 1161//1284 1186//1311 1185//1310
f 1161//1284 1162//1285 1186//1311
f 1162//1285 1187//1312 1186//1311
f 1162//1285 1163//1286 1187//1312
f 1163//1286 1188//1313 1187//1312
f 1163//1286 1164//1287 1188//1313
f 1164//1287 1189//1314 1188//1313
f 1164//1287 1165//1288 1189//1314
f 1165//1288 1190//1315 1189//1314
f 1165//1288 1166//1289 1190//1315
f 1166//1289 1191//1316 1190//1315
f 1166//1289 1167//1290 1191//1316
f 1167//1290 1192//1317 1191//1316
f 1167//1290 1168//1291 1192//1317
f 1168//1291 1193//1318 1192//1317
f 1168//1291 1169//1292 1193//1318
f 1169//1292 1194//1319 1193//1318
f 1169//1292 1170//1293 1194//1319
f 1170//1295 1195//1320 1194//1321
f 1170//1295 1171//1294 1195//1320
f 1171//1294 1196//1322 1195//1320
f 1171//1294 1172//1296 1196//1322
f 1172//1296 1197//1323 1196//1322
f 1172//1296 1173//1297 1197//1323
f 1173//1297 1198//1324 1197//1323
f 1173//1297 1174//1298 1198//1324
f 1174//1298 1199//1325 1198//1324
f 1174//1298 1175//1299 1199//1325
f 1175//1299 1200//1326 1199//1325
f 1175//1299 1176//1300 1200//1326
f 1176//1300 1201//1327 1200//1326
f 1176//1300 1177//1301 1201//1327
f 1177//1301 1202//1328 1201//1327
f 1177//1301 1178//1302 1202//1328
f 1178//1302 1203//1329 1202//1328
f 1178//1302 1179//1303 1203//1329
f 1179//1303 1204//1330 1203//1329
f 1179//1303 1180//1304 1204//1330
f 1180//1304 1205//1331 1204//1330
f 1180//1304 1181//1305 1205//1331
f 1181//1305 1183//1332 1205//1331
f 1181//1305 1159//1306 1183//1332
f 1183//1308 1206//1333 1207//1334
f 1183//1308 1182//1307 1206//1333
f 1182//1307 1208//1335 1206//1333
f 1182//1307 1184//1309 1208//1335
f 1184//1309 1209//1336 1208//1335
f 1184//1309 1185//1310 1209//1336
f 1185//1310 1210//1337 1209//1336
f 1185//1310 1186//1311 1210//1337
f 1186//1311 1211//1338 1210//1337
f 1186//1311 1187//1312 1211//1338
f 1187//1312 1212//1339 1211//1338
f 1187//1312 1188//1313 1212//1339
f 1188//1313 1213//1340 1212//1339
f 1188//1313 1189//1314 1213//1340
f 1189//1314 1214//1341 1213//1340
f 1189//1314 1190//1315 1214//1341
f 1190//1315 1215//1342 1214//1341
f 1190//1315 1191//1316 1215//1342
f 1191//1316 1216//1343 1215//1342
f 1191//1316 1192//1317 1216//1343
f 1192//1317 1217//1344 1216//1343
f 1192//1317 1193//1318 1217//1344
f 1193//1318 1218//1345 1217//1344
f 1193//1318 1194//1319 1218//1345
f 1194//1321 1219//1346 1218//1347
f 1194//1321 1195//1320 1219//1346
f 1195//1320 1220//1348 1219//1346
f 1195//1320 1196//1322 1220//1348
f 1196//1322 1221//1349 1220//1348
f 1196//1322 1197//1323 1221//1349
f 1197//1323 1222//1350 1221//1349
f 1197//1323 1198//1324 1222//1350
f 1198//1324 1223//1351 1222//1350
f 1198//1324 1199//1325 1223//1351
f 1199//1325 1224//1352 1223//1351
f 1199//1325 1200//1326 1224//1352
f 1200//1326 1225//1353 1224//1352
f 1200//1326 1201//1327 1225//1353
f 1201//1327 1226//1354 1225//1353
f 1201//1327 1202//1328 1226//1354
f 1202//1328 1227//1355 1226//1354
f 1202//1328 1203//1329 1227//1355
f 1203//1329 1228//1356 1227//1355
f 1203//1329 1204//1330 1228//1356
f 1204//1330 1229//1357 1228//1356
f 1204//1330 1205//1331 1229//1357
f 1205//1331 1207//1358 1229//1357
f 1205//1331 1183//1332 1207//1358
f 1207//1334 1230//1359 1231//1360
f 1207//1334 1206//1333 1230//1359
f 1206//1333 1232//1361 1230//1359
f 1206//1333 1208//1335 1232//1361
f 1208//1335 1233//1362 1232//1361
f 1208//1335 1209//1336 1233//1362
f 1209//1336 1234//1363 1233//1362
f 1209//1336 1210//1337 1234//1363
f 1210//1337 1235//1364 1234//1363
f 1210//1337 1211//1338 1235//1364
f 1211//1338 1236//1365 1235//1364
f 1211//1338 1212//1339 1236//1365
f 1212//1339 1237//1366 1236//1365
f 1212//1339 1213//1340 1237//1366
f 1213//1340 1238//1367 1237//1366
f 1213//1340 1214//1341 1238//1367
f 1214//1341 1239//1368 1238//1367
f 1214//1341 1215//1342 1239//1368
f 1215//1342 1240//1369 1239//1368
f 1215//1342 1216//1343 1240//1369
f 1216//1343 1241//1370 1240//1369
f 1216//1343 1217//1344 1241//1370
f 1217//1344 1242//1371 1241//1370
f 1217//1344 1218//1345 1242//1371
f 1218//1347 1243//1372 1242//1373
f 1218//1347 1219//1346 1243//1372
f 1219//1346 1244//1374 1243//1372
f 1219//1346 1220//1348 1244//1374
f 1220//1348 1245//1375 1244//1374
f 1220//1348 1221//1349 1245//1375
f 1221//1349 1246//1376 1245//1375
f 1221//1349 1222//1350 1246//1376
f 1222//1350 1247//1377 1246//1376
f 1222//1350 1223//1351 1247//1377
f 1223//1351 1248//1378 1247//1377
f 1223//1351 1224//1352 1248//1378
f 1224//1352 1249//1379 1248//1378
f 1224//1352 1225//1353 1249//1379
f 1225//1353 1250//1380 1249//1379
f 1225//1353 1226//1354 1250//1380
f 1226//1354 1251//1381 1250//1380
f 1226//1354 1227//1355 1251//1381
f 1227//1355 1252//1382 1251//1381
f 1227//1355 1228//1356 1252//1382
f 1228//1356 1253//1383 1252//1382
f 1228//1356 1229//1357 1253//1383
f 1229//1357 1231//1384 1253//1383
f 1229//1357 1207//1358 1231//1384
f 1231//1360 1254//1385 1255//1386
f 1231//1360 1230//1359 1254//1385
f 1230//1359 1256//1387 1254//1385
f 1230//1359 1232//1361 1256//1387
f 1232//1361 1257//1388 1256//1387
f 1232//1361 1233//1362 1257//1388
f 1233//1362 1258//1389 1257//1388
f 1233//1362 1234//1363 1258//1389
f 1234//1363 1259//1390 1258//1389
f 1234//1363 1235//1364 1259//1390
f 1235//1364 1260//1391 1259//1390
f 1235//1364 1236//1365 1260//1391
f 1236//1365 1261//1392 1260//1391
f 1236//1365 1237//1366 1261//1392
f 1237//1366 1262//1393 1261//1392
f 1237//1366 1238//1367 1262//1393
f 1238//1367 1263//1394 1262//1393
f 1238//1367 1239//1368 1263//1394
f 1239//1368 1264//1395 1263//1394
f 1239//1368 1240//1369 1264//1395
f 1240//1369 1265//1396 1264//1395
f 1240//1369 1241//1370 1265//1396
f 1241//1370 1266//1397 1265//1396
f 1241//1370 1242//1371 1266//1397
f 1242//1373 1267//1398 1266//1399
f 1242//1373 1243//1372 1267//1398
f 1243//1372 1268//1400 1267//1398
f 1243//1372 1244//1374 1268//1400
f 1244//1374 1269//1401 1268//1400
f 1244//1374 1245//1375 1269//1401
f 1245//1375 1270//1402 1269//1401
f 1245//1375 1246//1376 1270//1402
f 1246//1376 1271//1403 1270//1402
f 1246//1376 1247//1377 1271//1403
f 1247//1377 1272//1404 1271//1403
f 1247//1377 1248//1378 1272//1404
f 1248//1378 1273//1405 1272//1404
f 1248//1378 1249//1379 1273//1405
f 1249//1379 1274//1406 1273//1405
f 1249//1379 1250//1380 1274//1406
f 1250//1380 1275//1407 1274//1406
f 1250//1380 1251//1381 1275//1407
f 1251//1381 1276//1408 1275//1407
f 1251//1381 1252//1382 1276//1408
f 1252//1382 1277//1409 1276//1408
f 1252//1382 1253//1383 1277//1409
f 1253//1383 1255//1410 1277//1409
f 1253//1383 1231//1384 1255//1410
f 1255//1386 1278//1411 1279//1412
f 1255//1386 1254//1385 1278//1411
f 1254//1385 1280//1413 1278//1411
f 1254//1385 1256//1387 1280//1413
f 1256//1387 1281//1414 1280//1413
f 1256//1387 1257//1388 1281//1414
f 1257//1388 1282//1415 1281//1414
f 1257//1388 1258//1389 1282//1415
f 1258//1389 1283//1416 1282//1415
f 1258//1389 1259//1390 1283//1416
f 1259//1390 1284//1417 1283//1416
f 1259//1390 1260//1391 1284//1417
f 1260//1391 1285//1418 1284//1417
f 1260//1391 1261//1392 1285//1418
f 1261//1392 1286//1419 1285//1418
f 1261//1392 1262//1393 1286//1419
f 1262//1393 1287//1420 1286//1419
f 1262//1393 1263//1394 1287//1420
f 1263//1394 1288//1421 1287//1420
f 1263//1394 1264//1395 1288//1421
f 1264//1395 1289//1422 1288//1421
f 1264//1395 1265//1396 1289//1422
f 1265//1396 1290//1423 1289//1422
f 1265//1396 1266//1397 1290//1423
f 1266//1399 1291//1424 1290//1425
f 1266//1399 1267//1398 1291//1424
f 1267//1398 1292//1426 1291//1424
f 1267//1398 1268//1400 1292//1426
f 1268//1400 1293//1427 1292//1426
f 1268//1400 1269//1401 1293//1427
f 1269//1401 1294//1428 1293//1427
f 1269//1401 1270//1402 1294//1428
f 1270//1402 1295//1429 1294//1428
f 1270//1402 1271//1403 1295//1429
f 1271//1403 1296//1430 1295//1429
f 1271//1403 1272//1404 1296//1430
f 1272//1404 1297//1431 1296//1430
f 1272//1404 1273//1405 1297//1431
f 1273//1405 1298//1432 1297//1431
f 1273//1405 1274//1406 1298//1432
f 1274//1406 1299//1433 1298//1432
f 1274//1406 1275//1407 1299//1433
f 1275//1407 1300//1434 1299//1433
f 1275//1407 1276//1408 1300//1434
f 1276//1408 1301//1435 1300//1434
f 1276//1408 1277//1409 1301//1435
f 1277//1409 1279//1436 1301//1435
f 1277//1409 1255//1410 1279//1436
f 1279//1412 153//192 150//189
f 1279//1412 1278//1411 153//192
f 1278//1411 155//194 153//192
f 1278//1411 1280//1413 155//194
f 1280//1413 157//196 155//194
f 1280//1413 1281//1414 157//196
f 1281//1414 159//198 157//196
f 1281//1414 1282//1415 159//198
f 1282//1415 161//200 159//198
f 1282//1415 1283//1416 161//200
f 1283//1416 163//202 161//200
f 1283//1416 1284//1417 163//202
f 1284//1417 165//204 163//202
f 1284//1417 1285//1418 165//204
f 1285//1418 167//206 165//204
f 1285//1418 1286//1419 167//206
f 1286//1419 169//208 167//206
f 1286//1419 1287//1420 169//208
f 1287//1420 171//210 169//208
f 1287//1420 1288//1421 171//210
f 1288//1421 173//212 171//210
f 1288//1421 1289//1422 173//212
f 1289//1422 175//214 173//212
f 1289//1422 1290//1423 175//214
f 1290//1425 177//218 175//215
f 1290//1425 1291//1424 177//218
f 1291//1424 179//220 177//218
f 1291//1424 1292//1426 179//220
f 1292//1426 181//222 179//220
f 1292//1426 1293//1427 181//222
f 1293//1427 183//224 181//222
f 1293//1427 1294//1428 183//224
f 1294//1428 185//226 183//224
f 1294//1428 1295//1429 185//226
f 1295//1429 187//228 185//226
f 1295//1429 1296//1430 187//228
f 1296//1430 189//230 187//228
f 1296//1430 1297//1431 189//230
f 1297//1431 191//232 189//230
f 1297//1431 1298//1432 191//232
f 1298//1432 193//234 191//232
f 1298//1432 1299//1433 193//234
f 1299//1433 195//236 193//234
f 1299//1433 1300//1434 195//236
f 1300//1434 197//238 195//236
f 1300//1434 1301//1435 197//238
f 1301//1435 150//240 197//238
f 1301//1435 1279//1436 150//240
f 1302//1437 1303//1437 1304//1438
f 1302//1437 1305//1439 1303//1437
f 1306//1440 1307//1441 1308//1440
f 1306//1440 1308//1440 1309//1442
f 1310//1443 1311//1444 1312//1443
f 1310//1443 1312//1443 1313//1445
f 1314//1446 1315//1446 1316//1446
f 1314//1446 1316//1446 1317//1446
f 1318//1447 1319//1448 1320//1447
f 1318//1447 1320//1447 1321//1449
f 1322//1450 1323//1450 1324//1450
f 1322//1450 1324//1450 1325//1450
f 1326//1451 1327//1451 1328//1452
f 1326//1451 1329//1453 1327//1451
f 1330//1454 1331//1455 1332//1454
f 1330//1454 1332//1454 1333//1456
f 1334//1457 1335//1458 1336//1457
f 1334//1457 1336//1457 1337//1459
f 1338//1446 1339//1446 1340//1446
f 1338//1446 1340//1446 1341//1446
f 1342//1460 1343//1461 1344//1460
f 1342//1460 1344//1460 1345//1462
f 1346//1450 1347//1450 1348//1450
f 1346//1450 1348//1450 1349//1450
f 1350//1463 1351//1463 1352//1464
f 1350//1463 1353//1465 1351//1463
f 1354//1466 1355//1467 1356//1466
f 1354//1466 1356//1466 1357//1468
f 1358//1469 1359//1470 1360//1469
f 1358//1469 1360//1469 1361//1471
f 1362//1446 1363//1446 1364//1446
f 1362//1446 1364//1446 1365//1446
f 1366//1472 1367//1473 1368//1472
f 1366//1472 1368//1472 1369//1474
f 1370//1450 1371//1450 1372//1450
f 1370//1450 1372//1450 1373//1450
f 1374//1475 1375//1475 1376//1476
f 1374//1475 1377//1477 1375//1475
f 1378//1478 1379//1479 1380//1478
f 1378//1478 1380//1478 1381//1480
f 1382//1481 1383//1482 1384//1481
f 1382//1481 1384//1481 1385//1483
f 1386//1446 1387//1446 1388//1446
f 1386//1446 1388//1446 1389//1446
f 1390//1484 1391//1485 1392//1484
f 1390//1484 1392//1484 1393//1486
f 1394//1450 1395//1450 1396//1450
f 1394//1450 1396//1450 1397//1450
f 1398//1487 1399//1487 1400//1488
f 1398//1487 1401//1489 1399//1487
f 1402//1490 1403//1491 1404//1490
f 1402//1490 1404//1490 1405//1492
f 1406//1493 1407//1494 1408//1493
f 1406//1493 1408//1493 1409//1495
f 1410//1446 1411//1446 1412//1446
f 1410//1446 1412//1446 1413//1446
f 1414//1496 1415//1497 1416//1496
f 1414//1496 1416//1496 1417//1498
f 1418//1450 1419//1450 1420//1450
f 1418//1450 1420//1450 1421//1450
g Tower
usemtl Metal_Black_Plain
f 1422/880/1499 1423/881/1500 1424/882/1501
f 1424/883/1501 1423/884/1500 1425/885/1502
f 1423/886/1500 1426/887/1503 1427/888/1504
f 1427/889/1505 1425/890/1502 1423/891/1500
f 1426/892/1503 1428/893/1506 1429/894/1507
f 1429/895/1507 1427/896/1505 1426/897/1503
f 1430/898/1508 1422/899/1499 1424/900/1501
f 1429/901/1509 1431/902/1510 1432/903/1511
f 1433/904/1512 1434/905/1513 1435/906/1514
f 1436/907/1515 1437/908/1516 1438/909/1517
f 1439/910/1518 1438/911/1517 1437/912/1516
f 1437/913/1516 1440/914/1519 1439/915/1520
f 1441/916/1521 1439/917/1518 1440/918/1519
f 1442/919/1522 1443/920/1523 1444/921/1524
f 1441/922/1525 1422/923/1499 1430/924/1508
f 1445/925/1526 1446/926/1527 1447/927/1528
f 1440/928/1519 1422/929/1499 1441/930/1521
f 1447/931/1529 1448/932/1530 1449/933/1531
f 1450/934/1532 1451/935/1533 1452/936/1534
f 1423/937/1535 1422/938/1536 1426/939/1537
f 1434/940/1538 1453/941/1539 1435/942/1514
f 1428/943/1540 1454/944/1541 1431/945/1542
f 1455/946/1543 1446/947/1544 1448/948/1545
f 1434/949/1546 1454/950/1541 1437/951/1547
f 1434/952/1538 1437/953/1516 1436/954/1515
f 1456/955/1548 1431/956/1542 1454/957/1541
f 1434/958/1513 1443/959/1523 1453/960/1539
f 1448/961/1530 1433/962/1512 1453/963/1539
f 1446/964/1527 1455/965/1549 1447/966/1528
f 1454/967/1541 1433/968/1550 1448/969/1545
f 1440/970/1551 1437/971/1547 1454/972/1541
f 1445/973/1552 1456/974/1548 1454/975/1541
f 1454/976/1541 1434/977/1546 1433/978/1550
f 1454/979/1541 1426/980/1537 1440/981/1551
f 1431/982/1553 1429/983/1507 1428/984/1506
f 1428/985/1540 1426/986/1537 1454/987/1541
f 1454/988/1541 1448/989/1545 1446/990/1544
f 1446/991/1544 1445/992/1552 1454/993/1541
f 1450/994/1532 1452/995/1534 1447/996/1529
f 1422/997/1536 1440/998/1551 1426/999/1537
f 1447/1000/1528 1452/1001/1554 1457/1002/1555
f 1424/1003/1501 1425/1004/1502 1458/1005/1556
f 1425/1006/1502 1427/1007/1557 1459/1008/1558
f 1459/1009/1558 1458/1010/1556 1425/1011/1502
f 1447/1012/1529 1449/1013/1531 1450/1014/1532
f 1460/1015/1559 1459/1016/1558 1427/1017/1560
f 1443/1018/1561 1442/1019/1562 1449/1020/1562
f 1453/1021/1539 1449/1022/1531 1448/1023/1530
f 1461/1024/1563 1459/1025/1558 1460/1026/1559
f 1462/1027/1564 1434/1028/1538 1463/1029/1565
f 1436/1030/1566 1451/1031/1533 1463/1032/1565
f 1449/1033/1531 1453/1034/1539 1443/1035/1523
f 1461/1036/1563 1460/1037/1559 1429/1038/1567
f 1448/1039/1530 1447/1040/1529 1455/1041/1568
f 1458/1042/1556 1459/1043/1558 1464/1044/1569
f 1457/1045/1555 1429/1046/1570 1432/1047/1571
f 1461/1048/1563 1429/1049/1570 1457/1050/1555
f 1427/1051/1572 1429/1052/1567 1460/1053/1559
f 1430/1054/1508 1424/1055/1501 1458/1056/1556
f 1444/1057/1524 1462/1058/1573 1451/1059/1533
f 1435/1060/1514 1453/1061/1539 1433/1062/1512
f 1431/1063/1574 1465/1064/1575 1432/1065/1576
f 1462/1066/1573 1463/1067/1565 1451/1068/1533
f 1461/1069/1563 1464/1070/1569 1459/1071/1558
f 1442/1072/1577 1450/1073/1532 1449/1074/1578
f 1431/1075/1579 1466/1076/1580 1465/1077/1580
f 1436/1078/1566 1467/1079/1581 1468/1080/1582
f 1469/1081/1583 1468/1082/1582 1467/1083/1581
f 1467/1084/1581 1470/1085/1584 1469/1086/1583
f 1470/1087/1584 1471/1088/1585 1472/1089/1586
f 1472/1090/1587 1469/1091/1583 1470/1092/1584
f 1466/1093/1588 1445/1094/1526 1465/1095/1589
f 1462/1096/1590 1444/1097/1591 1443/1098/1592
f 1450/1099/1532 1444/1100/1524 1451/1101/1533
f 1465/1102/1575 1457/1103/1555 1432/1104/1576
f 1430/1105/1508 1471/1106/1585 1441/1107/1521
f 1468/1108/1582 1451/1109/1533 1436/1110/1566
f 1471/1111/1585 1430/1112/1508 1458/1113/1556
f 1458/1114/1556 1472/1115/1593 1471/1116/1594
f 1445/1117/1526 1466/1118/1595 1456/1119/1596
f 1447/1120/1528 1465/1121/1575 1445/1122/1526
f 1431/1123/1597 1456/1124/1596 1466/1125/1595
f 1471/1126/1598 1470/1127/1584 1439/1128/1520
f 1439/1129/1520 1441/1130/1599 1471/1131/1585
f 1436/1132/1600 1463/1133/1565 1434/1134/1538
f 1472/1135/1587 1468/1136/1582 1469/1137/1583
f 1470/1138/1584 1467/1139/1581 1438/1140/1601
f 1438/1141/1601 1439/1142/1602 1470/1143/1584
f 1447/1144/1528 1457/1145/1555 1465/1146/1575
f 1436/1147/1566 1438/1148/1601 1467/1149/1581
f 1473/1150/1603 1461/1151/1604 1457/1152/1605
f 1473/1153/1603 1464/1154/1606 1461/1155/1604
f 1452/1156/1607 1473/1157/1603 1457/1158/1605
f 1450/1159/1608 1442/1160/1608 1444/1161/1591
f 1468/1162/1609 1472/1163/1610 1473/1164/1603
f 1451/1165/1611 1473/1166/1603 1452/1167/1607
f 1472/1168/1610 1458/1169/1612 1464/1170/1606
f 1464/1171/1606 1473/1172/1603 1472/1173/1610
f 1434/1174/1613 1462/1175/1590 1443/1176/1592
f 1451/1177/1611 1468/1178/1609 1473/1179/1603
g rudderl
usemtl rubber
f 1474//1614 1475//1615 1476//1616
f 1477//1617 1474//1614 1476//1616
f 1478//1618 1479//1619 1480//1620
f 1478//1621 1475//1615 1479//1619
f 1474//1614 1481//1622 1479//1619
f 1476//1616 1482//1623 1483//1624
f 1475//1615 1478//1621 1482//1623
f 1483//1624 1484//1625 1485//1626
f 1475//1615 1474//1614 1479//1619
f 1485//1626 1476//1616 1483//1624
f 1476//1616 1485//1627 1477//1617
f 1476//1616 1475//1615 1482//1623
f 1474//1614 1477//1617 1481//1622
f 1486//1628 1487//1629 1488//1630
f 1486//1631 1489//1632 1487//1632
f 1490//1632 1478//1632 1480//1632
f 1490//1633 1489//1634 1478//1635
f 1488//1630 1491//1636 1492//1637
f 1489//1634 1482//1638 1478//1639
f 1488//1630 1493//1640 1491//1641
f 1486//1628 1483//1642 1482//1643
f 1489//1634 1490//1633 1493//1644
f 1494//1645 1484//1646 1483//1642
f 1488//1630 1492//1637 1494//1647
f 1489//1634 1486//1628 1482//1643
f 1488//1630 1487//1629 1493//1644
f 1483//1642 1486//1648 1494//1647
f 1487//1632 1489//1632 1493//1649
f 1486//1648 1488//1630 1494//1647
f 1495//1650 1496//1651 1497//1651
f 1495//1650 1498//1652 1496//1651
f 1499//1653 1481//1622 1477//1617
f 1479//1619 1500//1654 1480//1620
f 1498//1652 1501//1655 1496//1651
f 1502//1656 1503//1657 1501//1658
f 1502//1656 1479//1619 1481//1622
f 1502//1656 1504//1659 1500//1660
f 1481//1622 1499//1653 1503//1657
f 1498//1661 1495//1650 1504//1662
f 1498//1661 1502//1656 1501//1655
f 1503//1657 1502//1656 1481//1622
f 1502//1656 1500//1660 1479//1619
f 1502//1656 1498//1663 1504//1662
f 1505//1664 1491//1641 1493//1640
f 1506//1665 1505//1664 1493//1640
f 1507//1651 1495//1650 1497//1651
f 1480//1632 1500//1632 1490//1632
f 1492//1637 1491//1641 1508//1666
f 1507//1651 1509//1667 1495//1650
f 1500//1660 1493//1644 1490//1633
f 1491//1641 1510//1668 1508//1666
f 1509//1669 1504//1629 1495//1670
f 1505//1664 1511//1671 1510//1672
f 1506//1665 1500//1673 1504//1674
f 1506//1665 1512//1675 1511//1676
f 1509//1667 1507//1651 1512//1677
f 1491//1678 1505//1664 1510//1672
f 1509//1679 1506//1680 1504//1629
f 1505//1664 1506//1665 1511//1676
f 1506//1665 1493//1644 1500//1673
f 1506//1681 1509//1682 1512//1677
f 1485//1683 1484//1684 1513//1685
f 1477//1617 1485//1686 1513//1685
f 1513//1685 1484//1684 1514//1687
f 1515//1688 1514//1689 1484//1690
f 1494//1647 1492//1637 1515//1688
f 1515//1688 1484//1690 1494//1691
f 1516//1692 1513//1685 1517//1693
f 1518//1694 1519//1695 1514//1687
f 1513//1685 1514//1687 1519//1695
f 1519//1695 1518//1694 1520//1696
f 1519//1695 1517//1693 1513//1685
f 1514//1689 1515//1688 1521//1697
f 1521//1697 1518//1698 1514//1689
f 1520//1699 1518//1698 1521//1697
f 1522//1700 1517//1693 1523//1701
f 1524//1702 1525//1703 1523//1701
f 1520//1696 1523//1701 1519//1695
f 1523//1701 1520//1696 1524//1702
f 1517//1693 1519//1695 1523//1701
f 1526//1704 1524//1705 1520//1699
f 1524//1705 1526//1704 1527//1706
f 1526//1704 1520//1699 1521//1697
f 1528//1707 1529//1707 1527//1708
f 1529//1707 1528//1707 1530//1707
f 1529//1707 1525//1709 1527//1708
f 1527//1708 1525//1709 1524//1710
f 1531//1711 1532//1712 1533//1713
f 1533//1713 1525//1703 1531//1711
f 1534//1714 1535//1715 1531//1711
f 1536//1716 1534//1714 1531//1711
f 1522//1700 1523//1701 1533//1713
f 1537//1717 1538//1718 1535//1715
f 1536//1716 1529//1719 1530//1720
f 1530//1720 1534//1714 1536//1716
f 1539//1721 1533//1713 1532//1712
f 1529//1719 1536//1716 1531//1711
f 1523//1701 1525//1703 1533//1713
f 1531//1711 1540//1722 1532//1712
f 1535//1715 1534//1714 1541//1723
f 1541//1723 1537//1717 1535//1715
f 1529//1719 1531//1711 1525//1703
f 1540//1722 1531//1711 1535//1715
f 1530//1720 1541//1723 1534//1714
f 1541//1724 1528//1725 1542//1726
f 1542//1726 1543//1727 1541//1724
f 1543//1727 1542//1726 1544//1728
f 1545//1729 1544//1728 1542//1726
f 1537//1730 1543//1727 1546//1731
f 1546//1731 1538//1732 1537//1730
f 1545//1729 1526//1704 1521//1697
f 1526//1704 1545//1729 1542//1726
f 1543//1727 1537//1730 1541//1724
f 1526//1704 1542//1726 1528//1725
f 1528//1725 1527//1706 1526//1704
f 1528//1725 1541//1724 1530//1733
f 1522//1700 1539//1721 1547//1734
f 1548//1735 1547//1734 1539//1721
f 1539//1721 1549//1736 1548//1737
f 1547//1734 1548//1735 1550//1738
f 1549//1736 1551//1739 1552//1740
f 1553//1741 1548//1735 1549//1736
f 1549//1736 1552//1740 1553//1741
f 1554//1742 1550//1738 1548//1737
f 1548//1743 1553//1744 1554//1745
f 1555//1746 1552//1740 1551//1739
f 1551//1739 1556//1747 1555//1746
f 1555//1746 1553//1748 1552//1740
f 1553//1748 1555//1746 1557//1749
f 1558//1750 1554//1751 1553//1741
f 1553//1748 1557//1749 1558//1750
f 1547//1734 1516//1692 1517//1693
f 1538//1718 1556//1747 1535//1715
f 1557//1749 1559//1752 1560//1753
f 1560//1753 1558//1750 1557//1749
f 1556//1747 1551//1739 1540//1722
f 1540//1722 1535//1715 1556//1747
f 1559//1752 1557//1749 1555//1746
f 1551//1739 1549//1736 1532//1712
f 1532//1712 1540//1722 1551//1739
f 1517//1693 1522//1700 1547//1734
f 1555//1746 1561//1754 1559//1752
f 1539//1721 1532//1712 1549//1736
f 1556//1747 1538//1718 1561//1754
f 1561//1754 1555//1746 1556//1747
f 1539//1721 1522//1700 1533//1713
f 1562//1755 1563//1756 1546//1731
f 1546//1731 1564//1757 1562//1755
f 1565//1758 1566//1759 1563//1756
f 1563//1756 1562//1755 1565//1758
f 1567//1760 1562//1755 1564//1757
f 1564//1757 1568//1761 1567//1760
f 1569//1762 1565//1758 1562//1755
f 1562//1755 1567//1760 1569//1762
f 1570//1763 1567//1760 1568//1761
f 1568//1761 1571//1764 1570//1763
f 1570//1763 1569//1762 1567//1760
f 1570//1763 1521//1697 1515//1688
f 1521//1697 1571//1764 1545//1729
f 1546//1731 1561//1765 1538//1732
f 1544//1728 1545//1729 1571//1764
f 1563//1756 1559//1766 1561//1765
f 1561//1765 1546//1731 1563//1756
f 1571//1764 1568//1761 1544//1728
f 1521//1697 1570//1763 1571//1764
f 1568//1761 1564//1757 1543//1727
f 1543//1727 1544//1728 1568//1761
f 1566//1759 1560//1767 1559//1766
f 1559//1766 1563//1756 1566//1759
f 1546//1731 1543//1727 1564//1757
f 1516//1692 1572//1768 1573//1769
f 1572//1768 1574//1770 1573//1769
f 1574//1770 1575//1771 1576//1772
f 1576//1772 1573//1769 1574//1770
f 1513//1685 1516//1692 1499//1653
f 1499//1653 1477//1617 1513//1685
f 1497//1773 1496//1774 1576//1772
f 1560//1753 1575//1771 1558//1750
f 1503//1657 1499//1653 1516//1692
f 1576//1772 1577//1775 1497//1773
f 1575//1771 1574//1770 1554//1742
f 1554//1751 1558//1750 1575//1771
f 1516//1692 1573//1769 1503//1657
f 1574//1770 1572//1768 1550//1738
f 1550//1738 1554//1742 1574//1770
f 1501//1776 1503//1657 1573//1769
f 1577//1775 1576//1772 1575//1771
f 1572//1768 1516//1692 1547//1734
f 1547//1734 1550//1738 1572//1768
f 1573//1769 1576//1772 1496//1774
f 1496//1774 1501//1776 1573//1769
f 1575//1771 1560//1753 1577//1775
f 1578//1777 1579//1778 1580//1779
f 1581//1780 1579//1778 1578//1777
f 1578//1777 1570//1763 1581//1780
f 1581//1780 1570//1763 1582//1781
f 1560//1767 1566//1759 1580//1779
f 1497//1782 1579//1778 1507//1782
f 1582//1781 1515//1688 1492//1637
f 1492//1637 1508//1666 1582//1781
f 1580//1779 1577//1783 1560//1767
f 1512//1784 1507//1782 1579//1778
f 1515//1688 1582//1781 1570//1763
f 1577//1783 1580//1779 1579//1778
f 1579//1778 1581//1780 1511//1785
f 1511//1785 1512//1784 1579//1778
f 1570//1763 1578//1777 1569//1762
f 1510//1786 1511//1785 1581//1780
f 1565//1758 1569//1762 1578//1777
f 1579//1778 1497//1782 1577//1783
f 1581//1780 1582//1781 1508//1666
f 1508//1666 1510//1787 1581//1780
f 1578//1777 1580//1779 1566//1759
f 1566//1759 1565//1758 1578//1777
g elevatorr
usemtl rubber
f 1583//1788 1584//1789 1585//1790
f 1584//1789 1583//1788 1586//1791
f 1587//1792 1584//1793 1588//1794
f 1584//1793 1587//1792 1589//1795
f 1586//1791 1590//1796 1584//1789
f 1588//1794 1584//1793 1591//1797
f 1592//1798 1593//1799 1594//1800
f 1592//1798 1595//1801 1593//1799
f 1592//1798 1596//1802 1595//1801
f 1597//1803 1596//1804 1598//1805
f 1594//1800 1599//1806 1600//1807
f 1601//1808 1598//1809 1596//1810
f 1593//1799 1602//1811 1599//1806
f 1599//1806 1594//1800 1593//1799
f 1596//1802 1592//1798 1603//1812
f 1603//1812 1601//1813 1596//1802
f 1590//1796 1592//1798 1604//1814
f 1605//1815 1606//1816 1602//1811
f 1602//1811 1593//1799 1605//1815
f 1592//1798 1590//1796 1607//1817
f 1607//1817 1603//1812 1592//1798
f 1596//1804 1597//1803 1606//1816
f 1606//1816 1605//1815 1596//1804
f 1586//1791 1607//1817 1590//1796
f 1594//1800 1604//1814 1592//1798
f 1591//1797 1608//1818 1609//1819
f 1609//1819 1610//1820 1591//1797
f 1608//1818 1611//1821 1612//1822
f 1613//1823 1609//1819 1608//1818
f 1608//1818 1612//1822 1613//1823
f 1614//1824 1612//1822 1611//1821
f 1615//1825 1613//1823 1612//1822
f 1612//1822 1614//1824 1615//1826
f 1616//1827 1614//1824 1611//1821
f 1611//1821 1617//1828 1616//1829
f 1618//1830 1615//1826 1614//1824
f 1614//1824 1616//1827 1618//1831
f 1615//1826 1597//1832 1598//1833
f 1600//1834 1617//1828 1619//1835
f 1610//1820 1609//1819 1620//1836
f 1618//1837 1606//1838 1597//1839
f 1597//1840 1615//1826 1618//1830
f 1609//1819 1613//1823 1621//1841
f 1621//1841 1620//1836 1609//1819
f 1616//1842 1602//1843 1606//1838
f 1606//1838 1618//1837 1616//1842
f 1617//1828 1611//1821 1622//1844
f 1622//1844 1619//1835 1617//1828
f 1613//1823 1615//1825 1623//1845
f 1623//1845 1621//1841 1613//1823
f 1617//1828 1599//1846 1602//1843
f 1602//1843 1616//1827 1617//1828
f 1611//1821 1608//1818 1624//1847
f 1624//1847 1622//1844 1611//1821
f 1588//1794 1591//1797 1610//1820
f 1598//1809 1623//1848 1615//1849
f 1617//1828 1600//1834 1599//1846
f 1591//1797 1624//1847 1608//1818
f 1600//1850 1619//1850 1594//1851
f 1584//1852 1590//1853 1594//1851
f 1624//1850 1591//1854 1594//1851
f 1622//1850 1624//1850 1594//1851
f 1594//1851 1590//1853 1604//1850
f 1594//1851 1591//1854 1584//1852
f 1619//1850 1622//1850 1594//1851
f 1625//1855 1626//1856 1627//1857
f 1627//1857 1628//1858 1625//1855
f 1629//1859 1630//1860 1626//1856
f 1626//1856 1625//1855 1629//1859
f 1631//1861 1632//1862 1630//1860
f 1630//1860 1629//1859 1631//1861
f 1633//1863 1634//1864 1632//1864
f 1632//1862 1631//1861 1633//1865
f 1635//1866 1625//1855 1628//1858
f 1628//1858 1636//1867 1635//1866
f 1637//1868 1629//1859 1625//1855
f 1625//1855 1635//1866 1637//1868
f 1638//1869 1631//1861 1629//1859
f 1629//1859 1637//1868 1638//1869
f 1639//1870 1633//1865 1631//1861
f 1631//1861 1638//1869 1639//1870
f 1607//1817 1635//1866 1636//1867
f 1640//1871 1637//1868 1635//1866
f 1635//1866 1607//1817 1640//1871
f 1640//1871 1638//1869 1637//1868
f 1641//1872 1639//1870 1638//1869
f 1638//1869 1640//1871 1641//1872
f 1586//1791 1640//1871 1607//1817
f 1642//1873 1641//1872 1640//1871
f 1640//1871 1586//1791 1642//1873
f 1642//1873 1586//1791 1583//1788
f 1634//1864 1633//1863 1643//1874
f 1643//1874 1644//1864 1634//1864
f 1633//1875 1639//1870 1645//1876
f 1645//1876 1643//1874 1633//1875
f 1607//1817 1636//1867 1603//1812
f 1641//1872 1645//1876 1639//1870
f 1636//1867 1628//1858 1601//1813
f 1601//1813 1603//1812 1636//1867
f 1628//1858 1627//1857 1598//1805
f 1598//1805 1601//1877 1628//1858
f 1620//1836 1646//1878 1610//1820
f 1646//1878 1620//1836 1647//1879
f 1646//1878 1647//1879 1648//1880
f 1620//1836 1649//1881 1650//1882
f 1651//1883 1647//1879 1620//1836
f 1620//1836 1650//1882 1651//1883
f 1647//1879 1651//1883 1652//1884
f 1652//1884 1648//1880 1647//1879
f 1653//1885 1650//1882 1649//1881
f 1649//1881 1654//1886 1653//1885
f 1655//1887 1651//1883 1650//1882
f 1650//1882 1653//1885 1655//1887
f 1656//1888 1652//1884 1651//1883
f 1651//1883 1655//1887 1656//1888
f 1626//1889 1653//1885 1654//1886
f 1654//1886 1627//1890 1626//1889
f 1630//1891 1655//1887 1653//1885
f 1653//1885 1626//1889 1630//1891
f 1632//1892 1656//1888 1655//1887
f 1655//1887 1630//1891 1632//1892
f 1656//1864 1632//1864 1634//1864
f 1588//1794 1610//1820 1646//1878
f 1627//1890 1654//1886 1623//1893
f 1623//1893 1598//1833 1627//1890
f 1648//1880 1652//1884 1657//1894
f 1654//1886 1649//1881 1621//1841
f 1621//1841 1623//1845 1654//1886
f 1652//1884 1656//1888 1658//1838
f 1658//1838 1657//1894 1652//1884
f 1620//1836 1621//1841 1649//1881
f 1656//1864 1634//1864 1644//1864
f 1644//1864 1658//1864 1656//1864
f 1659//1895 1660//1896 1661//1897
f 1661//1898 1662//1899 1659//1895
f 1585//1790 1663//1900 1660//1901
f 1660//1896 1659//1895 1585//1790
f 1662//1899 1664//1902 1659//1895
f 1664//1902 1665//1903 1659//1895
f 1589//1904 1666//1905 1663//1900
f 1663//1900 1585//1790 1589//1904
f 1583//1788 1665//1903 1642//1873
f 1644//1864 1661//1906 1660//1907
f 1584//1789 1589//1904 1585//1790
f 1665//1903 1664//1902 1641//1872
f 1641//1872 1642//1873 1665//1903
f 1663//1900 1667//1908 1660//1896
f 1664//1902 1662//1899 1645//1876
f 1645//1876 1641//1872 1664//1902
f 1667//1908 1663//1900 1666//1905
f 1659//1895 1583//1788 1585//1790
f 1662//1899 1661//1898 1643//1874
f 1643//1874 1645//1876 1662//1899
f 1583//1788 1659//1895 1665//1903
f 1644//1864 1643//1874 1661//1906
f 1668//1909 1587//1792 1669//1910
f 1669//1910 1670//1911 1671//1912
f 1669//1913 1671//1914 1668//1909
f 1670//1915 1672//1916 1671//1917
f 1666//1918 1587//1792 1668//1909
f 1673//1919 1671//1917 1672//1916
f 1667//1920 1668//1909 1671//1921
f 1671//1922 1673//1919 1667//1920
f 1668//1909 1667//1920 1666//1918
f 1588//1794 1646//1878 1669//1923
f 1669//1923 1587//1792 1588//1794
f 1658//1864 1644//1864 1672//1864
f 1672//1916 1670//1924 1657//1894
f 1657//1894 1658//1838 1672//1916
f 1587//1792 1666//1918 1589//1795
f 1670//1915 1669//1910 1648//1880
f 1648//1880 1657//1894 1670//1915
f 1672//1864 1644//1864 1660//1907
f 1646//1878 1648//1880 1669//1910
g elevatorl
usemtl rubber
f 1674//1925 1675//1926 1676//1927
f 1677//1928 1676//1927 1675//1926
f 1678//1929 1679//1930 1675//1931
f 1675//1926 1680//1932 1677//1928
f 1681//1933 1675//1931 1679//1930
f 1682//1934 1683//1935 1684//1936
f 1683//1935 1685//1937 1684//1936
f 1685//1937 1686//1938 1684//1936
f 1687//1939 1688//1940 1682//1934
f 1686//1941 1689//1942 1690//1943
f 1688//1940 1691//1944 1683//1935
f 1683//1935 1682//1934 1688//1940
f 1692//1945 1684//1936 1686//1938
f 1686//1938 1690//1946 1692//1945
f 1693//1947 1684//1936 1680//1932
f 1691//1944 1694//1948 1695//1949
f 1695//1949 1683//1935 1691//1944
f 1696//1950 1680//1932 1684//1936
f 1684//1936 1692//1945 1696//1950
f 1694//1951 1689//1942 1686//1952
f 1686//1938 1695//1949 1694//1948
f 1680//1932 1696//1950 1677//1928
f 1684//1936 1693//1947 1682//1934
f 1697//1953 1698//1954 1681//1933
f 1681//1933 1699//1955 1697//1953
f 1698//1954 1697//1953 1700//1956
f 1700//1956 1701//1957 1698//1954
f 1701//1958 1700//1956 1702//1959
f 1702//1960 1694//1961 1701//1962
f 1701//1963 1694//1964 1703//1965
f 1703//1965 1704//1966 1701//1967
f 1705//1968 1704//1969 1687//1970
f 1706//1971 1697//1953 1699//1955
f 1694//1964 1702//1960 1689//1942
f 1707//1972 1700//1956 1697//1953
f 1697//1953 1706//1971 1707//1972
f 1694//1973 1691//1974 1703//1975
f 1708//1976 1701//1967 1704//1966
f 1704//1969 1705//1968 1708//1976
f 1709//1977 1702//1959 1700//1956
f 1700//1956 1707//1972 1709//1977
f 1691//1974 1688//1978 1704//1969
f 1704//1979 1703//1975 1691//1974
f 1710//1980 1698//1954 1701//1957
f 1701//1958 1708//1976 1710//1980
f 1699//1955 1681//1933 1679//1930
f 1702//1981 1709//1982 1689//1942
f 1688//1978 1687//1970 1704//1969
f 1698//1954 1710//1980 1681//1933
f 1682//1983 1705//1984 1687//1984
f 1682//1983 1680//1985 1675//1986
f 1682//1983 1681//1987 1710//1984
f 1682//1983 1710//1984 1708//1984
f 1693//1984 1680//1985 1682//1983
f 1675//1986 1681//1987 1682//1983
f 1682//1983 1708//1984 1705//1984
f 1711//1988 1712//1989 1713//1990
f 1713//1990 1714//1991 1711//1992
f 1712//1993 1715//1994 1716//1995
f 1716//1996 1713//1990 1712//1997
f 1715//1998 1717//1998 1718//1999
f 1718//2000 1716//1995 1715//1994
f 1717//2001 1719//2002 1720//2003
f 1720//2004 1718//1999 1717//1998
f 1714//1991 1713//1990 1721//2005
f 1721//2005 1722//2006 1714//1991
f 1713//1990 1716//2007 1723//2008
f 1723//2008 1721//2005 1713//1990
f 1716//1995 1718//2000 1724//2000
f 1724//2009 1723//2008 1716//2007
f 1718//1999 1720//2004 1725//2010
f 1725//2011 1724//2000 1718//2000
f 1722//2006 1721//2005 1696//1950
f 1721//2005 1723//2008 1726//2012
f 1726//2012 1696//1950 1721//2005
f 1723//2008 1724//2009 1726//2012
f 1724//2009 1725//2010 1727//2013
f 1727//2013 1726//2012 1724//2009
f 1696//1950 1726//2012 1677//1928
f 1726//2012 1727//2013 1676//1927
f 1676//1927 1677//1928 1726//2012
f 1728//2014 1720//2003 1719//2002
f 1719//2015 1729//2016 1728//2017
f 1730//2018 1725//2019 1720//2020
f 1720//2020 1728//2021 1730//2018
f 1692//1945 1722//2006 1696//1950
f 1725//2010 1730//2018 1727//2013
f 1690//2022 1714//1991 1722//2006
f 1722//2006 1692//1945 1690//1946
f 1689//2023 1711//1988 1714//1991
f 1714//1991 1690//2022 1689//2023
f 1699//1955 1731//2024 1706//1971
f 1732//2025 1706//1971 1731//2024
f 1733//2026 1734//2027 1706//1971
f 1706//1971 1732//2025 1735//2028
f 1735//2028 1733//2026 1706//1971
f 1736//2029 1735//2028 1732//2025
f 1734//2027 1733//2026 1737//2030
f 1737//2030 1738//2031 1734//2027
f 1733//2026 1735//2028 1739//2032
f 1739//2032 1737//2030 1733//2026
f 1735//2028 1736//2029 1740//2033
f 1740//2034 1739//2032 1735//2028
f 1738//2035 1737//2030 1712//2036
f 1712//2037 1711//1992 1738//2038
f 1737//2030 1739//2032 1715//1994
f 1715//1994 1712//2039 1737//2030
f 1739//2032 1740//2040 1717//2001
f 1717//2001 1715//1994 1739//2032
f 1719//2002 1717//2001 1740//2041
f 1731//2024 1699//1955 1679//1930
f 1709//2042 1738//2035 1711//2043
f 1711//2043 1689//2044 1709//2042
f 1741//2045 1736//2029 1732//2025
f 1707//1972 1734//2027 1738//2031
f 1738//2031 1709//1977 1707//1972
f 1742//2046 1740//2047 1736//2029
f 1736//2029 1741//2045 1742//2046
f 1734//2027 1707//1972 1706//1971
f 1729//2048 1719//2002 1740//2041
f 1740//2034 1742//2046 1729//2048
f 1743//2049 1744//2050 1674//1925
f 1674//1925 1745//2051 1743//2049
f 1744//2050 1746//2052 1674//1925
f 1674//1925 1747//2053 1745//2051
f 1674//1925 1676//1927 1747//2053
f 1746//2052 1748//2054 1678//2055
f 1678//2055 1674//1925 1746//2052
f 1744//2050 1743//2049 1729//2016
f 1674//1925 1678//2055 1675//1926
f 1727//2013 1747//2053 1676//1927
f 1730//2018 1745//2051 1747//2053
f 1747//2053 1727//2013 1730//2018
f 1748//2054 1746//2052 1744//2050
f 1728//2021 1743//2049 1745//2051
f 1745//2051 1730//2018 1728//2021
f 1743//2049 1728//2021 1729//2016
f 1744//2056 1741//2045 1749//2057
f 1679//1930 1744//2056 1749//2057
f 1748//2058 1744//2056 1679//1930
f 1749//2057 1731//2024 1679//1930
f 1744//2056 1729//2048 1742//2046
f 1744//2056 1742//2046 1741//2045
f 1678//1929 1748//2058 1679//1930
f 1732//2025 1749//2057 1741//2045
f 1749//2057 1732//2025 1731//2024
g Propeller
usemtl Metal_Chrome
f 1750//2059 1751//2060 1752//2061
f 1750//2059 1752//2061 1753//2062
f 1754//2063 1755//2064 1751//2060
f 1754//2063 1751//2060 1750//2059
f 1756//2065 1757//2066 1755//2064
f 1756//2065 1755//2064 1754//2063
f 1758//2067 1759//2068 1757//2066
f 1758//2067 1757//2066 1756//2065
f 1760//2069 1761//2070 1759//2068
f 1760//2069 1759//2068 1758//2067
f 1762//2071 1763//2072 1761//2070
f 1762//2071 1761//2070 1760//2069
f 1764//2073 1765//2074 1763//2072
f 1764//2073 1763//2072 1762//2071
f 1766//2075 1767//2076 1765//2074
f 1766//2075 1765//2074 1764//2073
f 1751//2060 1768//2077 1769//2078
f 1751//2060 1769//2078 1752//2061
f 1755//2064 1770//2079 1768//2077
f 1755//2064 1768//2077 1751//2060
f 1757//2066 1771//2080 1770//2079
f 1757//2066 1770//2079 1755//2064
f 1759//2068 1772//2081 1771//2080
f 1759//2068 1771//2080 1757//2066
f 1761//2070 1773//2082 1772//2081
f 1761//2070 1772//2081 1759//2068
f 1763//2072 1774//2083 1773//2082
f 1763//2072 1773//2082 1761//2070
f 1765//2074 1775//2084 1774//2083
f 1765//2074 1774//2083 1763//2072
f 1767//2076 1776//2085 1775//2084
f 1767//2076 1775//2084 1765//2074
f 1768//2077 1777//2086 1778//2087
f 1768//2077 1778//2087 1769//2078
f 1770//2079 1779//2088 1777//2086
f 1770//2079 1777//2086 1768//2077
f 1771//2080 1780//2089 1779//2088
f 1771//2080 1779//2088 1770//2079
f 1772//2081 1781//2090 1780//2089
f 1772//2081 1780//2089 1771//2080
f 1773//2082 1782//2091 1781//2090
f 1773//2082 1781//2090 1772//2081
f 1774//2083 1783//2092 1782//2091
f 1774//2083 1782//2091 1773//2082
f 1775//2084 1784//2093 1783//2092
f 1775//2084 1783//2092 1774//2083
f 1776//2085 1785//2094 1784//2093
f 1776//2085 1784//2093 1775//2084
f 1777//2086 1786//2095 1787//2096
f 1777//2086 1787//2096 1778//2087
f 1779//2088 1788//2097 1786//2095
f 1779//2088 1786//2095 1777//2086
f 1780//2089 1789//2098 1788//2097
f 1780//2089 1788//2097 1779//2088
f 1781//2090 1790//2099 1789//2098
f 1781//2090 1789//2098 1780//2089
f 1782//2091 1791//2100 1790//2099
f 1782//2091 1790//2099 1781//2090
f 1783//2092 1792//2101 1791//2100
f 1783//2092 1791//2100 1782//2091
f 1784//2093 1793//2102 1792//2101
f 1784//2093 1792//2101 1783//2092
f 1785//2094 1794//2103 1793//2102
f 1785//2094 1793//2102 1784//2093
f 1786//2095 1795//2104 1796//2105
f 1786//2095 1796//2105 1787//2096
f 1788//2097 1797//2106 1795//2104
f 1788//2097 1795//2104 1786//2095
f 1789//2098 1798//2107 1797//2106
f 1789//2098 1797//2106 1788//2097
f 1790//2099 1799//2108 1798//2107
f 1790//2099 1798//2107 1789//2098
f 1791//2100 1800//2109 1799//2108
f 1791//2100 1799//2108 1790//2099
f 1792//2101 1801//2110 1800//2109
f 1792//2101 1800//2109 1791//2100
f 1793//2102 1802//2111 1801//2110
f 1793//2102 1801//2110 1792//2101
f 1794//2103 1803//2112 1802//2111
f 1794//2103 1802//2111 1793//2102
f 1795//2104 1804//2113 1805//2114
f 1795//2104 1805//2114 1796//2105
f 1797//2106 1806//2115 1804//2113
f 1797//2106 1804//2113 1795//2104
f 1798//2107 1807//2116 1806//2115
f 1798//2107 1806//2115 1797//2106
f 1799//2108 1808//2117 1807//2116
f 1799//2108 1807//2116 1798//2107
f 1800//2109 1809//2118 1808//2117
f 1800//2109 1808//2117 1799//2108
f 1801//2110 1810//2119 1809//2118
f 1801//2110 1809//2118 1800//2109
f 1802//2111 1811//2120 1810//2119
f 1802//2111 1810//2119 1801//2110
f 1803//2112 1812//2121 1811//2120
f 1803//2112 1811//2120 1802//2111
f 1804//2113 1813//2122 1814//2123
f 1804//2113 1814//2123 1805//2114
f 1806//2115 1815//2124 1813//2122
f 1806//2115 1813//2122 1804//2113
f 1807//2116 1816//2125 1815//2124
f 1807//2116 1815//2124 1806//2115
f 1808//2117 1817//2126 1816//2125
f 1808//2117 1816//2125 1807//2116
f 1809//2118 1818//2127 1817//2126
f 1809//2118 1817//2126 1808//2117
f 1810//2119 1819//2128 1818//2127
f 1810//2119 1818//2127 1809//2118
f 1811//2120 1820//2129 1819//2128
f 1811//2120 1819//2128 1810//2119
f 1812//2121 1821//2130 1820//2129
f 1812//2121 1820//2129 1811//2120
f 1813//2122 1822//2131 1823//2132
f 1813//2122 1823//2132 1814//2123
f 1815//2124 1824//2133 1822//2131
f 1815//2124 1822//2131 1813//2122
f 1816//2125 1825//2134 1824//2133
f 1816//2125 1824//2133 1815//2124
f 1817//2126 1826//2135 1825//2134
f 1817//2126 1825//2134 1816//2125
f 1818//2127 1827//2136 1826//2135
f 1818//2127 1826//2135 1817//2126
f 1819//2128 1828//2137 1827//2136
f 1819//2128 1827//2136 1818//2127
f 1820//2129 1829//2138 1828//2137
f 1820//2129 1828//2137 1819//2128
f 1821//2130 1830//2139 1829//2138
f 1821//2130 1829//2138 1820//2129
f 1822//2131 1831//2140 1832//2141
f 1822//2131 1832//2141 1823//2132
f 1824//2133 1833//2142 1831//2140
f 1824//2133 1831//2140 1822//2131
f 1825//2134 1834//2143 1833//2142
f 1825//2134 1833//2142 1824//2133
f 1826//2135 1835//2144 1834//2143
f 1826//2135 1834//2143 1825//2134
f 1827//2136 1836//2145 1835//2144
f 1827//2136 1835//2144 1826//2135
f 1828//2137 1837//2146 1836//2145
f 1828//2137 1836//2145 1827//2136
f 1829//2138 1838//2147 1837//2146
f 1829//2138 1837//2146 1828//2137
f 1830//2139 1839//2148 1838//2147
f 1830//2139 1838//2147 1829//2138
f 1831//2140 1840//2149 1841//2150
f 1831//2140 1841//2150 1832//2141
f 1833//2142 1842//2151 1840//2149
f 1833//2142 1840//2149 1831//2140
f 1834//2143 1843//2152 1842//2151
f 1834//2143 1842//2151 1833//2142
f 1835//2144 1844//2153 1843//2152
f 1835//2144 1843//2152 1834//2143
f 1836//2145 1845//2154 1844//2153
f 1836//2145 1844//2153 1835//2144
f 1837//2146 1846//2155 1845//2154
f 1837//2146 1845//2154 1836//2145
f 1838//2147 1847//2156 1846//2155
f 1838//2147 1846//2155 1837//2146
f 1839//2148 1848//2157 1847//2156
f 1839//2148 1847//2156 1838//2147
f 1840//2149 1849//2158 1850//2159
f 1840//2149 1850//2159 1841//2150
f 1842//2151 1851//2160 1849//2158
f 1842//2151 1849//2158 1840//2149
f 1843//2152 1852//2161 1851//2160
f 1843//2152 1851//2160 1842//2151
f 1844//2153 1853//2162 1852//2161
f 1844//2153 1852//2161 1843//2152
f 1845//2154 1854//2163 1853//2162
f 1845//2154 1853//2162 1844//2153
f 1846//2155 1855//2164 1854//2163
f 1846//2155 1854//2163 1845//2154
f 1847//2156 1856//2165 1855//2164
f 1847//2156 1855//2164 1846//2155
f 1848//2157 1857//2166 1856//2165
f 1848//2157 1856//2165 1847//2156
f 1849//2158 1858//2167 1859//2168
f 1849//2158 1859//2168 1850//2159
f 1851//2160 1860//2169 1858//2167
f 1851//2160 1858//2167 1849//2158
f 1852//2161 1861//2170 1860//2169
f 1852//2161 1860//2169 1851//2160
f 1853//2162 1862//2171 1861//2170
f 1853//2162 1861//2170 1852//2161
f 1854//2163 1863//2172 1862//2171
f 1854//2163 1862//2171 1853//2162
f 1855//2164 1864//2173 1863//2172
f 1855//2164 1863//2172 1854//2163
f 1856//2165 1865//2174 1864//2173
f 1856//2165 1864//2173 1855//2164
f 1857//2166 1866//2175 1865//2174
f 1857//2166 1865//2174 1856//2165
f 1858//2167 1867//2176 1868//2177
f 1858//2167 1868//2177 1859//2168
f 1860//2169 1869//2178 1867//2176
f 1860//2169 1867//2176 1858//2167
f 1861//2170 1870//2179 1869//2178
f 1861//2170 1869//2178 1860//2169
f 1862//2171 1871//2180 1870//2179
f 1862//2171 1870//2179 1861//2170
f 1863//2172 1872//2181 1871//2180
f 1863//2172 1871//2180 1862//2171
f 1864//2173 1873//2182 1872//2181
f 1864//2173 1872//2181 1863//2172
f 1865//2174 1874//2183 1873//2182
f 1865//2174 1873//2182 1864//2173
f 1866//2175 1875//2184 1874//2185
f 1866//2175 1874//2185 1865//2174
f 1867//2176 1876//2186 1868//2187
f 1869//2178 1877//2188 1867//2176
f 1870//2179 1878//2189 1869//2178
f 1871//2180 1879//2190 1870//2179
f 1872//2181 1880//2191 1871//2180
f 1873//2182 1881//2192 1872//2181
f 1874//2185 1882//2193 1873//2182
f 1875//2194 1883//2195 1874//2196
f 1753//2197 1752//2198 1884//2199
f 1753//2197 1884//2199 1885//2200
f 1885//2200 1884//2199 1886//2201
f 1885//2200 1886//2201 1887//2202
f 1887//2202 1886//2201 1888//2203
f 1887//2202 1888//2203 1889//2204
f 1889//2204 1888//2203 1890//2205
f 1889//2204 1890//2205 1891//2206
f 1891//2206 1890//2205 1892//2207
f 1891//2206 1892//2207 1893//2208
f 1893//2208 1892//2207 1894//2209
f 1893//2208 1894//2209 1895//2210
f 1895//2210 1894//2209 1896//2211
f 1895//2210 1896//2211 1897//2212
f 1897//2212 1896//2211 1767//2213
f 1897//2212 1767//2213 1766//2214
f 1752//2198 1769//2215 1898//2216
f 1752//2198 1898//2216 1884//2199
f 1884//2199 1898//2216 1899//2217
f 1884//2199 1899//2217 1886//2201
f 1886//2201 1899//2217 1900//2218
f 1886//2201 1900//2218 1888//2203
f 1888//2203 1900//2218 1901//2219
f 1888//2203 1901//2219 1890//2205
f 1890//2205 1901//2219 1902//2220
f 1890//2205 1902//2220 1892//2207
f 1892//2207 1902//2220 1903//2221
f 1892//2207 1903//2221 1894//2209
f 1894//2209 1903//2221 1904//2222
f 1894//2209 1904//2222 1896//2211
f 1896//2211 1904//2222 1776//2223
f 1896//2211 1776//2223 1767//2213
f 1769//2215 1778//2224 1905//2225
f 1769//2215 1905//2225 1898//2216
f 1898//2216 1905//2225 1906//2226
f 1898//2216 1906//2226 1899//2217
f 1899//2217 1906//2226 1907//2227
f 1899//2217 1907//2227 1900//2218
f 1900//2218 1907//2227 1908//2228
f 1900//2218 1908//2228 1901//2219
f 1901//2219 1908//2228 1909//2229
f 1901//2219 1909//2229 1902//2220
f 1902//2220 1909//2229 1910//2230
f 1902//2220 1910//2230 1903//2221
f 1903//2221 1910//2230 1911//2231
f 1903//2221 1911//2231 1904//2222
f 1904//2222 1911//2231 1785//2232
f 1904//2222 1785//2232 1776//2223
f 1778//2224 1787//2233 1912//2234
f 1778//2224 1912//2234 1905//2225
f 1905//2225 1912//2234 1913//2235
f 1905//2225 1913//2235 1906//2226
f 1906//2226 1913//2235 1914//2236
f 1906//2226 1914//2236 1907//2227
f 1907//2227 1914//2236 1915//2237
f 1907//2227 1915//2237 1908//2228
f 1908//2228 1915//2237 1916//2238
f 1908//2228 1916//2238 1909//2229
f 1909//2229 1916//2238 1917//2239
f 1909//2229 1917//2239 1910//2230
f 1910//2230 1917//2239 1918//2240
f 1910//2230 1918//2240 1911//2231
f 1911//2231 1918//2240 1794//2241
f 1911//2231 1794//2241 1785//2232
f 1787//2233 1796//2242 1919//2243
f 1787//2233 1919//2243 1912//2234
f 1912//2234 1919//2243 1920//2244
f 1912//2234 1920//2244 1913//2235
f 1913//2235 1920//2244 1921//2245
f 1913//2235 1921//2245 1914//2236
f 1914//2236 1921//2245 1922//2246
f 1914//2236 1922//2246 1915//2237
f 1915//2237 1922//2246 1923//2247
f 1915//2237 1923//2247 1916//2238
f 1916//2238 1923//2247 1924//2248
f 1916//2238 1924//2248 1917//2239
f 1917//2239 1924//2248 1925//2249
f 1917//2239 1925//2249 1918//2240
f 1918//2240 1925//2249 1803//2250
f 1918//2240 1803//2250 1794//2241
f 1796//2242 1805//2251 1926//2252
f 1796//2242 1926//2252 1919//2243
f 1919//2243 1926//2252 1927//2253
f 1919//2243 1927//2253 1920//2244
f 1920//2244 1927//2253 1928//2254
f 1920//2244 1928//2254 1921//2245
f 1921//2245 1928//2254 1929//2255
f 1921//2245 1929//2255 1922//2246
f 1922//2246 1929//2255 1930//2256
f 1922//2246 1930//2256 1923//2247
f 1923//2247 1930//2256 1931//2257
f 1923//2247 1931//2257 1924//2248
f 1924//2248 1931//2257 1932//2258
f 1924//2248 1932//2258 1925//2249
f 1925//2249 1932//2258 1812//2259
f 1925//2249 1812//2259 1803//2250
f 1805//2251 1814//2260 1933//2261
f 1805//2251 1933//2261 1926//2252
f 1926//2252 1933//2261 1934//2262
f 1926//2252 1934//2262 1927//2253
f 1927//2253 1934//2262 1935//2263
f 1927//2253 1935//2263 1928//2254
f 1928//2254 1935//2263 1936//2264
f 1928//2254 1936//2264 1929//2255
f 1929//2255 1936//2264 1937//2265
f 1929//2255 1937//2265 1930//2256
f 1930//2256 1937//2265 1938//2266
f 1930//2256 1938//2266 1931//2257
f 1931//2257 1938//2266 1939//2267
f 1931//2257 1939//2267 1932//2258
f 1932//2258 1939//2267 1821//2268
f 1932//2258 1821//2268 1812//2259
f 1814//2260 1823//2269 1940//2270
f 1814//2260 1940//2270 1933//2261
f 1933//2261 1940//2270 1941//2271
f 1933//2261 1941//2271 1934//2262
f 1934//2262 1941//2271 1942//2272
f 1934//2262 1942//2272 1935//2263
f 1935//2263 1942//2272 1943//2273
f 1935//2263 1943//2273 1936//2264
f 1936//2264 1943//2273 1944//2274
f 1936//2264 1944//2274 1937//2265
f 1937//2265 1944//2274 1945//2275
f 1937//2265 1945//2275 1938//2266
f 1938//2266 1945//2275 1946//2276
f 1938//2266 1946//2276 1939//2267
f 1939//2267 1946//2276 1830//2277
f 1939//2267 1830//2277 1821//2268
f 1823//2269 1832//2278 1947//2279
f 1823//2269 1947//2279 1940//2270
f 1940//2270 1947//2279 1948//2280
f 1940//2270 1948//2280 1941//2271
f 1941//2271 1948//2280 1949//2281
f 1941//2271 1949//2281 1942//2272
f 1942//2272 1949//2281 1950//2282
f 1942//2272 1950//2282 1943//2273
f 1943//2273 1950//2282 1951//2283
f 1943//2273 1951//2283 1944//2274
f 1944//2274 1951//2283 1952//2284
f 1944//2274 1952//2284 1945//2275
f 1945//2275 1952//2284 1953//2285
f 1945//2275 1953//2285 1946//2276
f 1946//2276 1953//2285 1839//2286
f 1946//2276 1839//2286 1830//2277
f 1832//2278 1841//2287 1954//2288
f 1832//2278 1954//2288 1947//2279
f 1947//2279 1954//2288 1955//2289
f 1947//2279 1955//2289 1948//2280
f 1948//2280 1955//2289 1956//2290
f 1948//2280 1956//2290 1949//2281
f 1949//2281 1956//2290 1957//2291
f 1949//2281 1957//2291 1950//2282
f 1950//2282 1957//2291 1958//2292
f 1950//2282 1958//2292 1951//2283
f 1951//2283 1958//2292 1959//2293
f 1951//2283 1959//2293 1952//2284
f 1952//2284 1959//2293 1960//2294
f 1952//2284 1960//2294 1953//2285
f 1953//2285 1960//2294 1848//2295
f 1953//2285 1848//2295 1839//2286
f 1841//2287 1850//2296 1961//2297
f 1841//2287 1961//2297 1954//2288
f 1954//2288 1961//2297 1962//2298
f 1954//2288 1962//2298 1955//2289
f 1955//2289 1962//2298 1963//2299
f 1955//2289 1963//2299 1956//2290
f 1956//2290 1963//2299 1964//2300
f 1956//2290 1964//2300 1957//2291
f 1957//2291 1964//2300 1965//2301
f 1957//2291 1965//2301 1958//2292
f 1958//2292 1965//2301 1966//2302
f 1958//2292 1966//2302 1959//2293
f 1959//2293 1966//2302 1967//2303
f 1959//2293 1967//2303 1960//2294
f 1960//2294 1967//2303 1857//2304
f 1960//2294 1857//2304 1848//2295
f 1850//2296 1859//2305 1968//2306
f 1850//2296 1968//2306 1961//2297
f 1961//2297 1968//2306 1969//2307
f 1961//2297 1969//2307 1962//2298
f 1962//2298 1969//2307 1970//2308
f 1962//2298 1970//2308 1963//2299
f 1963//2299 1970//2308 1971//2309
f 1963//2299 1971//2309 1964//2300
f 1964//2300 1971//2309 1972//2310
f 1964//2300 1972//2310 1965//2301
f 1965//2301 1972//2310 1973//2311
f 1965//2301 1973//2311 1966//2302
f 1966//2302 1973//2311 1974//2312
f 1966//2302 1974//2312 1967//2303
f 1967//2303 1974//2312 1866//2313
f 1967//2303 1866//2313 1857//2304
f 1859//2305 1868//2314 1975//2315
f 1859//2305 1975//2315 1968//2306
f 1968//2306 1975//2316 1976//2317
f 1968//2306 1976//2317 1969//2307
f 1969//2307 1976//2318 1977//2319
f 1969//2307 1977//2319 1970//2308
f 1970//2308 1977//2319 1978//2320
f 1970//2308 1978//2320 1971//2309
f 1971//2309 1978//2320 1979//2321
f 1971//2309 1979//2321 1972//2310
f 1972//2310 1979//2321 1980//2322
f 1972//2310 1980//2322 1973//2311
f 1973//2311 1980//2322 1981//2323
f 1973//2311 1981//2323 1974//2312
f 1974//2312 1981//2324 1875//2325
f 1974//2312 1875//2325 1866//2313
f 1868//2187 1982//2326 1975//2327
f 1975//2315 1983//2328 1976//2329
f 1976//2317 1984//2330 1977//2319
f 1977//2319 1985//2331 1978//2320
f 1978//2320 1986//2332 1979//2321
f 1979//2321 1987//2333 1980//2334
f 1980//2335 1988//2336 1981//2337
f 1981//2337 1989//2338 1875//2339
f 1990//2340 1991//2341 1992//2342
f 1990//2340 1992//2342 1993//2343
f 1994//2344 1995//2345 1991//2341
f 1994//2344 1991//2341 1990//2340
f 1996//2346 1997//2347 1995//2345
f 1996//2346 1995//2345 1994//2344
f 1998//2348 1999//2349 1997//2347
f 1998//2348 1997//2347 1996//2346
f 2000//2350 2001//2351 1999//2349
f 2000//2350 1999//2349 1998//2348
f 2002//2352 2003//2353 2001//2351
f 2002//2352 2001//2351 2000//2350
f 2004//2354 2005//2355 2003//2353
f 2004//2354 2003//2353 2002//2352
f 2006//2356 2007//2357 2005//2355
f 2006//2356 2005//2355 2004//2354
f 1991//2341 2008//2358 2009//2359
f 1991//2341 2009//2359 1992//2342
f 1995//2345 2010//2360 2008//2358
f 1995//2345 2008//2358 1991//2341
f 1997//2347 2011//2361 2010//2360
f 1997//2347 2010//2360 1995//2345
f 1999//2349 2012//2362 2011//2361
f 1999//2349 2011//2361 1997//2347
f 2001//2351 2013//2363 2012//2362
f 2001//2351 2012//2362 1999//2349
f 2003//2353 2014//2364 2013//2363
f 2003//2353 2013//2363 2001//2351
f 2005//2355 2015//2365 2014//2364
f 2005//2355 2014//2364 2003//2353
f 2007//2357 2016//2366 2015//2365
f 2007//2357 2015//2365 2005//2355
f 2008//2358 2017//2367 2018//2368
f 2008//2358 2018//2368 2009//2359
f 2010//2360 2019//2369 2017//2367
f 2010//2360 2017//2367 2008//2358
f 2011//2361 2020//2370 2019//2369
f 2011//2361 2019//2369 2010//2360
f 2012//2362 2021//2371 2020//2370
f 2012//2362 2020//2370 2011//2361
f 2013//2363 2022//2372 2021//2371
f 2013//2363 2021//2371 2012//2362
f 2014//2364 2023//2373 2022//2372
f 2014//2364 2022//2372 2013//2363
f 2015//2365 2024//2374 2023//2373
f 2015//2365 2023//2373 2014//2364
f 2016//2366 2025//2375 2024//2374
f 2016//2366 2024//2374 2015//2365
f 2017//2367 2026//2376 2027//2377
f 2017//2367 2027//2377 2018//2368
f 2019//2369 2028//2378 2026//2376
f 2019//2369 2026//2376 2017//2367
f 2020//2370 2029//2379 2028//2378
f 2020//2370 2028//2378 2019//2369
f 2021//2371 2030//2380 2029//2379
f 2021//2371 2029//2379 2020//2370
f 2022//2372 2031//2381 2030//2380
f 2022//2372 2030//2380 2021//2371
f 2023//2373 2032//2382 2031//2381
f 2023//2373 2031//2381 2022//2372
f 2024//2374 2033//2383 2032//2382
f 2024//2374 2032//2382 2023//2373
f 2025//2375 2034//2384 2033//2383
f 2025//2375 2033//2383 2024//2374
f 2026//2376 2035//2385 2036//2386
f 2026//2376 2036//2386 2027//2377
f 2028//2378 2037//2387 2035//2385
f 2028//2378 2035//2385 2026//2376
f 2029//2379 2038//2388 2037//2387
f 2029//2379 2037//2387 2028//2378
f 2030//2380 2039//2389 2038//2388
f 2030//2380 2038//2388 2029//2379
f 2031//2381 2040//2390 2039//2389
f 2031//2381 2039//2389 2030//2380
f 2032//2382 2041//2391 2040//2390
f 2032//2382 2040//2390 2031//2381
f 2033//2383 2042//2392 2041//2391
f 2033//2383 2041//2391 2032//2382
f 2034//2384 2043//2393 2042//2392
f 2034//2384 2042//2392 2033//2383
f 2035//2385 2044//2394 2045//2395
f 2035//2385 2045//2395 2036//2386
f 2037//2387 2046//2396 2044//2394
f 2037//2387 2044//2394 2035//2385
f 2038//2388 2047//2397 2046//2396
f 2038//2388 2046//2396 2037//2387
f 2039//2389 2048//2398 2047//2397
f 2039//2389 2047//2397 2038//2388
f 2040//2390 2049//2399 2048//2398
f 2040//2390 2048//2398 2039//2389
f 2041//2391 2050//2400 2049//2399
f 2041//2391 2049//2399 2040//2390
f 2042//2392 2051//2401 2050//2400
f 2042//2392 2050//2400 2041//2391
f 2043//2393 2052//2402 2051//2401
f 2043//2393 2051//2401 2042//2392
f 2044//2394 2053//2403 2054//2404
f 2044//2394 2054//2404 2045//2395
f 2046//2396 2055//2405 2053//2403
f 2046//2396 2053//2403 2044//2394
f 2047//2397 2056//2406 2055//2405
f 2047//2397 2055//2405 2046//2396
f 2048//2398 2057//2407 2056//2406
f 2048//2398 2056//2406 2047//2397
f 2049//2399 2058//2408 2057//2407
f 2049//2399 2057//2407 2048//2398
f 2050//2400 2059//2409 2058//2408
f 2050//2400 2058//2408 2049//2399
f 2051//2401 2060//2410 2059//2409
f 2051//2401 2059//2409 2050//2400
f 2052//2402 2061//2411 2060//2410
f 2052//2402 2060//2410 2051//2401
f 2053//2403 2062//2412 2063//2413
f 2053//2403 2063//2413 2054//2404
f 2055//2405 2064//2414 2062//2412
f 2055//2405 2062//2412 2053//2403
f 2056//2406 2065//2415 2064//2414
f 2056//2406 2064//2414 2055//2405
f 2057//2407 2066//2416 2065//2415
f 2057//2407 2065//2415 2056//2406
f 2058//2408 2067//2417 2066//2416
f 2058//2408 2066//2416 2057//2407
f 2059//2409 2068//2418 2067//2417
f 2059//2409 2067//2417 2058//2408
f 2060//2410 2069//2419 2068//2418
f 2060//2410 2068//2418 2059//2409
f 2061//2411 2070//2420 2069//2419
f 2061//2411 2069//2419 2060//2410
f 2062//2412 2071//2421 2072//2422
f 2062//2412 2072//2422 2063//2413
f 2064//2414 2073//2423 2071//2421
f 2064//2414 2071//2421 2062//2412
f 2065//2415 2074//2424 2073//2423
f 2065//2415 2073//2423 2064//2414
f 2066//2416 2075//2425 2074//2424
f 2066//2416 2074//2424 2065//2415
f 2067//2417 2076//2426 2075//2425
f 2067//2417 2075//2425 2066//2416
f 2068//2418 2077//2427 2076//2426
f 2068//2418 2076//2426 2067//2417
f 2069//2419 2078//2428 2077//2427
f 2069//2419 2077//2427 2068//2418
f 2070//2420 2079//2429 2078//2428
f 2070//2420 2078//2428 2069//2419
f 2071//2421 2080//2430 2081//2431
f 2071//2421 2081//2431 2072//2422
f 2073//2423 2082//2432 2080//2430
f 2073//2423 2080//2430 2071//2421
f 2074//2424 2083//2433 2082//2432
f 2074//2424 2082//2432 2073//2423
f 2075//2425 2084//2434 2083//2433
f 2075//2425 2083//2433 2074//2424
f 2076//2426 2085//2435 2084//2434
f 2076//2426 2084//2434 2075//2425
f 2077//2427 2086//2436 2085//2435
f 2077//2427 2085//2435 2076//2426
f 2078//2428 2087//2437 2086//2436
f 2078//2428 2086//2436 2077//2427
f 2079//2429 2088//2438 2087//2437
f 2079//2429 2087//2437 2078//2428
f 2080//2430 2089//2439 2090//2440
f 2080//2430 2090//2440 2081//2431
f 2082//2432 2091//2441 2089//2439
f 2082//2432 2089//2439 2080//2430
f 2083//2433 2092//2442 2091//2441
f 2083//2433 2091//2441 2082//2432
f 2084//2434 2093//2443 2092//2442
f 2084//2434 2092//2442 2083//2433
f 2085//2435 2094//2444 2093//2443
f 2085//2435 2093//2443 2084//2434
f 2086//2436 2095//2445 2094//2444
f 2086//2436 2094//2444 2085//2435
f 2087//2437 2096//2446 2095//2445
f 2087//2437 2095//2445 2086//2436
f 2088//2438 2097//2447 2096//2446
f 2088//2438 2096//2446 2087//2437
f 2089//2439 2098//2448 2099//2449
f 2089//2439 2099//2449 2090//2440
f 2091//2441 2100//2450 2098//2448
f 2091//2441 2098//2448 2089//2439
f 2092//2442 2101//2451 2100//2450
f 2092//2442 2100//2450 2091//2441
f 2093//2443 2102//2452 2101//2451
f 2093//2443 2101//2451 2092//2442
f 2094//2444 2103//2453 2102//2452
f 2094//2444 2102//2452 2093//2443
f 2095//2445 2104//2454 2103//2453
f 2095//2445 2103//2453 2094//2444
f 2096//2446 2105//2455 2104//2454
f 2096//2446 2104//2454 2095//2445
f 2097//2447 2106//2456 2105//2455
f 2097//2447 2105//2455 2096//2446
f 2098//2448 2107//2457 2108//2458
f 2098//2448 2108//2458 2099//2449
f 2100//2450 2109//2459 2107//2457
f 2100//2450 2107//2457 2098//2448
f 2101//2451 2110//2460 2109//2459
f 2101//2451 2109//2459 2100//2450
f 2102//2452 2111//2461 2110//2460
f 2102//2452 2110//2460 2101//2451
f 2103//2453 2112//2462 2111//2461
f 2103//2453 2111//2461 2102//2452
f 2104//2454 2113//2463 2112//2462
f 2104//2454 2112//2462 2103//2453
f 2105//2455 2114//2464 2113//2463
f 2105//2455 2113//2463 2104//2454
f 2106//2456 2115//2465 2114//2466
f 2106//2456 2114//2466 2105//2455
f 2107//2457 2116//2467 2108//2468
f 2109//2459 2117//2469 2107//2457
f 2110//2460 2118//2470 2109//2459
f 2111//2461 2119//2471 2110//2460
f 2112//2462 2120//2472 2111//2461
f 2113//2463 2121//2473 2112//2462
f 2114//2466 2122//2474 2113//2463
f 2115//2475 2123//2476 2114//2477
f 1993//2478 1992//2479 2124//2480
f 1993//2478 2124//2480 2125//2481
f 2125//2481 2124//2480 2126//2482
f 2125//2481 2126//2482 2127//2483
f 2127//2483 2126//2482 2128//2484
f 2127//2483 2128//2484 2129//2485
f 2129//2485 2128//2484 2130//2486
f 2129//2485 2130//2486 2131//2487
f 2131//2487 2130//2486 2132//2488
f 2131//2487 2132//2488 2133//2489
f 2133//2489 2132//2488 2134//2490
f 2133//2489 2134//2490 2135//2491
f 2135//2491 2134//2490 2136//2492
f 2135//2491 2136//2492 2137//2493
f 2137//2493 2136//2492 2007//2494
f 2137//2493 2007//2494 2006//2495
f 1992//2479 2009//2496 2138//2497
f 1992//2479 2138//2497 2124//2480
f 2124//2480 2138//2497 2139//2498
f 2124//2480 2139//2498 2126//2482
f 2126//2482 2139//2498 2140//2499
f 2126//2482 2140//2499 2128//2484
f 2128//2484 2140//2499 2141//2500
f 2128//2484 2141//2500 2130//2486
f 2130//2486 2141//2500 2142//2501
f 2130//2486 2142//2501 2132//2488
f 2132//2488 2142//2501 2143//2502
f 2132//2488 2143//2502 2134//2490
f 2134//2490 2143//2502 2144//2503
f 2134//2490 2144//2503 2136//2492
f 2136//2492 2144//2503 2016//2504
f 2136//2492 2016//2504 2007//2494
f 2009//2496 2018//2505 2145//2506
f 2009//2496 2145//2506 2138//2497
f 2138//2497 2145//2506 2146//2507
f 2138//2497 2146//2507 2139//2498
f 2139//2498 2146//2507 2147//2508
f 2139//2498 2147//2508 2140//2499
f 2140//2499 2147//2508 2148//2509
f 2140//2499 2148//2509 2141//2500
f 2141//2500 2148//2509 2149//2510
f 2141//2500 2149//2510 2142//2501
f 2142//2501 2149//2510 2150//2511
f 2142//2501 2150//2511 2143//2502
f 2143//2502 2150//2511 2151//2512
f 2143//2502 2151//2512 2144//2503
f 2144//2503 2151//2512 2025//2513
f 2144//2503 2025//2513 2016//2504
f 2018//2505 2027//2514 2152//2515
f 2018//2505 2152//2515 2145//2506
f 2145//2506 2152//2515 2153//2516
f 2145//2506 2153//2516 2146//2507
f 2146//2507 2153//2516 2154//2517
f 2146//2507 2154//2517 2147//2508
f 2147//2508 2154//2517 2155//2518
f 2147//2508 2155//2518 2148//2509
f 2148//2509 2155//2518 2156//2519
f 2148//2509 2156//2519 2149//2510
f 2149//2510 2156//2519 2157//2520
f 2149//2510 2157//2520 2150//2511
f 2150//2511 2157//2520 2158//2521
f 2150//2511 2158//2521 2151//2512
f 2151//2512 2158//2521 2034//2522
f 2151//2512 2034//2522 2025//2513
f 2027//2514 2036//2523 2159//2524
f 2027//2514 2159//2524 2152//2515
f 2152//2515 2159//2524 2160//2525
f 2152//2515 2160//2525 2153//2516
f 2153//2516 2160//2525 2161//2526
f 2153//2516 2161//2526 2154//2517
f 2154//2517 2161//2526 2162//2527
f 2154//2517 2162//2527 2155//2518
f 2155//2518 2162//2527 2163//2528
f 2155//2518 2163//2528 2156//2519
f 2156//2519 2163//2528 2164//2529
f 2156//2519 2164//2529 2157//2520
f 2157//2520 2164//2529 2165//2530
f 2157//2520 2165//2530 2158//2521
f 2158//2521 2165//2530 2043//2531
f 2158//2521 2043//2531 2034//2522
f 2036//2523 2045//2532 2166//2533
f 2036//2523 2166//2533 2159//2524
f 2159//2524 2166//2533 2167//2534
f 2159//2524 2167//2534 2160//2525
f 2160//2525 2167//2534 2168//2535
f 2160//2525 2168//2535 2161//2526
f 2161//2526 2168//2535 2169//2536
f 2161//2526 2169//2536 2162//2527
f 2162//2527 2169//2536 2170//2537
f 2162//2527 2170//2537 2163//2528
f 2163//2528 2170//2537 2171//2538
f 2163//2528 2171//2538 2164//2529
f 2164//2529 2171//2538 2172//2539
f 2164//2529 2172//2539 2165//2530
f 2165//2530 2172//2539 2052//2540
f 2165//2530 2052//2540 2043//2531
f 2045//2532 2054//2541 2173//2542
f 2045//2532 2173//2542 2166//2533
f 2166//2533 2173//2542 2174//2543
f 2166//2533 2174//2543 2167//2534
f 2167//2534 2174//2543 2175//2544
f 2167//2534 2175//2544 2168//2535
f 2168//2535 2175//2544 2176//2545
f 2168//2535 2176//2545 2169//2536
f 2169//2536 2176//2545 2177//2546
f 2169//2536 2177//2546 2170//2537
f 2170//2537 2177//2546 2178//2547
f 2170//2537 2178//2547 2171//2538
f 2171//2538 2178//2547 2179//2548
f 2171//2538 2179//2548 2172//2539
f 2172//2539 2179//2548 2061//2549
f 2172//2539 2061//2549 2052//2540
f 2054//2541 2063//2550 2180//2551
f 2054//2541 2180//2551 2173//2542
f 2173//2542 2180//2551 2181//2552
f 2173//2542 2181//2552 2174//2543
f 2174//2543 2181//2552 2182//2553
f 2174//2543 2182//2553 2175//2544
f 2175//2544 2182//2553 2183//2554
f 2175//2544 2183//2554 2176//2545
f 2176//2545 2183//2554 2184//2555
f 2176//2545 2184//2555 2177//2546
f 2177//2546 2184//2555 2185//2556
f 2177//2546 2185//2556 2178//2547
f 2178//2547 2185//2556 2186//2557
f 2178//2547 2186//2557 2179//2548
f 2179//2548 2186//2557 2070//2558
f 2179//2548 2070//2558 2061//2549
f 2063//2550 2072//2559 2187//2560
f 2063//2550 2187//2560 2180//2551
f 2180//2551 2187//2560 2188//2561
f 2180//2551 2188//2561 2181//2552
f 2181//2552 2188//2561 2189//2562
f 2181//2552 2189//2562 2182//2553
f 2182//2553 2189//2562 2190//2563
f 2182//2553 2190//2563 2183//2554
f 2183//2554 2190//2563 2191//2564
f 2183//2554 2191//2564 2184//2555
f 2184//2555 2191//2564 2192//2565
f 2184//2555 2192//2565 2185//2556
f 2185//2556 2192//2565 2193//2566
f 2185//2556 2193//2566 2186//2557
f 2186//2557 2193//2566 2079//2567
f 2186//2557 2079//2567 2070//2558
f 2072//2559 2081//2568 2194//2569
f 2072//2559 2194//2569 2187//2560
f 2187//2560 2194//2569 2195//2570
f 2187//2560 2195//2570 2188//2561
f 2188//2561 2195//2570 2196//2571
f 2188//2561 2196//2571 2189//2562
f 2189//2562 2196//2571 2197//2572
f 2189//2562 2197//2572 2190//2563
f 2190//2563 2197//2572 2198//2573
f 2190//2563 2198//2573 2191//2564
f 2191//2564 2198//2573 2199//2574
f 2191//2564 2199//2574 2192//2565
f 2192//2565 2199//2574 2200//2575
f 2192//2565 2200//2575 2193//2566
f 2193//2566 2200//2575 2088//2576
f 2193//2566 2088//2576 2079//2567
f 2081//2568 2090//2577 2201//2578
f 2081//2568 2201//2578 2194//2569
f 2194//2569 2201//2578 2202//2579
f 2194//2569 2202//2579 2195//2570
f 2195//2570 2202//2579 2203//2580
f 2195//2570 2203//2580 2196//2571
f 2196//2571 2203//2580 2204//2581
f 2196//2571 2204//2581 2197//2572
f 2197//2572 2204//2581 2205//2582
f 2197//2572 2205//2582 2198//2573
f 2198//2573 2205//2582 2206//2583
f 2198//2573 2206//2583 2199//2574
f 2199//2574 2206//2583 2207//2584
f 2199//2574 2207//2584 2200//2575
f 2200//2575 2207//2584 2097//2585
f 2200//2575 2097//2585 2088//2576
f 2090//2577 2099//2586 2208//2587
f 2090//2577 2208//2587 2201//2578
f 2201//2578 2208//2587 2209//2588
f 2201//2578 2209//2588 2202//2579
f 2202//2579 2209//2588 2210//2589
f 2202//2579 2210//2589 2203//2580
f 2203//2580 2210//2589 2211//2590
f 2203//2580 2211//2590 2204//2581
f 2204//2581 2211//2590 2212//2591
f 2204//2581 2212//2591 2205//2582
f 2205//2582 2212//2591 2213//2592
f 2205//2582 2213//2592 2206//2583
f 2206//2583 2213//2592 2214//2593
f 2206//2583 2214//2593 2207//2584
f 2207//2584 2214//2593 2106//2594
f 2207//2584 2106//2594 2097//2585
f 2099//2586 2108//2595 2215//2596
f 2099//2586 2215//2596 2208//2587
f 2208//2587 2215//2597 2216//2598
f 2208//2587 2216//2598 2209//2588
f 2209//2588 2216//2599 2217//2600
f 2209//2588 2217//2600 2210//2589
f 2210//2589 2217//2600 2218//2601
f 2210//2589 2218//2601 2211//2590
f 2211//2590 2218//2601 2219//2602
f 2211//2590 2219//2602 2212//2591
f 2212//2591 2219//2602 2220//2603
f 2212//2591 2220//2603 2213//2592
f 2213//2592 2220//2603 2221//2604
f 2213//2592 2221//2604 2214//2593
f 2214//2593 2221//2605 2115//2606
f 2214//2593 2115//2606 2106//2594
f 2108//2468 2222//2607 2215//2608
f 2215//2596 2223//2609 2216//2610
f 2216//2598 2224//2611 2217//2600
f 2217//2600 2225//2612 2218//2601
f 2218//2601 2226//2613 2219//2602
f 2219//2602 2227//2614 2220//2615
f 2220//2616 2228//2617 2221//2618
f 2221//2618 2229//2619 2115//2620
f 2230//2621 2231//2622 2232//2623
f 2230//2621 2232//2623 2233//2624
f 2234//2625 2235//2626 2231//2622
f 2234//2625 2231//2622 2230//2621
f 2236//2627 2237//2628 2235//2626
f 2236//2627 2235//2626 2234//2625
f 2238//2629 2239//2630 2237//2628
f 2238//2629 2237//2628 2236//2627
f 2240//2631 2241//2632 2239//2630
f 2240//2631 2239//2630 2238//2629
f 2242//2633 2243//2634 2241//2632
f 2242//2633 2241//2632 2240//2631
f 2244//2635 2245//2636 2243//2634
f 2244//2635 2243//2634 2242//2633
f 2246//2637 2247//2638 2245//2636
f 2246//2637 2245//2636 2244//2635
f 2231//2622 2248//2639 2249//2640
f 2231//2622 2249//2640 2232//2623
f 2235//2626 2250//2641 2248//2639
f 2235//2626 2248//2639 2231//2622
f 2237//2628 2251//2642 2250//2641
f 2237//2628 2250//2641 2235//2626
f 2239//2630 2252//2643 2251//2642
f 2239//2630 2251//2642 2237//2628
f 2241//2632 2253//2644 2252//2643
f 2241//2632 2252//2643 2239//2630
f 2243//2634 2254//2645 2253//2644
f 2243//2634 2253//2644 2241//2632
f 2245//2636 2255//2646 2254//2645
f 2245//2636 2254//2645 2243//2634
f 2247//2638 2256//2647 2255//2646
f 2247//2638 2255//2646 2245//2636
f 2248//2639 2257//2648 2258//2649
f 2248//2639 2258//2649 2249//2640
f 2250//2641 2259//2650 2257//2648
f 2250//2641 2257//2648 2248//2639
f 2251//2642 2260//2651 2259//2650
f 2251//2642 2259//2650 2250//2641
f 2252//2643 2261//2652 2260//2651
f 2252//2643 2260//2651 2251//2642
f 2253//2644 2262//2653 2261//2652
f 2253//2644 2261//2652 2252//2643
f 2254//2645 2263//2654 2262//2653
f 2254//2645 2262//2653 2253//2644
f 2255//2646 2264//2655 2263//2654
f 2255//2646 2263//2654 2254//2645
f 2256//2647 2265//2656 2264//2655
f 2256//2647 2264//2655 2255//2646
f 2257//2648 2266//2657 2267//2658
f 2257//2648 2267//2658 2258//2649
f 2259//2650 2268//2659 2266//2657
f 2259//2650 2266//2657 2257//2648
f 2260//2651 2269//2660 2268//2659
f 2260//2651 2268//2659 2259//2650
f 2261//2652 2270//2661 2269//2660
f 2261//2652 2269//2660 2260//2651
f 2262//2653 2271//2662 2270//2661
f 2262//2653 2270//2661 2261//2652
f 2263//2654 2272//2663 2271//2662
f 2263//2654 2271//2662 2262//2653
f 2264//2655 2273//2664 2272//2663
f 2264//2655 2272//2663 2263//2654
f 2265//2656 2274//2665 2273//2664
f 2265//2656 2273//2664 2264//2655
f 2266//2657 2275//2666 2276//2667
f 2266//2657 2276//2667 2267//2658
f 2268//2659 2277//2668 2275//2666
f 2268//2659 2275//2666 2266//2657
f 2269//2660 2278//2669 2277//2668
f 2269//2660 2277//2668 2268//2659
f 2270//2661 2279//2670 2278//2669
f 2270//2661 2278//2669 2269//2660
f 2271//2662 2280//2671 2279//2670
f 2271//2662 2279//2670 2270//2661
f 2272//2663 2281//2672 2280//2671
f 2272//2663 2280//2671 2271//2662
f 2273//2664 2282//2673 2281//2672
f 2273//2664 2281//2672 2272//2663
f 2274//2665 2283//2674 2282//2673
f 2274//2665 2282//2673 2273//2664
f 2275//2666 2284//2675 2285//2676
f 2275//2666 2285//2676 2276//2667
f 2277//2668 2286//2677 2284//2675
f 2277//2668 2284//2675 2275//2666
f 2278//2669 2287//2678 2286//2677
f 2278//2669 2286//2677 2277//2668
f 2279//2670 2288//2679 2287//2678
f 2279//2670 2287//2678 2278//2669
f 2280//2671 2289//2680 2288//2679
f 2280//2671 2288//2679 2279//2670
f 2281//2672 2290//2681 2289//2680
f 2281//2672 2289//2680 2280//2671
f 2282//2673 2291//2682 2290//2681
f 2282//2673 2290//2681 2281//2672
f 2283//2674 2292//2683 2291//2682
f 2283//2674 2291//2682 2282//2673
f 2284//2675 2293//2684 2294//2685
f 2284//2675 2294//2685 2285//2676
f 2286//2677 2295//2686 2293//2684
f 2286//2677 2293//2684 2284//2675
f 2287//2678 2296//2687 2295//2686
f 2287//2678 2295//2686 2286//2677
f 2288//2679 2297//2688 2296//2687
f 2288//2679 2296//2687 2287//2678
f 2289//2680 2298//2689 2297//2688
f 2289//2680 2297//2688 2288//2679
f 2290//2681 2299//2690 2298//2689
f 2290//2681 2298//2689 2289//2680
f 2291//2682 2300//2691 2299//2690
f 2291//2682 2299//2690 2290//2681
f 2292//2683 2301//2692 2300//2691
f 2292//2683 2300//2691 2291//2682
f 2293//2684 2302//2693 2303//2694
f 2293//2684 2303//2694 2294//2685
f 2295//2686 2304//2695 2302//2693
f 2295//2686 2302//2693 2293//2684
f 2296//2687 2305//2696 2304//2695
f 2296//2687 2304//2695 2295//2686
f 2297//2688 2306//2697 2305//2696
f 2297//2688 2305//2696 2296//2687
f 2298//2689 2307//2698 2306//2697
f 2298//2689 2306//2697 2297//2688
f 2299//2690 2308//2699 2307//2698
f 2299//2690 2307//2698 2298//2689
f 2300//2691 2309//2700 2308//2699
f 2300//2691 2308//2699 2299//2690
f 2301//2692 2310//2701 2309//2700
f 2301//2692 2309//2700 2300//2691
f 2302//2693 2311//2702 2312//2703
f 2302//2693 2312//2703 2303//2694
f 2304//2695 2313//2704 2311//2702
f 2304//2695 2311//2702 2302//2693
f 2305//2696 2314//2705 2313//2704
f 2305//2696 2313//2704 2304//2695
f 2306//2697 2315//2706 2314//2705
f 2306//2697 2314//2705 2305//2696
f 2307//2698 2316//2707 2315//2706
f 2307//2698 2315//2706 2306//2697
f 2308//2699 2317//2708 2316//2707
f 2308//2699 2316//2707 2307//2698
f 2309//2700 2318//2709 2317//2708
f 2309//2700 2317//2708 2308//2699
f 2310//2701 2319//2710 2318//2709
f 2310//2701 2318//2709 2309//2700
f 2311//2702 2320//2711 2321//2712
f 2311//2702 2321//2712 2312//2703
f 2313//2704 2322//2713 2320//2711
f 2313//2704 2320//2711 2311//2702
f 2314//2705 2323//2714 2322//2713
f 2314//2705 2322//2713 2313//2704
f 2315//2706 2324//2715 2323//2714
f 2315//2706 2323//2714 2314//2705
f 2316//2707 2325//2716 2324//2715
f 2316//2707 2324//2715 2315//2706
f 2317//2708 2326//2717 2325//2716
f 2317//2708 2325//2716 2316//2707
f 2318//2709 2327//2718 2326//2717
f 2318//2709 2326//2717 2317//2708
f 2319//2710 2328//2719 2327//2718
f 2319//2710 2327//2718 2318//2709
f 2320//2711 2329//2720 2330//2721
f 2320//2711 2330//2721 2321//2712
f 2322//2713 2331//2722 2329//2720
f 2322//2713 2329//2720 2320//2711
f 2323//2714 2332//2723 2331//2722
f 2323//2714 2331//2722 2322//2713
f 2324//2715 2333//2724 2332//2723
f 2324//2715 2332//2723 2323//2714
f 2325//2716 2334//2725 2333//2724
f 2325//2716 2333//2724 2324//2715
f 2326//2717 2335//2726 2334//2725
f 2326//2717 2334//2725 2325//2716
f 2327//2718 2336//2727 2335//2726
f 2327//2718 2335//2726 2326//2717
f 2328//2719 2337//2728 2336//2727
f 2328//2719 2336//2727 2327//2718
f 2329//2720 2338//2729 2339//2730
f 2329//2720 2339//2730 2330//2721
f 2331//2722 2340//2731 2338//2729
f 2331//2722 2338//2729 2329//2720
f 2332//2723 2341//2732 2340//2731
f 2332//2723 2340//2731 2331//2722
f 2333//2724 2342//2733 2341//2732
f 2333//2724 2341//2732 2332//2723
f 2334//2725 2343//2734 2342//2733
f 2334//2725 2342//2733 2333//2724
f 2335//2726 2344//2735 2343//2734
f 2335//2726 2343//2734 2334//2725
f 2336//2727 2345//2736 2344//2735
f 2336//2727 2344//2735 2335//2726
f 2337//2728 2346//2737 2345//2736
f 2337//2728 2345//2736 2336//2727
f 2338//2729 2347//2738 2348//2739
f 2338//2729 2348//2739 2339//2730
f 2340//2731 2349//2740 2347//2738
f 2340//2731 2347//2738 2338//2729
f 2341//2732 2350//2741 2349//2740
f 2341//2732 2349//2740 2340//2731
f 2342//2733 2351//2742 2350//2741
f 2342//2733 2350//2741 2341//2732
f 2343//2734 2352//2743 2351//2742
f 2343//2734 2351//2742 2342//2733
f 2344//2735 2353//2744 2352//2743
f 2344//2735 2352//2743 2343//2734
f 2345//2736 2354//2745 2353//2744
f 2345//2736 2353//2744 2344//2735
f 2346//2737 2355//2746 2354//2747
f 2346//2737 2354//2747 2345//2736
f 2347//2738 2356//2748 2348//2749
f 2349//2740 2357//2750 2347//2738
f 2350//2741 2358//2751 2349//2740
f 2351//2742 2359//2752 2350//2741
f 2352//2743 2360//2753 2351//2742
f 2353//2744 2361//2754 2352//2743
f 2354//2747 2362//2755 2353//2744
f 2355//2756 2363//2757 2354//2758
f 2233//2759 2232//2760 2364//2761
f 2233//2759 2364//2761 2365//2762
f 2365//2762 2364//2761 2366//2763
f 2365//2762 2366//2763 2367//2764
f 2367//2764 2366//2763 2368//2765
f 2367//2764 2368//2765 2369//2766
f 2369//2766 2368//2765 2370//2767
f 2369//2766 2370//2767 2371//2768
f 2371//2768 2370//2767 2372//2769
f 2371//2768 2372//2769 2373//2770
f 2373//2770 2372//2769 2374//2771
f 2373//2770 2374//2771 2375//2772
f 2375//2772 2374//2771 2376//2773
f 2375//2772 2376//2773 2377//2774
f 2377//2774 2376//2773 2247//2775
f 2377//2774 2247//2775 2246//2776
f 2232//2760 2249//2777 2378//2778
f 2232//2760 2378//2778 2364//2761
f 2364//2761 2378//2778 2379//2779
f 2364//2761 2379//2779 2366//2763
f 2366//2763 2379//2779 2380//2780
f 2366//2763 2380//2780 2368//2765
f 2368//2765 2380//2780 2381//2781
f 2368//2765 2381//2781 2370//2767
f 2370//2767 2381//2781 2382//2782
f 2370//2767 2382//2782 2372//2769
f 2372//2769 2382//2782 2383//2783
f 2372//2769 2383//2783 2374//2771
f 2374//2771 2383//2783 2384//2784
f 2374//2771 2384//2784 2376//2773
f 2376//2773 2384//2784 2256//2785
f 2376//2773 2256//2785 2247//2775
f 2249//2777 2258//2786 2385//2787
f 2249//2777 2385//2787 2378//2778
f 2378//2778 2385//2787 2386//2788
f 2378//2778 2386//2788 2379//2779
f 2379//2779 2386//2788 2387//2789
f 2379//2779 2387//2789 2380//2780
f 2380//2780 2387//2789 2388//2790
f 2380//2780 2388//2790 2381//2781
f 2381//2781 2388//2790 2389//2791
f 2381//2781 2389//2791 2382//2782
f 2382//2782 2389//2791 2390//2792
f 2382//2782 2390//2792 2383//2783
f 2383//2783 2390//2792 2391//2793
f 2383//2783 2391//2793 2384//2784
f 2384//2784 2391//2793 2265//2794
f 2384//2784 2265//2794 2256//2785
f 2258//2786 2267//2795 2392//2796
f 2258//2786 2392//2796 2385//2787
f 2385//2787 2392//2796 2393//2797
f 2385//2787 2393//2797 2386//2788
f 2386//2788 2393//2797 2394//2798
f 2386//2788 2394//2798 2387//2789
f 2387//2789 2394//2798 2395//2799
f 2387//2789 2395//2799 2388//2790
f 2388//2790 2395//2799 2396//2800
f 2388//2790 2396//2800 2389//2791
f 2389//2791 2396//2800 2397//2801
f 2389//2791 2397//2801 2390//2792
f 2390//2792 2397//2801 2398//2802
f 2390//2792 2398//2802 2391//2793
f 2391//2793 2398//2802 2274//2803
f 2391//2793 2274//2803 2265//2794
f 2267//2795 2276//2804 2399//2805
f 2267//2795 2399//2805 2392//2796
f 2392//2796 2399//2805 2400//2806
f 2392//2796 2400//2806 2393//2797
f 2393//2797 2400//2806 2401//2807
f 2393//2797 2401//2807 2394//2798
f 2394//2798 2401//2807 2402//2808
f 2394//2798 2402//2808 2395//2799
f 2395//2799 2402//2808 2403//2809
f 2395//2799 2403//2809 2396//2800
f 2396//2800 2403//2809 2404//2810
f 2396//2800 2404//2810 2397//2801
f 2397//2801 2404//2810 2405//2811
f 2397//2801 2405//2811 2398//2802
f 2398//2802 2405//2811 2283//2812
f 2398//2802 2283//2812 2274//2803
f 2276//2804 2285//2813 2406//2814
f 2276//2804 2406//2814 2399//2805
f 2399//2805 2406//2814 2407//2815
f 2399//2805 2407//2815 2400//2806
f 2400//2806 2407//2815 2408//2816
f 2400//2806 2408//2816 2401//2807
f 2401//2807 2408//2816 2409//2817
f 2401//2807 2409//2817 2402//2808
f 2402//2808 2409//2817 2410//2818
f 2402//2808 2410//2818 2403//2809
f 2403//2809 2410//2818 2411//2819
f 2403//2809 2411//2819 2404//2810
f 2404//2810 2411//2819 2412//2820
f 2404//2810 2412//2820 2405//2811
f 2405//2811 2412//2820 2292//2821
f 2405//2811 2292//2821 2283//2812
f 2285//2813 2294//2822 2413//2823
f 2285//2813 2413//2823 2406//2814
f 2406//2814 2413//2823 2414//2824
f 2406//2814 2414//2824 2407//2815
f 2407//2815 2414//2824 2415//2825
f 2407//2815 2415//2825 2408//2816
f 2408//2816 2415//2825 2416//2826
f 2408//2816 2416//2826 2409//2817
f 2409//2817 2416//2826 2417//2827
f 2409//2817 2417//2827 2410//2818
f 2410//2818 2417//2827 2418//2828
f 2410//2818 2418//2828 2411//2819
f 2411//2819 2418//2828 2419//2829
f 2411//2819 2419//2829 2412//2820
f 2412//2820 2419//2829 2301//2830
f 2412//2820 2301//2830 2292//2821
f 2294//2822 2303//2831 2420//2832
f 2294//2822 2420//2832 2413//2823
f 2413//2823 2420//2832 2421//2833
f 2413//2823 2421//2833 2414//2824
f 2414//2824 2421//2833 2422//2834
f 2414//2824 2422//2834 2415//2825
f 2415//2825 2422//2834 2423//2835
f 2415//2825 2423//2835 2416//2826
f 2416//2826 2423//2835 2424//2836
f 2416//2826 2424//2836 2417//2827
f 2417//2827 2424//2836 2425//2837
f 2417//2827 2425//2837 2418//2828
f 2418//2828 2425//2837 2426//2838
f 2418//2828 2426//2838 2419//2829
f 2419//2829 2426//2838 2310//2839
f 2419//2829 2310//2839 2301//2830
f 2303//2831 2312//2840 2427//2841
f 2303//2831 2427//2841 2420//2832
f 2420//2832 2427//2841 2428//2842
f 2420//2832 2428//2842 2421//2833
f 2421//2833 2428//2842 2429//2843
f 2421//2833 2429//2843 2422//2834
f 2422//2834 2429//2843 2430//2844
f 2422//2834 2430//2844 2423//2835
f 2423//2835 2430//2844 2431//2845
f 2423//2835 2431//2845 2424//2836
f 2424//2836 2431//2845 2432//2846
f 2424//2836 2432//2846 2425//2837
f 2425//2837 2432//2846 2433//2847
f 2425//2837 2433//2847 2426//2838
f 2426//2838 2433//2847 2319//2848
f 2426//2838 2319//2848 2310//2839
f 2312//2840 2321//2849 2434//2850
f 2312//2840 2434//2850 2427//2841
f 2427//2841 2434//2850 2435//2851
f 2427//2841 2435//2851 2428//2842
f 2428//2842 2435//2851 2436//2852
f 2428//2842 2436//2852 2429//2843
f 2429//2843 2436//2852 2437//2853
f 2429//2843 2437//2853 2430//2844
f 2430//2844 2437//2853 2438//2854
f 2430//2844 2438//2854 2431//2845
f 2431//2845 2438//2854 2439//2855
f 2431//2845 2439//2855 2432//2846
f 2432//2846 2439//2855 2440//2856
f 2432//2846 2440//2856 2433//2847
f 2433//2847 2440//2856 2328//2857
f 2433//2847 2328//2857 2319//2848
f 2321//2849 2330//2858 2441//2859
f 2321//2849 2441//2859 2434//2850
f 2434//2850 2441//2859 2442//2860
f 2434//2850 2442//2860 2435//2851
f 2435//2851 2442//2860 2443//2861
f 2435//2851 2443//2861 2436//2852
f 2436//2852 2443//2861 2444//2862
f 2436//2852 2444//2862 2437//2853
f 2437//2853 2444//2862 2445//2863
f 2437//2853 2445//2863 2438//2854
f 2438//2854 2445//2863 2446//2864
f 2438//2854 2446//2864 2439//2855
f 2439//2855 2446//2864 2447//2865
f 2439//2855 2447//2865 2440//2856
f 2440//2856 2447//2865 2337//2866
f 2440//2856 2337//2866 2328//2857
f 2330//2858 2339//2867 2448//2868
f 2330//2858 2448//2868 2441//2859
f 2441//2859 2448//2868 2449//2869
f 2441//2859 2449//2869 2442//2860
f 2442//2860 2449//2869 2450//2870
f 2442//2860 2450//2870 2443//2861
f 2443//2861 2450//2870 2451//2871
f 2443//2861 2451//2871 2444//2862
f 2444//2862 2451//2871 2452//2872
f 2444//2862 2452//2872 2445//2863
f 2445//2863 2452//2872 2453//2873
f 2445//2863 2453//2873 2446//2864
f 2446//2864 2453//2873 2454//2874
f 2446//2864 2454//2874 2447//2865
f 2447//2865 2454//2874 2346//2875
f 2447//2865 2346//2875 2337//2866
f 2339//2867 2348//2876 2455//2877
f 2339//2867 2455//2877 2448//2868
f 2448//2868 2455//2878 2456//2879
f 2448//2868 2456//2879 2449//2869
f 2449//2869 2456//2880 2457//2881
f 2449//2869 2457//2881 2450//2870
f 2450//2870 2457//2881 2458//2882
f 2450//2870 2458//2882 2451//2871
f 2451//2871 2458//2882 2459//2883
f 2451//2871 2459//2883 2452//2872
f 2452//2872 2459//2883 2460//2884
f 2452//2872 2460//2884 2453//2873
f 2453//2873 2460//2884 2461//2885
f 2453//2873 2461//2885 2454//2874
f 2454//2874 2461//2886 2355//2887
f 2454//2874 2355//2887 2346//2875
f 2348//2749 2462//2888 2455//2889
f 2455//2877 2463//2890 2456//2891
f 2456//2879 2464//2892 2457//2881
f 2457//2881 2465//2893 2458//2882
f 2458//2882 2466//2894 2459//2883
f 2459//2883 2467//2895 2460//2896
f 2460//2897 2468//2898 2461//2899
f 2461//2899 2469//2900 2355//2901
f 2470//2902 2471//2903 2472//2904
f 2470//2902 2472//2904 2473//2905
f 2474//2906 2475//2907 2471//2903
f 2474//2906 2471//2903 2470//2902
f 2476//2908 2477//2909 2475//2907
f 2476//2908 2475//2907 2474//2906
f 2478//2910 2479//2911 2477//2909
f 2478//2910 2477//2909 2476//2908
f 2480//2912 2481//2913 2479//2911
f 2480//2912 2479//2911 2478//2910
f 2482//2914 2483//2915 2481//2913
f 2482//2914 2481//2913 2480//2912
f 2484//2916 2485//2917 2483//2915
f 2484//2916 2483//2915 2482//2914
f 2486//2918 2487//2919 2485//2917
f 2486//2918 2485//2917 2484//2916
f 2471//2903 2488//2920 2489//2921
f 2471//2903 2489//2921 2472//2904
f 2475//2907 2490//2922 2488//2920
f 2475//2907 2488//2920 2471//2903
f 2477//2909 2491//2923 2490//2922
f 2477//2909 2490//2922 2475//2907
f 2479//2911 2492//2924 2491//2923
f 2479//2911 2491//2923 2477//2909
f 2481//2913 2493//2925 2492//2924
f 2481//2913 2492//2924 2479//2911
f 2483//2915 2494//2926 2493//2925
f 2483//2915 2493//2925 2481//2913
f 2485//2917 2495//2927 2494//2926
f 2485//2917 2494//2926 2483//2915
f 2487//2919 2496//2928 2495//2927
f 2487//2919 2495//2927 2485//2917
f 2488//2920 2497//2929 2498//2930
f 2488//2920 2498//2930 2489//2921
f 2490//2922 2499//2931 2497//2929
f 2490//2922 2497//2929 2488//2920
f 2491//2923 2500//2932 2499//2931
f 2491//2923 2499//2931 2490//2922
f 2492//2924 2501//2933 2500//2932
f 2492//2924 2500//2932 2491//2923
f 2493//2925 2502//2934 2501//2933
f 2493//2925 2501//2933 2492//2924
f 2494//2926 2503//2935 2502//2934
f 2494//2926 2502//2934 2493//2925
f 2495//2927 2504//2936 2503//2935
f 2495//2927 2503//2935 2494//2926
f 2496//2928 2505//2937 2504//2936
f 2496//2928 2504//2936 2495//2927
f 2497//2929 2506//2938 2507//2939
f 2497//2929 2507//2939 2498//2930
f 2499//2931 2508//2940 2506//2938
f 2499//2931 2506//2938 2497//2929
f 2500//2932 2509//2941 2508//2940
f 2500//2932 2508//2940 2499//2931
f 2501//2933 2510//2942 2509//2941
f 2501//2933 2509//2941 2500//2932
f 2502//2934 2511//2943 2510//2942
f 2502//2934 2510//2942 2501//2933
f 2503//2935 2512//2944 2511//2943
f 2503//2935 2511//2943 2502//2934
f 2504//2936 2513//2945 2512//2944
f 2504//2936 2512//2944 2503//2935
f 2505//2937 2514//2946 2513//2945
f 2505//2937 2513//2945 2504//2936
f 2506//2938 2515//2947 2516//2948
f 2506//2938 2516//2948 2507//2939
f 2508//2940 2517//2949 2515//2947
f 2508//2940 2515//2947 2506//2938
f 2509//2941 2518//2950 2517//2949
f 2509//2941 2517//2949 2508//2940
f 2510//2942 2519//2951 2518//2950
f 2510//2942 2518//2950 2509//2941
f 2511//2943 2520//2952 2519//2951
f 2511//2943 2519//2951 2510//2942
f 2512//2944 2521//2953 2520//2952
f 2512//2944 2520//2952 2511//2943
f 2513//2945 2522//2954 2521//2953
f 2513//2945 2521//2953 2512//2944
f 2514//2946 2523//2955 2522//2954
f 2514//2946 2522//2954 2513//2945
f 2515//2947 2524//2956 2525//2957
f 2515//2947 2525//2957 2516//2948
f 2517//2949 2526//2958 2524//2956
f 2517//2949 2524//2956 2515//2947
f 2518//2950 2527//2959 2526//2958
f 2518//2950 2526//2958 2517//2949
f 2519//2951 2528//2960 2527//2959
f 2519//2951 2527//2959 2518//2950
f 2520//2952 2529//2961 2528//2960
f 2520//2952 2528//2960 2519//2951
f 2521//2953 2530//2962 2529//2961
f 2521//2953 2529//2961 2520//2952
f 2522//2954 2531//2963 2530//2962
f 2522//2954 2530//2962 2521//2953
f 2523//2955 2532//2964 2531//2963
f 2523//2955 2531//2963 2522//2954
f 2524//2956 2533//2965 2534//2966
f 2524//2956 2534//2966 2525//2957
f 2526//2958 2535//2967 2533//2965
f 2526//2958 2533//2965 2524//2956
f 2527//2959 2536//2968 2535//2967
f 2527//2959 2535//2967 2526//2958
f 2528//2960 2537//2969 2536//2968
f 2528//2960 2536//2968 2527//2959
f 2529//2961 2538//2970 2537//2969
f 2529//2961 2537//2969 2528//2960
f 2530//2962 2539//2971 2538//2970
f 2530//2962 2538//2970 2529//2961
f 2531//2963 2540//2972 2539//2971
f 2531//2963 2539//2971 2530//2962
f 2532//2964 2541//2973 2540//2972
f 2532//2964 2540//2972 2531//2963
f 2533//2965 2542//2974 2543//2975
f 2533//2965 2543//2975 2534//2966
f 2535//2967 2544//2976 2542//2974
f 2535//2967 2542//2974 2533//2965
f 2536//2968 2545//2977 2544//2976
f 2536//2968 2544//2976 2535//2967
f 2537//2969 2546//2978 2545//2977
f 2537//2969 2545//2977 2536//2968
f 2538//2970 2547//2979 2546//2978
f 2538//2970 2546//2978 2537//2969
f 2539//2971 2548//2980 2547//2979
f 2539//2971 2547//2979 2538//2970
f 2540//2972 2549//2981 2548//2980
f 2540//2972 2548//2980 2539//2971
f 2541//2973 2550//2982 2549//2981
f 2541//2973 2549//2981 2540//2972
f 2542//2974 2551//2983 2552//2984
f 2542//2974 2552//2984 2543//2975
f 2544//2976 2553//2985 2551//2983
f 2544//2976 2551//2983 2542//2974
f 2545//2977 2554//2986 2553//2985
f 2545//2977 2553//2985 2544//2976
f 2546//2978 2555//2987 2554//2986
f 2546//2978 2554//2986 2545//2977
f 2547//2979 2556//2988 2555//2987
f 2547//2979 2555//2987 2546//2978
f 2548//2980 2557//2989 2556//2988
f 2548//2980 2556//2988 2547//2979
f 2549//2981 2558//2990 2557//2989
f 2549//2981 2557//2989 2548//2980
f 2550//2982 2559//2991 2558//2990
f 2550//2982 2558//2990 2549//2981
f 2551//2983 2560//2992 2561//2993
f 2551//2983 2561//2993 2552//2984
f 2553//2985 2562//2994 2560//2992
f 2553//2985 2560//2992 2551//2983
f 2554//2986 2563//2995 2562//2994
f 2554//2986 2562//2994 2553//2985
f 2555//2987 2564//2996 2563//2995
f 2555//2987 2563//2995 2554//2986
f 2556//2988 2565//2997 2564//2996
f 2556//2988 2564//2996 2555//2987
f 2557//2989 2566//2998 2565//2997
f 2557//2989 2565//2997 2556//2988
f 2558//2990 2567//2999 2566//2998
f 2558//2990 2566//2998 2557//2989
f 2559//2991 2568//3000 2567//2999
f 2559//2991 2567//2999 2558//2990
f 2560//2992 2569//3001 2570//3002
f 2560//2992 2570//3002 2561//2993
f 2562//2994 2571//3003 2569//3001
f 2562//2994 2569//3001 2560//2992
f 2563//2995 2572//3004 2571//3003
f 2563//2995 2571//3003 2562//2994
f 2564//2996 2573//3005 2572//3004
f 2564//2996 2572//3004 2563//2995
f 2565//2997 2574//3006 2573//3005
f 2565//2997 2573//3005 2564//2996
f 2566//2998 2575//3007 2574//3006
f 2566//2998 2574//3006 2565//2997
f 2567//2999 2576//3008 2575//3007
f 2567//2999 2575//3007 2566//2998
f 2568//3000 2577//3009 2576//3008
f 2568//3000 2576//3008 2567//2999
f 2569//3001 2578//3010 2579//3011
f 2569//3001 2579//3011 2570//3002
f 2571//3003 2580//3012 2578//3010
f 2571//3003 2578//3010 2569//3001
f 2572//3004 2581//3013 2580//3012
f 2572//3004 2580//3012 2571//3003
f 2573//3005 2582//3014 2581//3013
f 2573//3005 2581//3013 2572//3004
f 2574//3006 2583//3015 2582//3014
f 2574//3006 2582//3014 2573//3005
f 2575//3007 2584//3016 2583//3015
f 2575//3007 2583//3015 2574//3006
f 2576//3008 2585//3017 2584//3016
f 2576//3008 2584//3016 2575//3007
f 2577//3009 2586//3018 2585//3017
f 2577//3009 2585//3017 2576//3008
f 2578//3010 2587//3019 2588//3020
f 2578//3010 2588//3020 2579//3011
f 2580//3012 2589//3021 2587//3019
f 2580//3012 2587//3019 2578//3010
f 2581//3013 2590//3022 2589//3021
f 2581//3013 2589//3021 2580//3012
f 2582//3014 2591//3023 2590//3022
f 2582//3014 2590//3022 2581//3013
f 2583//3015 2592//3024 2591//3023
f 2583//3015 2591//3023 2582//3014
f 2584//3016 2593//3025 2592//3024
f 2584//3016 2592//3024 2583//3015
f 2585//3017 2594//3026 2593//3025
f 2585//3017 2593//3025 2584//3016
f 2586//3018 2595//3027 2594//3028
f 2586//3018 2594//3028 2585//3017
f 2587//3019 2596//3029 2588//3030
f 2589//3021 2597//3031 2587//3019
f 2590//3022 2598//3032 2589//3021
f 2591//3023 2599//3033 2590//3022
f 2592//3024 2600//3034 2591//3023
f 2593//3025 2601//3035 2592//3024
f 2594//3028 2602//3036 2593//3025
f 2595//3037 2603//3038 2594//3039
f 2473//3040 2472//3041 2604//3042
f 2473//3040 2604//3042 2605//3043
f 2605//3043 2604//3042 2606//3044
f 2605//3043 2606//3044 2607//3045
f 2607//3045 2606//3044 2608//3046
f 2607//3045 2608//3046 2609//3047
f 2609//3047 2608//3046 2610//3048
f 2609//3047 2610//3048 2611//3049
f 2611//3049 2610//3048 2612//3050
f 2611//3049 2612//3050 2613//3051
f 2613//3051 2612//3050 2614//3052
f 2613//3051 2614//3052 2615//3053
f 2615//3053 2614//3052 2616//3054
f 2615//3053 2616//3054 2617//3055
f 2617//3055 2616//3054 2487//3056
f 2617//3055 2487//3056 2486//3057
f 2472//3041 2489//3058 2618//3059
f 2472//3041 2618//3059 2604//3042
f 2604//3042 2618//3059 2619//3060
f 2604//3042 2619//3060 2606//3044
f 2606//3044 2619//3060 2620//3061
f 2606//3044 2620//3061 2608//3046
f 2608//3046 2620//3061 2621//3062
f 2608//3046 2621//3062 2610//3048
f 2610//3048 2621//3062 2622//3063
f 2610//3048 2622//3063 2612//3050
f 2612//3050 2622//3063 2623//3064
f 2612//3050 2623//3064 2614//3052
f 2614//3052 2623//3064 2624//3065
f 2614//3052 2624//3065 2616//3054
f 2616//3054 2624//3065 2496//3066
f 2616//3054 2496//3066 2487//3056
f 2489//3058 2498//3067 2625//3068
f 2489//3058 2625//3068 2618//3059
f 2618//3059 2625//3068 2626//3069
f 2618//3059 2626//3069 2619//3060
f 2619//3060 2626//3069 2627//3070
f 2619//3060 2627//3070 2620//3061
f 2620//3061 2627//3070 2628//3071
f 2620//3061 2628//3071 2621//3062
f 2621//3062 2628//3071 2629//3072
f 2621//3062 2629//3072 2622//3063
f 2622//3063 2629//3072 2630//3073
f 2622//3063 2630//3073 2623//3064
f 2623//3064 2630//3073 2631//3074
f 2623//3064 2631//3074 2624//3065
f 2624//3065 2631//3074 2505//3075
f 2624//3065 2505//3075 2496//3066
f 2498//3067 2507//3076 2632//3077
f 2498//3067 2632//3077 2625//3068
f 2625//3068 2632//3077 2633//3078
f 2625//3068 2633//3078 2626//3069
f 2626//3069 2633//3078 2634//3079
f 2626//3069 2634//3079 2627//3070
f 2627//3070 2634//3079 2635//3080
f 2627//3070 2635//3080 2628//3071
f 2628//3071 2635//3080 2636//3081
f 2628//3071 2636//3081 2629//3072
f 2629//3072 2636//3081 2637//3082
f 2629//3072 2637//3082 2630//3073
f 2630//3073 2637//3082 2638//3083
f 2630//3073 2638//3083 2631//3074
f 2631//3074 2638//3083 2514//3084
f 2631//3074 2514//3084 2505//3075
f 2507//3076 2516//3085 2639//3086
f 2507//3076 2639//3086 2632//3077
f 2632//3077 2639//3086 2640//3087
f 2632//3077 2640//3087 2633//3078
f 2633//3078 2640//3087 2641//3088
f 2633//3078 2641//3088 2634//3079
f 2634//3079 2641//3088 2642//3089
f 2634//3079 2642//3089 2635//3080
f 2635//3080 2642//3089 2643//3090
f 2635//3080 2643//3090 2636//3081
f 2636//3081 2643//3090 2644//3091
f 2636//3081 2644//3091 2637//3082
f 2637//3082 2644//3091 2645//3092
f 2637//3082 2645//3092 2638//3083
f 2638//3083 2645//3092 2523//3093
f 2638//3083 2523//3093 2514//3084
f 2516//3085 2525//3094 2646//3095
f 2516//3085 2646//3095 2639//3086
f 2639//3086 2646//3095 2647//3096
f 2639//3086 2647//3096 2640//3087
f 2640//3087 2647//3096 2648//3097
f 2640//3087 2648//3097 2641//3088
f 2641//3088 2648//3097 2649//3098
f 2641//3088 2649//3098 2642//3089
f 2642//3089 2649//3098 2650//3099
f 2642//3089 2650//3099 2643//3090
f 2643//3090 2650//3099 2651//3100
f 2643//3090 2651//3100 2644//3091
f 2644//3091 2651//3100 2652//3101
f 2644//3091 2652//3101 2645//3092
f 2645//3092 2652//3101 2532//3102
f 2645//3092 2532//3102 2523//3093
f 2525//3094 2534//3103 2653//3104
f 2525//3094 2653//3104 2646//3095
f 2646//3095 2653//3104 2654//3105
f 2646//3095 2654//3105 2647//3096
f 2647//3096 2654//3105 2655//3106
f 2647//3096 2655//3106 2648//3097
f 2648//3097 2655//3106 2656//3107
f 2648//3097 2656//3107 2649//3098
f 2649//3098 2656//3107 2657//3108
f 2649//3098 2657//3108 2650//3099
f 2650//3099 2657//3108 2658//3109
f 2650//3099 2658//3109 2651//3100
f 2651//3100 2658//3109 2659//3110
f 2651//3100 2659//3110 2652//3101
f 2652//3101 2659//3110 2541//3111
f 2652//3101 2541//3111 2532//3102
f 2534//3103 2543//3112 2660//3113
f 2534//3103 2660//3113 2653//3104
f 2653//3104 2660//3113 2661//3114
f 2653//3104 2661//3114 2654//3105
f 2654//3105 2661//3114 2662//3115
f 2654//3105 2662//3115 2655//3106
f 2655//3106 2662//3115 2663//3116
f 2655//3106 2663//3116 2656//3107
f 2656//3107 2663//3116 2664//3117
f 2656//3107 2664//3117 2657//3108
f 2657//3108 2664//3117 2665//3118
f 2657//3108 2665//3118 2658//3109
f 2658//3109 2665//3118 2666//3119
f 2658//3109 2666//3119 2659//3110
f 2659//3110 2666//3119 2550//3120
f 2659//3110 2550//3120 2541//3111
f 2543//3112 2552//3121 2667//3122
f 2543//3112 2667//3122 2660//3113
f 2660//3113 2667//3122 2668//3123
f 2660//3113 2668//3123 2661//3114
f 2661//3114 2668//3123 2669//3124
f 2661//3114 2669//3124 2662//3115
f 2662//3115 2669//3124 2670//3125
f 2662//3115 2670//3125 2663//3116
f 2663//3116 2670//3125 2671//3126
f 2663//3116 2671//3126 2664//3117
f 2664//3117 2671//3126 2672//3127
f 2664//3117 2672//3127 2665//3118
f 2665//3118 2672//3127 2673//3128
f 2665//3118 2673//3128 2666//3119
f 2666//3119 2673//3128 2559//3129
f 2666//3119 2559//3129 2550//3120
f 2552//3121 2561//3130 2674//3131
f 2552//3121 2674//3131 2667//3122
f 2667//3122 2674//3131 2675//3132
f 2667//3122 2675//3132 2668//3123
f 2668//3123 2675//3132 2676//3133
f 2668//3123 2676//3133 2669//3124
f 2669//3124 2676//3133 2677//3134
f 2669//3124 2677//3134 2670//3125
f 2670//3125 2677//3134 2678//3135
f 2670//3125 2678//3135 2671//3126
f 2671//3126 2678//3135 2679//3136
f 2671//3126 2679//3136 2672//3127
f 2672//3127 2679//3136 2680//3137
f 2672//3127 2680//3137 2673//3128
f 2673//3128 2680//3137 2568//3138
f 2673//3128 2568//3138 2559//3129
f 2561//3130 2570//3139 2681//3140
f 2561//3130 2681//3140 2674//3131
f 2674//3131 2681//3140 2682//3141
f 2674//3131 2682//3141 2675//3132
f 2675//3132 2682//3141 2683//3142
f 2675//3132 2683//3142 2676//3133
f 2676//3133 2683//3142 2684//3143
f 2676//3133 2684//3143 2677//3134
f 2677//3134 2684//3143 2685//3144
f 2677//3134 2685//3144 2678//3135
f 2678//3135 2685//3144 2686//3145
f 2678//3135 2686//3145 2679//3136
f 2679//3136 2686//3145 2687//3146
f 2679//3136 2687//3146 2680//3137
f 2680//3137 2687//3146 2577//3147
f 2680//3137 2577//3147 2568//3138
f 2570//3139 2579//3148 2688//3149
f 2570//3139 2688//3149 2681//3140
f 2681//3140 2688//3149 2689//3150
f 2681//3140 2689//3150 2682//3141
f 2682//3141 2689//3150 2690//3151
f 2682//3141 2690//3151 2683//3142
f 2683//3142 2690//3151 2691//3152
f 2683//3142 2691//3152 2684//3143
f 2684//3143 2691//3152 2692//3153
f 2684//3143 2692//3153 2685//3144
f 2685//3144 2692//3153 2693//3154
f 2685//3144 2693//3154 2686//3145
f 2686//3145 2693//3154 2694//3155
f 2686//3145 2694//3155 2687//3146
f 2687//3146 2694//3155 2586//3156
f 2687//3146 2586//3156 2577//3147
f 2579//3148 2588//3157 2695//3158
f 2579//3148 2695//3158 2688//3149
f 2688//3149 2695//3159 2696//3160
f 2688//3149 2696//3160 2689//3150
f 2689//3150 2696//3161 2697//3162
f 2689//3150 2697//3162 2690//3151
f 2690//3151 2697//3162 2698//3163
f 2690//3151 2698//3163 2691//3152
f 2691//3152 2698//3163 2699//3164
f 2691//3152 2699//3164 2692//3153
f 2692//3153 2699//3164 2700//3165
f 2692//3153 2700//3165 2693//3154
f 2693//3154 2700//3165 2701//3166
f 2693//3154 2701//3166 2694//3155
f 2694//3155 2701//3167 2595//3168
f 2694//3155 2595//3168 2586//3156
f 2588//3030 2702//3169 2695//3170
f 2695//3158 2703//3171 2696//3172
f 2696//3160 2704//3173 2697//3162
f 2697//3162 2705//3174 2698//3163
f 2698//3163 2706//3175 2699//3164
f 2699//3164 2707//3176 2700//3177
f 2700//3178 2708//3179 2701//3180
f 2701//3180 2709//3181 2595//3182
f 2710//3183 2711//3184 2712//3185
f 2710//3183 2712//3185 2713//3186
f 2714//3187 2715//3188 2711//3184
f 2714//3187 2711//3184 2710//3183
f 2716//3189 2717//3190 2715//3188
f 2716//3189 2715//3188 2714//3187
f 2718//3191 2719//3192 2717//3190
f 2718//3191 2717//3190 2716//3189
f 2720//3193 2721//3194 2719//3192
f 2720//3193 2719//3192 2718//3191
f 2722//3195 2723//3196 2721//3194
f 2722//3195 2721//3194 2720//3193
f 2724//3197 2725//3198 2723//3196
f 2724//3197 2723//3196 2722//3195
f 2726//3199 2727//3200 2725//3198
f 2726//3199 2725//3198 2724//3197
f 2711//3184 2728//3201 2729//3202
f 2711//3184 2729//3202 2712//3185
f 2715//3188 2730//3203 2728//3201
f 2715//3188 2728//3201 2711//3184
f 2717//3190 2731//3204 2730//3203
f 2717//3190 2730//3203 2715//3188
f 2719//3192 2732//3205 2731//3204
f 2719//3192 2731//3204 2717//3190
f 2721//3194 2733//3206 2732//3205
f 2721//3194 2732//3205 2719//3192
f 2723//3196 2734//3207 2733//3206
f 2723//3196 2733//3206 2721//3194
f 2725//3198 2735//3208 2734//3207
f 2725//3198 2734//3207 2723//3196
f 2727//3200 2736//3209 2735//3208
f 2727//3200 2735//3208 2725//3198
f 2728//3201 2737//3210 2738//3211
f 2728//3201 2738//3211 2729//3202
f 2730//3203 2739//3212 2737//3210
f 2730//3203 2737//3210 2728//3201
f 2731//3204 2740//3213 2739//3212
f 2731//3204 2739//3212 2730//3203
f 2732//3205 2741//3214 2740//3213
f 2732//3205 2740//3213 2731//3204
f 2733//3206 2742//3215 2741//3214
f 2733//3206 2741//3214 2732//3205
f 2734//3207 2743//3216 2742//3215
f 2734//3207 2742//3215 2733//3206
f 2735//3208 2744//3217 2743//3216
f 2735//3208 2743//3216 2734//3207
f 2736//3209 2745//3218 2744//3217
f 2736//3209 2744//3217 2735//3208
f 2737//3210 2746//3219 2747//3220
f 2737//3210 2747//3220 2738//3211
f 2739//3212 2748//3221 2746//3219
f 2739//3212 2746//3219 2737//3210
f 2740//3213 2749//3222 2748//3221
f 2740//3213 2748//3221 2739//3212
f 2741//3214 2750//3223 2749//3222
f 2741//3214 2749//3222 2740//3213
f 2742//3215 2751//3224 2750//3223
f 2742//3215 2750//3223 2741//3214
f 2743//3216 2752//3225 2751//3224
f 2743//3216 2751//3224 2742//3215
f 2744//3217 2753//3226 2752//3225
f 2744//3217 2752//3225 2743//3216
f 2745//3218 2754//3227 2753//3226
f 2745//3218 2753//3226 2744//3217
f 2746//3219 2755//3228 2756//3229
f 2746//3219 2756//3229 2747//3220
f 2748//3221 2757//3230 2755//3228
f 2748//3221 2755//3228 2746//3219
f 2749//3222 2758//3231 2757//3230
f 2749//3222 2757//3230 2748//3221
f 2750//3223 2759//3232 2758//3231
f 2750//3223 2758//3231 2749//3222
f 2751//3224 2760//3233 2759//3232
f 2751//3224 2759//3232 2750//3223
f 2752//3225 2761//3234 2760//3233
f 2752//3225 2760//3233 2751//3224
f 2753//3226 2762//3235 2761//3234
f 2753//3226 2761//3234 2752//3225
f 2754//3227 2763//3236 2762//3235
f 2754//3227 2762//3235 2753//3226
f 2755//3228 2764//3237 2765//3238
f 2755//3228 2765//3238 2756//3229
f 2757//3230 2766//3239 2764//3237
f 2757//3230 2764//3237 2755//3228
f 2758//3231 2767//3240 2766//3239
f 2758//3231 2766//3239 2757//3230
f 2759//3232 2768//3241 2767//3240
f 2759//3232 2767//3240 2758//3231
f 2760//3233 2769//3242 2768//3241
f 2760//3233 2768//3241 2759//3232
f 2761//3234 2770//3243 2769//3242
f 2761//3234 2769//3242 2760//3233
f 2762//3235 2771//3244 2770//3243
f 2762//3235 2770//3243 2761//3234
f 2763//3236 2772//3245 2771//3244
f 2763//3236 2771//3244 2762//3235
f 2764//3237 2773//3246 2774//3247
f 2764//3237 2774//3247 2765//3238
f 2766//3239 2775//3248 2773//3246
f 2766//3239 2773//3246 2764//3237
f 2767//3240 2776//3249 2775//3248
f 2767//3240 2775//3248 2766//3239
f 2768//3241 2777//3250 2776//3249
f 2768//3241 2776//3249 2767//3240
f 2769//3242 2778//3251 2777//3250
f 2769//3242 2777//3250 2768//3241
f 2770//3243 2779//3252 2778//3251
f 2770//3243 2778//3251 2769//3242
f 2771//3244 2780//3253 2779//3252
f 2771//3244 2779//3252 2770//3243
f 2772//3245 2781//3254 2780//3253
f 2772//3245 2780//3253 2771//3244
f 2773//3246 2782//3255 2783//3256
f 2773//3246 2783//3256 2774//3247
f 2775//3248 2784//3257 2782//3255
f 2775//3248 2782//3255 2773//3246
f 2776//3249 2785//3258 2784//3257
f 2776//3249 2784//3257 2775//3248
f 2777//3250 2786//3259 2785//3258
f 2777//3250 2785//3258 2776//3249
f 2778//3251 2787//3260 2786//3259
f 2778//3251 2786//3259 2777//3250
f 2779//3252 2788//3261 2787//3260
f 2779//3252 2787//3260 2778//3251
f 2780//3253 2789//3262 2788//3261
f 2780//3253 2788//3261 2779//3252
f 2781//3254 2790//3263 2789//3262
f 2781//3254 2789//3262 2780//3253
f 2782//3255 2791//3264 2792//3265
f 2782//3255 2792//3265 2783//3256
f 2784//3257 2793//3266 2791//3264
f 2784//3257 2791//3264 2782//3255
f 2785//3258 2794//3267 2793//3266
f 2785//3258 2793//3266 2784//3257
f 2786//3259 2795//3268 2794//3267
f 2786//3259 2794//3267 2785//3258
f 2787//3260 2796//3269 2795//3268
f 2787//3260 2795//3268 2786//3259
f 2788//3261 2797//3270 2796//3269
f 2788//3261 2796//3269 2787//3260
f 2789//3262 2798//3271 2797//3270
f 2789//3262 2797//3270 2788//3261
f 2790//3263 2799//3272 2798//3271
f 2790//3263 2798//3271 2789//3262
f 2791//3264 2800//3273 2801//3274
f 2791//3264 2801//3274 2792//3265
f 2793//3266 2802//3275 2800//3273
f 2793//3266 2800//3273 2791//3264
f 2794//3267 2803//3276 2802//3275
f 2794//3267 2802//3275 2793//3266
f 2795//3268 2804//3277 2803//3276
f 2795//3268 2803//3276 2794//3267
f 2796//3269 2805//3278 2804//3277
f 2796//3269 2804//3277 2795//3268
f 2797//3270 2806//3279 2805//3278
f 2797//3270 2805//3278 2796//3269
f 2798//3271 2807//3280 2806//3279
f 2798//3271 2806//3279 2797//3270
f 2799//3272 2808//3281 2807//3280
f 2799//3272 2807//3280 2798//3271
f 2800//3273 2809//3282 2810//3283
f 2800//3273 2810//3283 2801//3274
f 2802//3275 2811//3284 2809//3282
f 2802//3275 2809//3282 2800//3273
f 2803//3276 2812//3285 2811//3284
f 2803//3276 2811//3284 2802//3275
f 2804//3277 2813//3286 2812//3285
f 2804//3277 2812//3285 2803//3276
f 2805//3278 2814//3287 2813//3286
f 2805//3278 2813//3286 2804//3277
f 2806//3279 2815//3288 2814//3287
f 2806//3279 2814//3287 2805//3278
f 2807//3280 2816//3289 2815//3288
f 2807//3280 2815//3288 2806//3279
f 2808//3281 2817//3290 2816//3289
f 2808//3281 2816//3289 2807//3280
f 2809//3282 2818//3291 2819//3292
f 2809//3282 2819//3292 2810//3283
f 2811//3284 2820//3293 2818//3291
f 2811//3284 2818//3291 2809//3282
f 2812//3285 2821//3294 2820//3293
f 2812//3285 2820//3293 2811//3284
f 2813//3286 2822//3295 2821//3294
f 2813//3286 2821//3294 2812//3285
f 2814//3287 2823//3296 2822//3295
f 2814//3287 2822//3295 2813//3286
f 2815//3288 2824//3297 2823//3296
f 2815//3288 2823//3296 2814//3287
f 2816//3289 2825//3298 2824//3297
f 2816//3289 2824//3297 2815//3288
f 2817//3290 2826//3299 2825//3298
f 2817//3290 2825//3298 2816//3289
f 2818//3291 2827//3300 2828//3301
f 2818//3291 2828//3301 2819//3292
f 2820//3293 2829//3302 2827//3300
f 2820//3293 2827//3300 2818//3291
f 2821//3294 2830//3303 2829//3302
f 2821//3294 2829//3302 2820//3293
f 2822//3295 2831//3304 2830//3303
f 2822//3295 2830//3303 2821//3294
f 2823//3296 2832//3305 2831//3304
f 2823//3296 2831//3304 2822//3295
f 2824//3297 2833//3306 2832//3305
f 2824//3297 2832//3305 2823//3296
f 2825//3298 2834//3307 2833//3306
f 2825//3298 2833//3306 2824//3297
f 2826//3299 2835//3308 2834//3309
f 2826//3299 2834//3309 2825//3298
f 2827//3300 2836//3310 2828//3311
f 2829//3302 2837//3312 2827//3300
f 2830//3303 2838//3313 2829//3302
f 2831//3304 2839//3314 2830//3303
f 2832//3305 2840//3315 2831//3304
f 2833//3306 2841//3316 2832//3305
f 2834//3309 2842//3317 2833//3306
f 2835//3318 2843//3319 2834//3320
f 2713//3321 2712//3322 2844//3323
f 2713//3321 2844//3323 2845//3324
f 2845//3324 2844//3323 2846//3325
f 2845//3324 2846//3325 2847//3326
f 2847//3326 2846//3325 2848//3327
f 2847//3326 2848//3327 2849//3328
f 2849//3328 2848//3327 2850//3329
f 2849//3328 2850//3329 2851//3330
f 2851//3330 2850//3329 2852//3331
f 2851//3330 2852//3331 2853//3332
f 2853//3332 2852//3331 2854//3333
f 2853//3332 2854//3333 2855//3334
f 2855//3334 2854//3333 2856//3335
f 2855//3334 2856//3335 2857//3336
f 2857//3336 2856//3335 2727//3337
f 2857//3336 2727//3337 2726//3338
f 2712//3322 2729//3339 2858//3340
f 2712//3322 2858//3340 2844//3323
f 2844//3323 2858//3340 2859//3341
f 2844//3323 2859//3341 2846//3325
f 2846//3325 2859//3341 2860//3342
f 2846//3325 2860//3342 2848//3327
f 2848//3327 2860//3342 2861//3343
f 2848//3327 2861//3343 2850//3329
f 2850//3329 2861//3343 2862//3344
f 2850//3329 2862//3344 2852//3331
f 2852//3331 2862//3344 2863//3345
f 2852//3331 2863//3345 2854//3333
f 2854//3333 2863//3345 2864//3346
f 2854//3333 2864//3346 2856//3335
f 2856//3335 2864//3346 2736//3347
f 2856//3335 2736//3347 2727//3337
f 2729//3339 2738//3348 2865//3349
f 2729//3339 2865//3349 2858//3340
f 2858//3340 2865//3349 2866//3350
f 2858//3340 2866//3350 2859//3341
f 2859//3341 2866//3350 2867//3351
f 2859//3341 2867//3351 2860//3342
f 2860//3342 2867//3351 2868//3352
f 2860//3342 2868//3352 2861//3343
f 2861//3343 2868//3352 2869//3353
f 2861//3343 2869//3353 2862//3344
f 2862//3344 2869//3353 2870//3354
f 2862//3344 2870//3354 2863//3345
f 2863//3345 2870//3354 2871//3355
f 2863//3345 2871//3355 2864//3346
f 2864//3346 2871//3355 2745//3356
f 2864//3346 2745//3356 2736//3347
f 2738//3348 2747//3357 2872//3358
f 2738//3348 2872//3358 2865//3349
f 2865//3349 2872//3358 2873//3359
f 2865//3349 2873//3359 2866//3350
f 2866//3350 2873//3359 2874//3360
f 2866//3350 2874//3360 2867//3351
f 2867//3351 2874//3360 2875//3361
f 2867//3351 2875//3361 2868//3352
f 2868//3352 2875//3361 2876//3362
f 2868//3352 2876//3362 2869//3353
f 2869//3353 2876//3362 2877//3363
f 2869//3353 2877//3363 2870//3354
f 2870//3354 2877//3363 2878//3364
f 2870//3354 2878//3364 2871//3355
f 2871//3355 2878//3364 2754//3365
f 2871//3355 2754//3365 2745//3356
f 2747//3357 2756//3366 2879//3367
f 2747//3357 2879//3367 2872//3358
f 2872//3358 2879//3367 2880//3368
f 2872//3358 2880//3368 2873//3359
f 2873//3359 2880//3368 2881//3369
f 2873//3359 2881//3369 2874//3360
f 2874//3360 2881//3369 2882//3370
f 2874//3360 2882//3370 2875//3361
f 2875//3361 2882//3370 2883//3371
f 2875//3361 2883//3371 2876//3362
f 2876//3362 2883//3371 2884//3372
f 2876//3362 2884//3372 2877//3363
f 2877//3363 2884//3372 2885//3373
f 2877//3363 2885//3373 2878//3364
f 2878//3364 2885//3373 2763//3374
f 2878//3364 2763//3374 2754//3365
f 2756//3366 2765//3375 2886//3376
f 2756//3366 2886//3376 2879//3367
f 2879//3367 2886//3376 2887//3377
f 2879//3367 2887//3377 2880//3368
f 2880//3368 2887//3377 2888//3378
f 2880//3368 2888//3378 2881//3369
f 2881//3369 2888//3378 2889//3379
f 2881//3369 2889//3379 2882//3370
f 2882//3370 2889//3379 2890//3380
f 2882//3370 2890//3380 2883//3371
f 2883//3371 2890//3380 2891//3381
f 2883//3371 2891//3381 2884//3372
f 2884//3372 2891//3381 2892//3382
f 2884//3372 2892//3382 2885//3373
f 2885//3373 2892//3382 2772//3383
f 2885//3373 2772//3383 2763//3374
f 2765//3375 2774//3384 2893//3385
f 2765//3375 2893//3385 2886//3376
f 2886//3376 2893//3385 2894//3386
f 2886//3376 2894//3386 2887//3377
f 2887//3377 2894//3386 2895//3387
f 2887//3377 2895//3387 2888//3378
f 2888//3378 2895//3387 2896//3388
f 2888//3378 2896//3388 2889//3379
f 2889//3379 2896//3388 2897//3389
f 2889//3379 2897//3389 2890//3380
f 2890//3380 2897//3389 2898//3390
f 2890//3380 2898//3390 2891//3381
f 2891//3381 2898//3390 2899//3391
f 2891//3381 2899//3391 2892//3382
f 2892//3382 2899//3391 2781//3392
f 2892//3382 2781//3392 2772//3383
f 2774//3384 2783//3393 2900//3394
f 2774//3384 2900//3394 2893//3385
f 2893//3385 2900//3394 2901//3395
f 2893//3385 2901//3395 2894//3386
f 2894//3386 2901//3395 2902//3396
f 2894//3386 2902//3396 2895//3387
f 2895//3387 2902//3396 2903//3397
f 2895//3387 2903//3397 2896//3388
f 2896//3388 2903//3397 2904//3398
f 2896//3388 2904//3398 2897//3389
f 2897//3389 2904//3398 2905//3399
f 2897//3389 2905//3399 2898//3390
f 2898//3390 2905//3399 2906//3400
f 2898//3390 2906//3400 2899//3391
f 2899//3391 2906//3400 2790//3401
f 2899//3391 2790//3401 2781//3392
f 2783//3393 2792//3402 2907//3403
f 2783//3393 2907//3403 2900//3394
f 2900//3394 2907//3403 2908//3404
f 2900//3394 2908//3404 2901//3395
f 2901//3395 2908//3404 2909//3405
f 2901//3395 2909//3405 2902//3396
f 2902//3396 2909//3405 2910//3406
f 2902//3396 2910//3406 2903//3397
f 2903//3397 2910//3406 2911//3407
f 2903//3397 2911//3407 2904//3398
f 2904//3398 2911//3407 2912//3408
f 2904//3398 2912//3408 2905//3399
f 2905//3399 2912//3408 2913//3409
f 2905//3399 2913//3409 2906//3400
f 2906//3400 2913//3409 2799//3410
f 2906//3400 2799//3410 2790//3401
f 2792//3402 2801//3411 2914//3412
f 2792//3402 2914//3412 2907//3403
f 2907//3403 2914//3412 2915//3413
f 2907//3403 2915//3413 2908//3404
f 2908//3404 2915//3413 2916//3414
f 2908//3404 2916//3414 2909//3405
f 2909//3405 2916//3414 2917//3415
f 2909//3405 2917//3415 2910//3406
f 2910//3406 2917//3415 2918//3416
f 2910//3406 2918//3416 2911//3407
f 2911//3407 2918//3416 2919//3417
f 2911//3407 2919//3417 2912//3408
f 2912//3408 2919//3417 2920//3418
f 2912//3408 2920//3418 2913//3409
f 2913//3409 2920//3418 2808//3419
f 2913//3409 2808//3419 2799//3410
f 2801//3411 2810//3420 2921//3421
f 2801//3411 2921//3421 2914//3412
f 2914//3412 2921//3421 2922//3422
f 2914//3412 2922//3422 2915//3413
f 2915//3413 2922//3422 2923//3423
f 2915//3413 2923//3423 2916//3414
f 2916//3414 2923//3423 2924//3424
f 2916//3414 2924//3424 2917//3415
f 2917//3415 2924//3424 2925//3425
f 2917//3415 2925//3425 2918//3416
f 2918//3416 2925//3425 2926//3426
f 2918//3416 2926//3426 2919//3417
f 2919//3417 2926//3426 2927//3427
f 2919//3417 2927//3427 2920//3418
f 2920//3418 2927//3427 2817//3428
f 2920//3418 2817//3428 2808//3419
f 2810//3420 2819//3429 2928//3430
f 2810//3420 2928//3430 2921//3421
f 2921//3421 2928//3430 2929//3431
f 2921//3421 2929//3431 2922//3422
f 2922//3422 2929//3431 2930//3432
f 2922//3422 2930//3432 2923//3423
f 2923//3423 2930//3432 2931//3433
f 2923//3423 2931//3433 2924//3424
f 2924//3424 2931//3433 2932//3434
f 2924//3424 2932//3434 2925//3425
f 2925//3425 2932//3434 2933//3435
f 2925//3425 2933//3435 2926//3426
f 2926//3426 2933//3435 2934//3436
f 2926//3426 2934//3436 2927//3427
f 2927//3427 2934//3436 2826//3437
f 2927//3427 2826//3437 2817//3428
f 2819//3429 2828//3438 2935//3439
f 2819//3429 2935//3439 2928//3430
f 2928//3430 2935//3440 2936//3441
f 2928//3430 2936//3441 2929//3431
f 2929//3431 2936//3442 2937//3443
f 2929//3431 2937//3443 2930//3432
f 2930//3432 2937//3443 2938//3444
f 2930//3432 2938//3444 2931//3433
f 2931//3433 2938//3444 2939//3445
f 2931//3433 2939//3445 2932//3434
f 2932//3434 2939//3445 2940//3446
f 2932//3434 2940//3446 2933//3435
f 2933//3435 2940//3446 2941//3447
f 2933//3435 2941//3447 2934//3436
f 2934//3436 2941//3448 2835//3449
f 2934//3436 2835//3449 2826//3437
f 2828//3311 2942//3450 2935//3451
f 2935//3439 2943//3452 2936//3453
f 2936//3441 2944//3454 2937//3443
f 2937//3443 2945//3455 2938//3444
f 2938//3444 2946//3456 2939//3445
f 2939//3445 2947//3457 2940//3458
f 2940//3459 2948//3460 2941//3461
f 2941//3461 2949//3462 2835//3463
f 2950//3464 2951//3465 2952//3466
f 2950//3464 2952//3466 2953//3467
f 2954//3468 2955//3469 2951//3465
f 2954//3468 2951//3465 2950//3464
f 2956//3470 2957//3471 2955//3469
f 2956//3470 2955//3469 2954//3468
f 2958//3472 2959//3473 2957//3471
f 2958//3472 2957//3471 2956//3470
f 2960//3474 2961//3475 2959//3473
f 2960//3474 2959//3473 2958//3472
f 2962//3476 2963//3477 2961//3475
f 2962//3476 2961//3475 2960//3474
f 2964//3478 2965//3479 2963//3477
f 2964//3478 2963//3477 2962//3476
f 2966//3480 2967//3481 2965//3479
f 2966//3480 2965//3479 2964//3478
f 2951//3465 2968//3482 2969//3483
f 2951//3465 2969//3483 2952//3466
f 2955//3469 2970//3484 2968//3482
f 2955//3469 2968//3482 2951//3465
f 2957//3471 2971//3485 2970//3484
f 2957//3471 2970//3484 2955//3469
f 2959//3473 2972//3486 2971//3485
f 2959//3473 2971//3485 2957//3471
f 2961//3475 2973//3487 2972//3486
f 2961//3475 2972//3486 2959//3473
f 2963//3477 2974//3488 2973//3487
f 2963//3477 2973//3487 2961//3475
f 2965//3479 2975//3489 2974//3488
f 2965//3479 2974//3488 2963//3477
f 2967//3481 2976//3490 2975//3489
f 2967//3481 2975//3489 2965//3479
f 2968//3482 2977//3491 2978//3492
f 2968//3482 2978//3492 2969//3483
f 2970//3484 2979//3493 2977//3491
f 2970//3484 2977//3491 2968//3482
f 2971//3485 2980//3494 2979//3493
f 2971//3485 2979//3493 2970//3484
f 2972//3486 2981//3495 2980//3494
f 2972//3486 2980//3494 2971//3485
f 2973//3487 2982//3496 2981//3495
f 2973//3487 2981//3495 2972//3486
f 2974//3488 2983//3497 2982//3496
f 2974//3488 2982//3496 2973//3487
f 2975//3489 2984//3498 2983//3497
f 2975//3489 2983//3497 2974//3488
f 2976//3490 2985//3499 2984//3498
f 2976//3490 2984//3498 2975//3489
f 2977//3491 2986//3500 2987//3501
f 2977//3491 2987//3501 2978//3492
f 2979//3493 2988//3502 2986//3500
f 2979//3493 2986//3500 2977//3491
f 2980//3494 2989//3503 2988//3502
f 2980//3494 2988//3502 2979//3493
f 2981//3495 2990//3504 2989//3503
f 2981//3495 2989//3503 2980//3494
f 2982//3496 2991//3505 2990//3504
f 2982//3496 2990//3504 2981//3495
f 2983//3497 2992//3506 2991//3505
f 2983//3497 2991//3505 2982//3496
f 2984//3498 2993//3507 2992//3506
f 2984//3498 2992//3506 2983//3497
f 2985//3499 2994//3508 2993//3507
f 2985//3499 2993//3507 2984//3498
f 2986//3500 2995//3509 2996//3510
f 2986//3500 2996//3510 2987//3501
f 2988//3502 2997//3511 2995//3509
f 2988//3502 2995//3509 2986//3500
f 2989//3503 2998//3512 2997//3511
f 2989//3503 2997//3511 2988//3502
f 2990//3504 2999//3513 2998//3512
f 2990//3504 2998//3512 2989//3503
f 2991//3505 3000//3514 2999//3513
f 2991//3505 2999//3513 2990//3504
f 2992//3506 3001//3515 3000//3514
f 2992//3506 3000//3514 2991//3505
f 2993//3507 3002//3516 3001//3515
f 2993//3507 3001//3515 2992//3506
f 2994//3508 3003//3517 3002//3516
f 2994//3508 3002//3516 2993//3507
f 2995//3509 3004//3518 3005//3519
f 2995//3509 3005//3519 2996//3510
f 2997//3511 3006//3520 3004//3518
f 2997//3511 3004//3518 2995//3509
f 2998//3512 3007//3521 3006//3520
f 2998//3512 3006//3520 2997//3511
f 2999//3513 3008//3522 3007//3521
f 2999//3513 3007//3521 2998//3512
f 3000//3514 3009//3523 3008//3522
f 3000//3514 3008//3522 2999//3513
f 3001//3515 3010//3524 3009//3523
f 3001//3515 3009//3523 3000//3514
f 3002//3516 3011//3525 3010//3524
f 3002//3516 3010//3524 3001//3515
f 3003//3517 3012//3526 3011//3525
f 3003//3517 3011//3525 3002//3516
f 3004//3518 3013//3527 3014//3528
f 3004//3518 3014//3528 3005//3519
f 3006//3520 3015//3529 3013//3527
f 3006//3520 3013//3527 3004//3518
f 3007//3521 3016//3530 3015//3529
f 3007//3521 3015//3529 3006//3520
f 3008//3522 3017//3531 3016//3530
f 3008//3522 3016//3530 3007//3521
f 3009//3523 3018//3532 3017//3531
f 3009//3523 3017//3531 3008//3522
f 3010//3524 3019//3533 3018//3532
f 3010//3524 3018//3532 3009//3523
f 3011//3525 3020//3534 3019//3533
f 3011//3525 3019//3533 3010//3524
f 3012//3526 3021//3535 3020//3534
f 3012//3526 3020//3534 3011//3525
f 3013//3527 3022//3536 3023//3537
f 3013//3527 3023//3537 3014//3528
f 3015//3529 3024//3538 3022//3536
f 3015//3529 3022//3536 3013//3527
f 3016//3530 3025//3539 3024//3538
f 3016//3530 3024//3538 3015//3529
f 3017//3531 3026//3540 3025//3539
f 3017//3531 3025//3539 3016//3530
f 3018//3532 3027//3541 3026//3540
f 3018//3532 3026//3540 3017//3531
f 3019//3533 3028//3542 3027//3541
f 3019//3533 3027//3541 3018//3532
f 3020//3534 3029//3543 3028//3542
f 3020//3534 3028//3542 3019//3533
f 3021//3535 3030//3544 3029//3543
f 3021//3535 3029//3543 3020//3534
f 3022//3536 3031//3545 3032//3546
f 3022//3536 3032//3546 3023//3537
f 3024//3538 3033//3547 3031//3545
f 3024//3538 3031//3545 3022//3536
f 3025//3539 3034//3548 3033//3547
f 3025//3539 3033//3547 3024//3538
f 3026//3540 3035//3549 3034//3548
f 3026//3540 3034//3548 3025//3539
f 3027//3541 3036//3550 3035//3549
f 3027//3541 3035//3549 3026//3540
f 3028//3542 3037//3551 3036//3550
f 3028//3542 3036//3550 3027//3541
f 3029//3543 3038//3552 3037//3551
f 3029//3543 3037//3551 3028//3542
f 3030//3544 3039//3553 3038//3552
f 3030//3544 3038//3552 3029//3543
f 3031//3545 3040//3554 3041//3555
f 3031//3545 3041//3555 3032//3546
f 3033//3547 3042//3556 3040//3554
f 3033//3547 3040//3554 3031//3545
f 3034//3548 3043//3557 3042//3556
f 3034//3548 3042//3556 3033//3547
f 3035//3549 3044//3558 3043//3557
f 3035//3549 3043//3557 3034//3548
f 3036//3550 3045//3559 3044//3558
f 3036//3550 3044//3558 3035//3549
f 3037//3551 3046//3560 3045//3559
f 3037//3551 3045//3559 3036//3550
f 3038//3552 3047//3561 3046//3560
f 3038//3552 3046//3560 3037//3551
f 3039//3553 3048//3562 3047//3561
f 3039//3553 3047//3561 3038//3552
f 3040//3554 3049//3563 3050//3564
f 3040//3554 3050//3564 3041//3555
f 3042//3556 3051//3565 3049//3563
f 3042//3556 3049//3563 3040//3554
f 3043//3557 3052//3566 3051//3565
f 3043//3557 3051//3565 3042//3556
f 3044//3558 3053//3567 3052//3566
f 3044//3558 3052//3566 3043//3557
f 3045//3559 3054//3568 3053//3567
f 3045//3559 3053//3567 3044//3558
f 3046//3560 3055//3569 3054//3568
f 3046//3560 3054//3568 3045//3559
f 3047//3561 3056//3570 3055//3569
f 3047//3561 3055//3569 3046//3560
f 3048//3562 3057//3571 3056//3570
f 3048//3562 3056//3570 3047//3561
f 3049//3563 3058//3572 3059//3573
f 3049//3563 3059//3573 3050//3564
f 3051//3565 3060//3574 3058//3572
f 3051//3565 3058//3572 3049//3563
f 3052//3566 3061//3575 3060//3574
f 3052//3566 3060//3574 3051//3565
f 3053//3567 3062//3576 3061//3575
f 3053//3567 3061//3575 3052//3566
f 3054//3568 3063//3577 3062//3576
f 3054//3568 3062//3576 3053//3567
f 3055//3569 3064//3578 3063//3577
f 3055//3569 3063//3577 3054//3568
f 3056//3570 3065//3579 3064//3578
f 3056//3570 3064//3578 3055//3569
f 3057//3571 3066//3580 3065//3579
f 3057//3571 3065//3579 3056//3570
f 3058//3572 3067//3581 3068//3582
f 3058//3572 3068//3582 3059//3573
f 3060//3574 3069//3583 3067//3581
f 3060//3574 3067//3581 3058//3572
f 3061//3575 3070//3584 3069//3583
f 3061//3575 3069//3583 3060//3574
f 3062//3576 3071//3585 3070//3584
f 3062//3576 3070//3584 3061//3575
f 3063//3577 3072//3586 3071//3585
f 3063//3577 3071//3585 3062//3576
f 3064//3578 3073//3587 3072//3586
f 3064//3578 3072//3586 3063//3577
f 3065//3579 3074//3588 3073//3587
f 3065//3579 3073//3587 3064//3578
f 3066//3580 3075//3589 3074//3590
f 3066//3580 3074//3590 3065//3579
f 3067//3581 3076//3591 3068//3592
f 3069//3583 3077//3593 3067//3581
f 3070//3584 3078//3594 3069//3583
f 3071//3585 3079//3595 3070//3584
f 3072//3586 3080//3596 3071//3585
f 3073//3587 3081//3597 3072//3586
f 3074//3590 3082//3598 3073//3587
f 3075//3599 3083//3600 3074//3601
f 2953//3602 2952//3603 3084//3604
f 2953//3602 3084//3604 3085//3605
f 3085//3605 3084//3604 3086//3606
f 3085//3605 3086//3606 3087//3607
f 3087//3607 3086//3606 3088//3608
f 3087//3607 3088//3608 3089//3609
f 3089//3609 3088//3608 3090//3610
f 3089//3609 3090//3610 3091//3611
f 3091//3611 3090//3610 3092//3612
f 3091//3611 3092//3612 3093//3613
f 3093//3613 3092//3612 3094//3614
f 3093//3613 3094//3614 3095//3615
f 3095//3615 3094//3614 3096//3616
f 3095//3615 3096//3616 3097//3617
f 3097//3617 3096//3616 2967//3618
f 3097//3617 2967//3618 2966//3619
f 2952//3603 2969//3620 3098//3621
f 2952//3603 3098//3621 3084//3604
f 3084//3604 3098//3621 3099//3622
f 3084//3604 3099//3622 3086//3606
f 3086//3606 3099//3622 3100//3623
f 3086//3606 3100//3623 3088//3608
f 3088//3608 3100//3623 3101//3624
f 3088//3608 3101//3624 3090//3610
f 3090//3610 3101//3624 3102//3625
f 3090//3610 3102//3625 3092//3612
f 3092//3612 3102//3625 3103//3626
f 3092//3612 3103//3626 3094//3614
f 3094//3614 3103//3626 3104//3627
f 3094//3614 3104//3627 3096//3616
f 3096//3616 3104//3627 2976//3628
f 3096//3616 2976//3628 2967//3618
f 2969//3620 2978//3629 3105//3630
f 2969//3620 3105//3630 3098//3621
f 3098//3621 3105//3630 3106//3631
f 3098//3621 3106//3631 3099//3622
f 3099//3622 3106//3631 3107//3632
f 3099//3622 3107//3632 3100//3623
f 3100//3623 3107//3632 3108//3633
f 3100//3623 3108//3633 3101//3624
f 3101//3624 3108//3633 3109//3634
f 3101//3624 3109//3634 3102//3625
f 3102//3625 3109//3634 3110//3635
f 3102//3625 3110//3635 3103//3626
f 3103//3626 3110//3635 3111//3636
f 3103//3626 3111//3636 3104//3627
f 3104//3627 3111//3636 2985//3637
f 3104//3627 2985//3637 2976//3628
f 2978//3629 2987//3638 3112//3639
f 2978//3629 3112//3639 3105//3630
f 3105//3630 3112//3639 3113//3640
f 3105//3630 3113//3640 3106//3631
f 3106//3631 3113//3640 3114//3641
f 3106//3631 3114//3641 3107//3632
f 3107//3632 3114//3641 3115//3642
f 3107//3632 3115//3642 3108//3633
f 3108//3633 3115//3642 3116//3643
f 3108//3633 3116//3643 3109//3634
f 3109//3634 3116//3643 3117//3644
f 3109//3634 3117//3644 3110//3635
f 3110//3635 3117//3644 3118//3645
f 3110//3635 3118//3645 3111//3636
f 3111//3636 3118//3645 2994//3646
f 3111//3636 2994//3646 2985//3637
f 2987//3638 2996//3647 3119//3648
f 2987//3638 3119//3648 3112//3639
f 3112//3639 3119//3648 3120//3649
f 3112//3639 3120//3649 3113//3640
f 3113//3640 3120//3649 3121//3650
f 3113//3640 3121//3650 3114//3641
f 3114//3641 3121//3650 3122//3651
f 3114//3641 3122//3651 3115//3642
f 3115//3642 3122//3651 3123//3652
f 3115//3642 3123//3652 3116//3643
f 3116//3643 3123//3652 3124//3653
f 3116//3643 3124//3653 3117//3644
f 3117//3644 3124//3653 3125//3654
f 3117//3644 3125//3654 3118//3645
f 3118//3645 3125//3654 3003//3655
f 3118//3645 3003//3655 2994//3646
f 2996//3647 3005//3656 3126//3657
f 2996//3647 3126//3657 3119//3648
f 3119//3648 3126//3657 3127//3658
f 3119//3648 3127//3658 3120//3649
f 3120//3649 3127//3658 3128//3659
f 3120//3649 3128//3659 3121//3650
f 3121//3650 3128//3659 3129//3660
f 3121//3650 3129//3660 3122//3651
f 3122//3651 3129//3660 3130//3661
f 3122//3651 3130//3661 3123//3652
f 3123//3652 3130//3661 3131//3662
f 3123//3652 3131//3662 3124//3653
f 3124//3653 3131//3662 3132//3663
f 3124//3653 3132//3663 3125//3654
f 3125//3654 3132//3663 3012//3664
f 3125//3654 3012//3664 3003//3655
f 3005//3656 3014//3665 3133//3666
f 3005//3656 3133//3666 3126//3657
f 3126//3657 3133//3666 3134//3667
f 3126//3657 3134//3667 3127//3658
f 3127//3658 3134//3667 3135//3668
f 3127//3658 3135//3668 3128//3659
f 3128//3659 3135//3668 3136//3669
f 3128//3659 3136//3669 3129//3660
f 3129//3660 3136//3669 3137//3670
f 3129//3660 3137//3670 3130//3661
f 3130//3661 3137//3670 3138//3671
f 3130//3661 3138//3671 3131//3662
f 3131//3662 3138//3671 3139//3672
f 3131//3662 3139//3672 3132//3663
f 3132//3663 3139//3672 3021//3673
f 3132//3663 3021//3673 3012//3664
f 3014//3665 3023//3674 3140//3675
f 3014//3665 3140//3675 3133//3666
f 3133//3666 3140//3675 3141//3676
f 3133//3666 3141//3676 3134//3667
f 3134//3667 3141//3676 3142//3677
f 3134//3667 3142//3677 3135//3668
f 3135//3668 3142//3677 3143//3678
f 3135//3668 3143//3678 3136//3669
f 3136//3669 3143//3678 3144//3679
f 3136//3669 3144//3679 3137//3670
f 3137//3670 3144//3679 3145//3680
f 3137//3670 3145//3680 3138//3671
f 3138//3671 3145//3680 3146//3681
f 3138//3671 3146//3681 3139//3672
f 3139//3672 3146//3681 3030//3682
f 3139//3672 3030//3682 3021//3673
f 3023//3674 3032//3683 3147//3684
f 3023//3674 3147//3684 3140//3675
f 3140//3675 3147//3684 3148//3685
f 3140//3675 3148//3685 3141//3676
f 3141//3676 3148//3685 3149//3686
f 3141//3676 3149//3686 3142//3677
f 3142//3677 3149//3686 3150//3687
f 3142//3677 3150//3687 3143//3678
f 3143//3678 3150//3687 3151//3688
f 3143//3678 3151//3688 3144//3679
f 3144//3679 3151//3688 3152//3689
f 3144//3679 3152//3689 3145//3680
f 3145//3680 3152//3689 3153//3690
f 3145//3680 3153//3690 3146//3681
f 3146//3681 3153//3690 3039//3691
f 3146//3681 3039//3691 3030//3682
f 3032//3683 3041//3692 3154//3693
f 3032//3683 3154//3693 3147//3684
f 3147//3684 3154//3693 3155//3694
f 3147//3684 3155//3694 3148//3685
f 3148//3685 3155//3694 3156//3695
f 3148//3685 3156//3695 3149//3686
f 3149//3686 3156//3695 3157//3696
f 3149//3686 3157//3696 3150//3687
f 3150//3687 3157//3696 3158//3697
f 3150//3687 3158//3697 3151//3688
f 3151//3688 3158//3697 3159//3698
f 3151//3688 3159//3698 3152//3689
f 3152//3689 3159//3698 3160//3699
f 3152//3689 3160//3699 3153//3690
f 3153//3690 3160//3699 3048//3700
f 3153//3690 3048//3700 3039//3691
f 3041//3692 3050//3701 3161//3702
f 3041//3692 3161//3702 3154//3693
f 3154//3693 3161//3702 3162//3703
f 3154//3693 3162//3703 3155//3694
f 3155//3694 3162//3703 3163//3704
f 3155//3694 3163//3704 3156//3695
f 3156//3695 3163//3704 3164//3705
f 3156//3695 3164//3705 3157//3696
f 3157//3696 3164//3705 3165//3706
f 3157//3696 3165//3706 3158//3697
f 3158//3697 3165//3706 3166//3707
f 3158//3697 3166//3707 3159//3698
f 3159//3698 3166//3707 3167//3708
f 3159//3698 3167//3708 3160//3699
f 3160//3699 3167//3708 3057//3709
f 3160//3699 3057//3709 3048//3700
f 3050//3701 3059//3710 3168//3711
f 3050//3701 3168//3711 3161//3702
f 3161//3702 3168//3711 3169//3712
f 3161//3702 3169//3712 3162//3703
f 3162//3703 3169//3712 3170//3713
f 3162//3703 3170//3713 3163//3704
f 3163//3704 3170//3713 3171//3714
f 3163//3704 3171//3714 3164//3705
f 3164//3705 3171//3714 3172//3715
f 3164//3705 3172//3715 3165//3706
f 3165//3706 3172//3715 3173//3716
f 3165//3706 3173//3716 3166//3707
f 3166//3707 3173//3716 3174//3717
f 3166//3707 3174//3717 3167//3708
f 3167//3708 3174//3717 3066//3718
f 3167//3708 3066//3718 3057//3709
f 3059//3710 3068//3719 3175//3720
f 3059//3710 3175//3720 3168//3711
f 3168//3711 3175//3721 3176//3722
f 3168//3711 3176//3722 3169//3712
f 3169//3712 3176//3723 3177//3724
f 3169//3712 3177//3724 3170//3713
f 3170//3713 3177//3724 3178//3725
f 3170//3713 3178//3725 3171//3714
f 3171//3714 3178//3725 3179//3726
f 3171//3714 3179//3726 3172//3715
f 3172//3715 3179//3726 3180//3727
f 3172//3715 3180//3727 3173//3716
f 3173//3716 3180//3727 3181//3728
f 3173//3716 3181//3728 3174//3717
f 3174//3717 3181//3729 3075//3730
f 3174//3717 3075//3730 3066//3718
f 3068//3592 3182//3731 3175//3732
f 3175//3720 3183//3733 3176//3734
f 3176//3722 3184//3735 3177//3724
f 3177//3724 3185//3736 3178//3725
f 3178//3725 3186//3737 3179//3726
f 3179//3726 3187//3738 3180//3739
f 3180//3740 3188//3741 3181//3742
f 3181//3742 3189//3743 3075//3744
f 3190//3745 3191//3746 3192//3747
f 3190//3745 3192//3747 3193//3748
f 3194//3749 3195//3750 3191//3746
f 3194//3749 3191//3746 3190//3745
f 3196//3751 3197//3752 3195//3750
f 3196//3751 3195//3750 3194//3749
f 3198//3753 3199//3754 3197//3752
f 3198//3753 3197//3752 3196//3751
f 3200//3755 3201//3756 3199//3754
f 3200//3755 3199//3754 3198//3753
f 3202//3757 3203//3758 3201//3756
f 3202//3757 3201//3756 3200//3755
f 3204//3759 3205//3760 3203//3758
f 3204//3759 3203//3758 3202//3757
f 3206//3761 3207//3762 3205//3760
f 3206//3761 3205//3760 3204//3759
f 3191//3746 3208//3763 3209//3764
f 3191//3746 3209//3764 3192//3747
f 3195//3750 3210//3765 3208//3763
f 3195//3750 3208//3763 3191//3746
f 3197//3752 3211//3766 3210//3765
f 3197//3752 3210//3765 3195//3750
f 3199//3754 3212//3767 3211//3766
f 3199//3754 3211//3766 3197//3752
f 3201//3756 3213//3768 3212//3767
f 3201//3756 3212//3767 3199//3754
f 3203//3758 3214//3769 3213//3768
f 3203//3758 3213//3768 3201//3756
f 3205//3760 3215//3770 3214//3769
f 3205//3760 3214//3769 3203//3758
f 3207//3762 3216//3771 3215//3770
f 3207//3762 3215//3770 3205//3760
f 3208//3763 3217//3772 3218//3773
f 3208//3763 3218//3773 3209//3764
f 3210//3765 3219//3774 3217//3772
f 3210//3765 3217//3772 3208//3763
f 3211//3766 3220//3775 3219//3774
f 3211//3766 3219//3774 3210//3765
f 3212//3767 3221//3776 3220//3775
f 3212//3767 3220//3775 3211//3766
f 3213//3768 3222//3777 3221//3776
f 3213//3768 3221//3776 3212//3767
f 3214//3769 3223//3778 3222//3777
f 3214//3769 3222//3777 3213//3768
f 3215//3770 3224//3779 3223//3778
f 3215//3770 3223//3778 3214//3769
f 3216//3771 3225//3780 3224//3779
f 3216//3771 3224//3779 3215//3770
f 3217//3772 3226//3781 3227//3782
f 3217//3772 3227//3782 3218//3773
f 3219//3774 3228//3783 3226//3781
f 3219//3774 3226//3781 3217//3772
f 3220//3775 3229//3784 3228//3783
f 3220//3775 3228//3783 3219//3774
f 3221//3776 3230//3785 3229//3784
f 3221//3776 3229//3784 3220//3775
f 3222//3777 3231//3786 3230//3785
f 3222//3777 3230//3785 3221//3776
f 3223//3778 3232//3787 3231//3786
f 3223//3778 3231//3786 3222//3777
f 3224//3779 3233//3788 3232//3787
f 3224//3779 3232//3787 3223//3778
f 3225//3780 3234//3789 3233//3788
f 3225//3780 3233//3788 3224//3779
f 3226//3781 3235//3790 3236//3791
f 3226//3781 3236//3791 3227//3782
f 3228//3783 3237//3792 3235//3790
f 3228//3783 3235//3790 3226//3781
f 3229//3784 3238//3793 3237//3792
f 3229//3784 3237//3792 3228//3783
f 3230//3785 3239//3794 3238//3793
f 3230//3785 3238//3793 3229//3784
f 3231//3786 3240//3795 3239//3794
f 3231//3786 3239//3794 3230//3785
f 3232//3787 3241//3796 3240//3795
f 3232//3787 3240//3795 3231//3786
f 3233//3788 3242//3797 3241//3796
f 3233//3788 3241//3796 3232//3787
f 3234//3789 3243//3798 3242//3797
f 3234//3789 3242//3797 3233//3788
f 3235//3790 3244//3799 3245//3800
f 3235//3790 3245//3800 3236//3791
f 3237//3792 3246//3801 3244//3799
f 3237//3792 3244//3799 3235//3790
f 3238//3793 3247//3802 3246//3801
f 3238//3793 3246//3801 3237//3792
f 3239//3794 3248//3803 3247//3802
f 3239//3794 3247//3802 3238//3793
f 3240//3795 3249//3804 3248//3803
f 3240//3795 3248//3803 3239//3794
f 3241//3796 3250//3805 3249//3804
f 3241//3796 3249//3804 3240//3795
f 3242//3797 3251//3806 3250//3805
f 3242//3797 3250//3805 3241//3796
f 3243//3798 3252//3807 3251//3806
f 3243//3798 3251//3806 3242//3797
f 3244//3799 3253//3808 3254//3809
f 3244//3799 3254//3809 3245//3800
f 3246//3801 3255//3810 3253//3808
f 3246//3801 3253//3808 3244//3799
f 3247//3802 3256//3811 3255//3810
f 3247//3802 3255//3810 3246//3801
f 3248//3803 3257//3812 3256//3811
f 3248//3803 3256//3811 3247//3802
f 3249//3804 3258//3813 3257//3812
f 3249//3804 3257//3812 3248//3803
f 3250//3805 3259//3814 3258//3813
f 3250//3805 3258//3813 3249//3804
f 3251//3806 3260//3815 3259//3814
f 3251//3806 3259//3814 3250//3805
f 3252//3807 3261//3816 3260//3815
f 3252//3807 3260//3815 3251//3806
f 3253//3808 3262//3817 3263//3818
f 3253//3808 3263//3818 3254//3809
f 3255//3810 3264//3819 3262//3817
f 3255//3810 3262//3817 3253//3808
f 3256//3811 3265//3820 3264//3819
f 3256//3811 3264//3819 3255//3810
f 3257//3812 3266//3821 3265//3820
f 3257//3812 3265//3820 3256//3811
f 3258//3813 3267//3822 3266//3821
f 3258//3813 3266//3821 3257//3812
f 3259//3814 3268//3823 3267//3822
f 3259//3814 3267//3822 3258//3813
f 3260//3815 3269//3824 3268//3823
f 3260//3815 3268//3823 3259//3814
f 3261//3816 3270//3825 3269//3824
f 3261//3816 3269//3824 3260//3815
f 3262//3817 3271//3826 3272//3827
f 3262//3817 3272//3827 3263//3818
f 3264//3819 3273//3828 3271//3826
f 3264//3819 3271//3826 3262//3817
f 3265//3820 3274//3829 3273//3828
f 3265//3820 3273//3828 3264//3819
f 3266//3821 3275//3830 3274//3829
f 3266//3821 3274//3829 3265//3820
f 3267//3822 3276//3831 3275//3830
f 3267//3822 3275//3830 3266//3821
f 3268//3823 3277//3832 3276//3831
f 3268//3823 3276//3831 3267//3822
f 3269//3824 3278//3833 3277//3832
f 3269//3824 3277//3832 3268//3823
f 3270//3825 3279//3834 3278//3833
f 3270//3825 3278//3833 3269//3824
f 3271//3826 3280//3835 3281//3836
f 3271//3826 3281//3836 3272//3827
f 3273//3828 3282//3837 3280//3835
f 3273//3828 3280//3835 3271//3826
f 3274//3829 3283//3838 3282//3837
f 3274//3829 3282//3837 3273//3828
f 3275//3830 3284//3839 3283//3838
f 3275//3830 3283//3838 3274//3829
f 3276//3831 3285//3840 3284//3839
f 3276//3831 3284//3839 3275//3830
f 3277//3832 3286//3841 3285//3840
f 3277//3832 3285//3840 3276//3831
f 3278//3833 3287//3842 3286//3841
f 3278//3833 3286//3841 3277//3832
f 3279//3834 3288//3843 3287//3842
f 3279//3834 3287//3842 3278//3833
f 3280//3835 3289//3844 3290//3845
f 3280//3835 3290//3845 3281//3836
f 3282//3837 3291//3846 3289//3844
f 3282//3837 3289//3844 3280//3835
f 3283//3838 3292//3847 3291//3846
f 3283//3838 3291//3846 3282//3837
f 3284//3839 3293//3848 3292//3847
f 3284//3839 3292//3847 3283//3838
f 3285//3840 3294//3849 3293//3848
f 3285//3840 3293//3848 3284//3839
f 3286//3841 3295//3850 3294//3849
f 3286//3841 3294//3849 3285//3840
f 3287//3842 3296//3851 3295//3850
f 3287//3842 3295//3850 3286//3841
f 3288//3843 3297//3852 3296//3851
f 3288//3843 3296//3851 3287//3842
f 3289//3844 3298//3853 3299//3854
f 3289//3844 3299//3854 3290//3845
f 3291//3846 3300//3855 3298//3853
f 3291//3846 3298//3853 3289//3844
f 3292//3847 3301//3856 3300//3855
f 3292//3847 3300//3855 3291//3846
f 3293//3848 3302//3857 3301//3856
f 3293//3848 3301//3856 3292//3847
f 3294//3849 3303//3858 3302//3857
f 3294//3849 3302//3857 3293//3848
f 3295//3850 3304//3859 3303//3858
f 3295//3850 3303//3858 3294//3849
f 3296//3851 3305//3860 3304//3859
f 3296//3851 3304//3859 3295//3850
f 3297//3852 3306//3861 3305//3860
f 3297//3852 3305//3860 3296//3851
f 3298//3853 3307//3862 3308//3863
f 3298//3853 3308//3863 3299//3854
f 3300//3855 3309//3864 3307//3862
f 3300//3855 3307//3862 3298//3853
f 3301//3856 3310//3865 3309//3864
f 3301//3856 3309//3864 3300//3855
f 3302//3857 3311//3866 3310//3865
f 3302//3857 3310//3865 3301//3856
f 3303//3858 3312//3867 3311//3866
f 3303//3858 3311//3866 3302//3857
f 3304//3859 3313//3868 3312//3867
f 3304//3859 3312//3867 3303//3858
f 3305//3860 3314//3869 3313//3868
f 3305//3860 3313//3868 3304//3859
f 3306//3861 3315//3870 3314//3871
f 3306//3861 3314//3871 3305//3860
f 3307//3862 3316//3872 3308//3873
f 3309//3864 3317//3874 3307//3862
f 3310//3865 3318//3875 3309//3864
f 3311//3866 3319//3876 3310//3865
f 3312//3867 3320//3877 3311//3866
f 3313//3868 3321//3878 3312//3867
f 3314//3871 3322//3879 3313//3868
f 3315//3880 3323//3881 3314//3882
f 3193//3883 3192//3884 3324//3885
f 3193//3883 3324//3885 3325//3886
f 3325//3886 3324//3885 3326//3887
f 3325//3886 3326//3887 3327//3888
f 3327//3888 3326//3887 3328//3889
f 3327//3888 3328//3889 3329//3890
f 3329//3890 3328//3889 3330//3891
f 3329//3890 3330//3891 3331//3892
f 3331//3892 3330//3891 3332//3893
f 3331//3892 3332//3893 3333//3894
f 3333//3894 3332//3893 3334//3895
f 3333//3894 3334//3895 3335//3896
f 3335//3896 3334//3895 3336//3897
f 3335//3896 3336//3897 3337//3898
f 3337//3898 3336//3897 3207//3899
f 3337//3898 3207//3899 3206//3900
f 3192//3884 3209//3901 3338//3902
f 3192//3884 3338//3902 3324//3885
f 3324//3885 3338//3902 3339//3903
f 3324//3885 3339//3903 3326//3887
f 3326//3887 3339//3903 3340//3904
f 3326//3887 3340//3904 3328//3889
f 3328//3889 3340//3904 3341//3905
f 3328//3889 3341//3905 3330//3891
f 3330//3891 3341//3905 3342//3906
f 3330//3891 3342//3906 3332//3893
f 3332//3893 3342//3906 3343//3907
f 3332//3893 3343//3907 3334//3895
f 3334//3895 3343//3907 3344//3908
f 3334//3895 3344//3908 3336//3897
f 3336//3897 3344//3908 3216//3909
f 3336//3897 3216//3909 3207//3899
f 3209//3901 3218//3910 3345//3911
f 3209//3901 3345//3911 3338//3902
f 3338//3902 3345//3911 3346//3912
f 3338//3902 3346//3912 3339//3903
f 3339//3903 3346//3912 3347//3913
f 3339//3903 3347//3913 3340//3904
f 3340//3904 3347//3913 3348//3914
f 3340//3904 3348//3914 3341//3905
f 3341//3905 3348//3914 3349//3915
f 3341//3905 3349//3915 3342//3906
f 3342//3906 3349//3915 3350//3916
f 3342//3906 3350//3916 3343//3907
f 3343//3907 3350//3916 3351//3917
f 3343//3907 3351//3917 3344//3908
f 3344//3908 3351//3917 3225//3918
f 3344//3908 3225//3918 3216//3909
f 3218//3910 3227//3919 3352//3920
f 3218//3910 3352//3920 3345//3911
f 3345//3911 3352//3920 3353//3921
f 3345//3911 3353//3921 3346//3912
f 3346//3912 3353//3921 3354//3922
f 3346//3912 3354//3922 3347//3913
f 3347//3913 3354//3922 3355//3923
f 3347//3913 3355//3923 3348//3914
f 3348//3914 3355//3923 3356//3924
f 3348//3914 3356//3924 3349//3915
f 3349//3915 3356//3924 3357//3925
f 3349//3915 3357//3925 3350//3916
f 3350//3916 3357//3925 3358//3926
f 3350//3916 3358//3926 3351//3917
f 3351//3917 3358//3926 3234//3927
f 3351//3917 3234//3927 3225//3918
f 3227//3919 3236//3928 3359//3929
f 3227//3919 3359//3929 3352//3920
f 3352//3920 3359//3929 3360//3930
f 3352//3920 3360//3930 3353//3921
f 3353//3921 3360//3930 3361//3931
f 3353//3921 3361//3931 3354//3922
f 3354//3922 3361//3931 3362//3932
f 3354//3922 3362//3932 3355//3923
f 3355//3923 3362//3932 3363//3933
f 3355//3923 3363//3933 3356//3924
f 3356//3924 3363//3933 3364//3934
f 3356//3924 3364//3934 3357//3925
f 3357//3925 3364//3934 3365//3935
f 3357//3925 3365//3935 3358//3926
f 3358//3926 3365//3935 3243//3936
f 3358//3926 3243//3936 3234//3927
f 3236//3928 3245//3937 3366//3938
f 3236//3928 3366//3938 3359//3929
f 3359//3929 3366//3938 3367//3939
f 3359//3929 3367//3939 3360//3930
f 3360//3930 3367//3939 3368//3940
f 3360//3930 3368//3940 3361//3931
f 3361//3931 3368//3940 3369//3941
f 3361//3931 3369//3941 3362//3932
f 3362//3932 3369//3941 3370//3942
f 3362//3932 3370//3942 3363//3933
f 3363//3933 3370//3942 3371//3943
f 3363//3933 3371//3943 3364//3934
f 3364//3934 3371//3943 3372//3944
f 3364//3934 3372//3944 3365//3935
f 3365//3935 3372//3944 3252//3945
f 3365//3935 3252//3945 3243//3936
f 3245//3937 3254//3946 3373//3947
f 3245//3937 3373//3947 3366//3938
f 3366//3938 3373//3947 3374//3948
f 3366//3938 3374//3948 3367//3939
f 3367//3939 3374//3948 3375//3949
f 3367//3939 3375//3949 3368//3940
f 3368//3940 3375//3949 3376//3950
f 3368//3940 3376//3950 3369//3941
f 3369//3941 3376//3950 3377//3951
f 3369//3941 3377//3951 3370//3942
f 3370//3942 3377//3951 3378//3952
f 3370//3942 3378//3952 3371//3943
f 3371//3943 3378//3952 3379//3953
f 3371//3943 3379//3953 3372//3944
f 3372//3944 3379//3953 3261//3954
f 3372//3944 3261//3954 3252//3945
f 3254//3946 3263//3955 3380//3956
f 3254//3946 3380//3956 3373//3947
f 3373//3947 3380//3956 3381//3957
f 3373//3947 3381//3957 3374//3948
f 3374//3948 3381//3957 3382//3958
f 3374//3948 3382//3958 3375//3949
f 3375//3949 3382//3958 3383//3959
f 3375//3949 3383//3959 3376//3950
f 3376//3950 3383//3959 3384//3960
f 3376//3950 3384//3960 3377//3951
f 3377//3951 3384//3960 3385//3961
f 3377//3951 3385//3961 3378//3952
f 3378//3952 3385//3961 3386//3962
f 3378//3952 3386//3962 3379//3953
f 3379//3953 3386//3962 3270//3963
f 3379//3953 3270//3963 3261//3954
f 3263//3955 3272//3964 3387//3965
f 3263//3955 3387//3965 3380//3956
f 3380//3956 3387//3965 3388//3966
f 3380//3956 3388//3966 3381//3957
f 3381//3957 3388//3966 3389//3967
f 3381//3957 3389//3967 3382//3958
f 3382//3958 3389//3967 3390//3968
f 3382//3958 3390//3968 3383//3959
f 3383//3959 3390//3968 3391//3969
f 3383//3959 3391//3969 3384//3960
f 3384//3960 3391//3969 3392//3970
f 3384//3960 3392//3970 3385//3961
f 3385//3961 3392//3970 3393//3971
f 3385//3961 3393//3971 3386//3962
f 3386//3962 3393//3971 3279//3972
f 3386//3962 3279//3972 3270//3963
f 3272//3964 3281//3973 3394//3974
f 3272//3964 3394//3974 3387//3965
f 3387//3965 3394//3974 3395//3975
f 3387//3965 3395//3975 3388//3966
f 3388//3966 3395//3975 3396//3976
f 3388//3966 3396//3976 3389//3967
f 3389//3967 3396//3976 3397//3977
f 3389//3967 3397//3977 3390//3968
f 3390//3968 3397//3977 3398//3978
f 3390//3968 3398//3978 3391//3969
f 3391//3969 3398//3978 3399//3979
f 3391//3969 3399//3979 3392//3970
f 3392//3970 3399//3979 3400//3980
f 3392//3970 3400//3980 3393//3971
f 3393//3971 3400//3980 3288//3981
f 3393//3971 3288//3981 3279//3972
f 3281//3973 3290//3982 3401//3983
f 3281//3973 3401//3983 3394//3974
f 3394//3974 3401//3983 3402//3984
f 3394//3974 3402//3984 3395//3975
f 3395//3975 3402//3984 3403//3985
f 3395//3975 3403//3985 3396//3976
f 3396//3976 3403//3985 3404//3986
f 3396//3976 3404//3986 3397//3977
f 3397//3977 3404//3986 3405//3987
f 3397//3977 3405//3987 3398//3978
f 3398//3978 3405//3987 3406//3988
f 3398//3978 3406//3988 3399//3979
f 3399//3979 3406//3988 3407//3989
f 3399//3979 3407//3989 3400//3980
f 3400//3980 3407//3989 3297//3990
f 3400//3980 3297//3990 3288//3981
f 3290//3982 3299//3991 3408//3992
f 3290//3982 3408//3992 3401//3983
f 3401//3983 3408//3992 3409//3993
f 3401//3983 3409//3993 3402//3984
f 3402//3984 3409//3993 3410//3994
f 3402//3984 3410//3994 3403//3985
f 3403//3985 3410//3994 3411//3995
f 3403//3985 3411//3995 3404//3986
f 3404//3986 3411//3995 3412//3996
f 3404//3986 3412//3996 3405//3987
f 3405//3987 3412//3996 3413//3997
f 3405//3987 3413//3997 3406//3988
f 3406//3988 3413//3997 3414//3998
f 3406//3988 3414//3998 3407//3989
f 3407//3989 3414//3998 3306//3999
f 3407//3989 3306//3999 3297//3990
f 3299//3991 3308//4000 3415//4001
f 3299//3991 3415//4001 3408//3992
f 3408//3992 3415//4002 3416//4003
f 3408//3992 3416//4003 3409//3993
f 3409//3993 3416//4004 3417//4005
f 3409//3993 3417//4005 3410//3994
f 3410//3994 3417//4005 3418//4006
f 3410//3994 3418//4006 3411//3995
f 3411//3995 3418//4006 3419//4007
f 3411//3995 3419//4007 3412//3996
f 3412//3996 3419//4007 3420//4008
f 3412//3996 3420//4008 3413//3997
f 3413//3997 3420//4008 3421//4009
f 3413//3997 3421//4009 3414//3998
f 3414//3998 3421//4010 3315//4011
f 3414//3998 3315//4011 3306//3999
f 3308//3873 3422//4012 3415//4013
f 3415//4001 3423//4014 3416//4015
f 3416//4003 3424//4016 3417//4005
f 3417//4005 3425//4017 3418//4006
f 3418//4006 3426//4018 3419//4007
f 3419//4007 3427//4019 3420//4020
f 3420//4021 3428//4022 3421//4023
f 3421//4023 3429//4024 3315//4025
f 3430//4026 3431//4027 3432//4028
f 3430//4026 3433//4029 3431//4027
f 3432//4028 3434//4030 3435//4031
f 3432//4028 3431//4027 3434//4030
f 3435//4031 3436//4032 3437//4033
f 3435//4031 3434//4030 3436//4032
f 3437//4033 3438//4034 3439//4035
f 3437//4033 3436//4032 3438//4034
f 3439//4035 3440//4036 3441//4037
f 3439//4035 3438//4034 3440//4036
f 3441//4037 3442//4038 3443//4039
f 3441//4037 3440//4036 3442//4038
f 3443//4039 3444//4040 3445//4041
f 3443//4039 3442//4038 3444//4040
f 3445//4041 3446//4042 3447//4043
f 3445//4041 3444//4040 3446//4042
f 3447//4043 3448//4044 3449//4045
f 3447//4043 3446//4042 3448//4044
f 3449//4045 3450//4046 3451//4047
f 3449//4045 3448//4044 3450//4046
f 3451//4047 3452//4048 3453//4049
f 3451//4047 3450//4046 3452//4048
f 3453//4049 3454//4050 3455//4051
f 3453//4049 3452//4048 3454//4050
f 3455//4051 3456//4052 3457//4053
f 3455//4051 3454//4050 3456//4052
f 3457//4053 3458//4054 3459//4055
f 3457//4053 3456//4052 3458//4054
f 3459//4055 3460//4056 3461//4057
f 3459//4055 3458//4054 3460//4056
f 3461//4057 3462//4058 3463//4059
f 3461//4057 3460//4056 3462//4058
f 3463//4059 3464//4060 3465//4061
f 3463//4059 3462//4058 3464//4060
f 3465//4061 3466//4062 3467//4063
f 3465//4061 3464//4060 3466//4062
f 3467//4063 3468//4064 3469//4065
f 3467//4063 3466//4062 3468//4064
f 3469//4065 3470//4066 3471//4067
f 3469//4065 3468//4064 3470//4066
f 3471//4067 3472//4068 3473//4069
f 3471//4067 3470//4066 3472//4068
f 3473//4069 3474//4070 3475//4071
f 3473//4069 3472//4068 3474//4070
f 3475//4071 3476//4072 3477//4073
f 3475//4071 3474//4070 3476//4072
f 3477//4073 3478//4074 3479//4075
f 3477//4073 3476//4072 3478//4074
f 3479//4075 3480//4076 3481//4077
f 3479//4075 3478//4074 3480//4076
f 3481//4077 3482//4078 3483//4079
f 3481//4077 3480//4076 3482//4078
f 3483//4079 3484//4080 3485//4081
f 3483//4079 3482//4078 3484//4080
f 3485//4081 3486//4082 3487//4083
f 3485//4081 3484//4080 3486//4082
f 3487//4083 3488//4084 3489//4085
f 3487//4083 3486//4082 3488//4084
f 3489//4085 3490//4086 3491//4087
f 3489//4085 3488//4084 3490//4086
f 3491//4087 3492//4088 3493//4089
f 3491//4087 3490//4086 3492//4088
f 3493//4089 3433//4029 3430//4026
f 3493//4089 3492//4088 3433//4029
f 3433//4029 3494//4090 3431//4027
f 3433//4029 3495//4091 3494//4090
f 3431//4027 3496//4092 3434//4030
f 3431//4027 3494//4090 3496//4092
f 3434//4030 3497//4093 3436//4032
f 3434//4030 3496//4092 3497//4093
f 3436//4032 3498//4094 3438//4034
f 3436//4032 3497//4093 3498//4094
f 3438//4034 3499//4095 3440//4036
f 3438//4034 3498//4094 3499//4095
f 3440//4036 3500//4096 3442//4038
f 3440//4036 3499//4095 3500//4096
f 3442//4038 3501//4097 3444//4040
f 3442//4038 3500//4096 3501//4097
f 3444//4040 3502//4098 3446//4042
f 3444//4040 3501//4097 3502//4098
f 3446//4042 3503//4099 3448//4044
f 3446//4042 3502//4098 3503//4099
f 3448//4044 3504//4100 3450//4046
f 3448//4044 3503//4099 3504//4100
f 3450//4046 3505//4101 3452//4048
f 3450//4046 3504//4100 3505//4101
f 3452//4048 3506//4102 3454//4050
f 3452//4048 3505//4101 3506//4102
f 3454//4050 3507//4103 3456//4052
f 3454//4050 3506//4102 3507//4103
f 3456//4052 3508//4104 3458//4054
f 3456//4052 3507//4103 3508//4104
f 3458//4054 3509//4105 3460//4056
f 3458//4054 3508//4104 3509//4105
f 3460//4056 3510//4106 3462//4058
f 3460//4056 3509//4105 3510//4106
f 3462//4058 3511//4107 3464//4060
f 3462//4058 3510//4106 3511//4107
f 3464//4060 3512//4108 3466//4062
f 3464//4060 3511//4107 3512//4108
f 3466//4062 3513//4109 3468//4064
f 3466//4062 3512//4108 3513//4109
f 3468//4064 3514//4110 3470//4066
f 3468//4064 3513//4109 3514//4110
f 3470//4066 3515//4111 3472//4068
f 3470//4066 3514//4110 3515//4111
f 3472//4068 3516//4112 3474//4070
f 3472//4068 3515//4111 3516//4112
f 3474//4070 3517//4113 3476//4072
f 3474//4070 3516//4112 3517//4113
f 3476//4072 3518//4114 3478//4074
f 3476//4072 3517//4113 3518//4114
f 3478//4074 3519//4115 3480//4076
f 3478//4074 3518//4114 3519//4115
f 3480//4076 3520//4116 3482//4078
f 3480//4076 3519//4115 3520//4116
f 3482//4078 3521//4117 3484//4080
f 3482//4078 3520//4116 3521//4117
f 3484//4080 3522//4118 3486//4082
f 3484//4080 3521//4117 3522//4118
f 3486//4082 3523//4119 3488//4084
f 3486//4082 3522//4118 3523//4119
f 3488//4084 3524//4120 3490//4086
f 3488//4084 3523//4119 3524//4120
f 3490//4086 3525//4121 3492//4088
f 3490//4086 3524//4120 3525//4121
f 3492//4088 3495//4091 3433//4029
f 3492//4088 3525//4121 3495//4091
f 3495//4091 3526//4122 3494//4090
f 3495//4091 3527//4123 3526//4122
f 3494//4090 3528//4124 3496//4092
f 3494//4090 3526//4122 3528//4124
f 3496//4092 3529//4125 3497//4093
f 3496//4092 3528//4124 3529//4125
f 3497//4093 3530//4126 3498//4094
f 3497//4093 3529//4125 3530//4126
f 3498//4094 3531//4127 3499//4095
f 3498//4094 3530//4126 3531//4127
f 3499//4095 3532//4128 3500//4096
f 3499//4095 3531//4127 3532//4128
f 3500//4096 3533//4129 3501//4097
f 3500//4096 3532//4128 3533//4129
f 3501//4097 3534//4130 3502//4098
f 3501//4097 3533//4129 3534//4130
f 3502//4098 3535//4131 3503//4099
f 3502//4098 3534//4130 3535//4131
f 3503//4099 3536//4132 3504//4100
f 3503//4099 3535//4131 3536//4132
f 3504//4100 3537//4133 3505//4101
f 3504//4100 3536//4132 3537//4133
f 3505//4101 3538//4134 3506//4102
f 3505//4101 3537//4133 3538//4134
f 3506//4102 3539//4135 3507//4103
f 3506//4102 3538//4134 3539//4135
f 3507//4103 3540//4136 3508//4104
f 3507//4103 3539//4135 3540//4136
f 3508//4104 3541//4137 3509//4105
f 3508//4104 3540//4136 3541//4137
f 3509//4105 3542//4138 3510//4106
f 3509//4105 3541//4137 3542//4138
f 3510//4106 3543//4139 3511//4107
f 3510//4106 3542//4138 3543//4139
f 3511//4107 3544//4140 3512//4108
f 3511//4107 3543//4139 3544//4140
f 3512//4108 3545//4141 3513//4109
f 3512//4108 3544//4140 3545//4141
f 3513//4109 3546//4142 3514//4110
f 3513//4109 3545//4141 3546//4142
f 3514//4110 3547//4143 3515//4111
f 3514//4110 3546//4142 3547//4143
f 3515//4111 3548//4144 3516//4112
f 3515//4111 3547//4143 3548//4144
f 3516//4112 3549//4145 3517//4113
f 3516//4112 3548//4144 3549//4145
f 3517//4113 3550//4146 3518//4114
f 3517//4113 3549//4145 3550//4146
f 3518//4114 3551//4147 3519//4115
f 3518//4114 3550//4146 3551//4147
f 3519//4115 3552//4148 3520//4116
f 3519//4115 3551//4147 3552//4148
f 3520//4116 3553//4149 3521//4117
f 3520//4116 3552//4148 3553//4149
f 3521//4117 3554//4150 3522//4118
f 3521//4117 3553//4149 3554//4150
f 3522//4118 3555//4151 3523//4119
f 3522//4118 3554//4150 3555//4151
f 3523//4119 3556//4152 3524//4120
f 3523//4119 3555//4151 3556//4152
f 3524//4120 3557//4153 3525//4121
f 3524//4120 3556//4152 3557//4153
f 3525//4121 3527//4123 3495//4091
f 3525//4121 3557//4153 3527//4123
f 3527//4123 3558//4154 3526//4122
f 3527//4123 3559//4155 3558//4154
f 3526//4122 3560//4156 3528//4124
f 3526//4122 3558//4154 3560//4156
f 3528//4124 3561//4157 3529//4125
f 3528//4124 3560//4156 3561//4157
f 3529//4125 3562//4158 3530//4126
f 3529//4125 3561//4157 3562//4158
f 3530//4126 3563//4159 3531//4127
f 3530//4126 3562//4158 3563//4159
f 3531//4127 3564//4160 3532//4128
f 3531//4127 3563//4159 3564//4160
f 3532//4128 3565//4161 3533//4129
f 3532//4128 3564//4160 3565//4161
f 3533//4129 3566//4162 3534//4130
f 3533//4129 3565//4161 3566//4162
f 3534//4130 3567//4163 3535//4131
f 3534//4130 3566//4162 3567//4163
f 3535//4131 3568//4164 3536//4132
f 3535//4131 3567//4163 3568//4164
f 3536//4132 3569//4165 3537//4133
f 3536//4132 3568//4164 3569//4165
f 3537//4133 3570//4166 3538//4134
f 3537//4133 3569//4165 3570//4166
f 3538//4134 3571//4167 3539//4135
f 3538//4134 3570//4166 3571//4167
f 3539//4135 3572//4168 3540//4136
f 3539//4135 3571//4167 3572//4168
f 3540//4136 3573//4169 3541//4137
f 3540//4136 3572//4168 3573//4169
f 3541//4137 3574//4170 3542//4138
f 3541//4137 3573//4169 3574//4170
f 3542//4138 3575//4171 3543//4139
f 3542//4138 3574//4170 3575//4171
f 3543//4139 3576//4172 3544//4140
f 3543//4139 3575//4171 3576//4172
f 3544//4140 3577//4173 3545//4141
f 3544//4140 3576//4172 3577//4173
f 3545//4141 3578//4174 3546//4142
f 3545//4141 3577//4173 3578//4174
f 3546//4142 3579//4175 3547//4143
f 3546//4142 3578//4174 3579//4175
f 3547//4143 3580//4176 3548//4144
f 3547//4143 3579//4175 3580//4176
f 3548//4144 3581//4177 3549//4145
f 3548//4144 3580//4176 3581//4177
f 3549//4145 3582//4178 3550//4146
f 3549//4145 3581//4177 3582//4178
f 3550//4146 3583//4179 3551//4147
f 3550//4146 3582//4178 3583//4179
f 3551//4147 3584//4180 3552//4148
f 3551//4147 3583//4179 3584//4180
f 3552//4148 3585//4181 3553//4149
f 3552//4148 3584//4180 3585//4181
f 3553//4149 3586//4182 3554//4150
f 3553//4149 3585//4181 3586//4182
f 3554//4150 3587//4183 3555//4151
f 3554//4150 3586//4182 3587//4183
f 3555//4151 3588//4184 3556//4152
f 3555//4151 3587//4183 3588//4184
f 3556//4152 3589//4185 3557//4153
f 3556//4152 3588//4184 3589//4185
f 3557//4153 3559//4155 3527//4123
f 3557//4153 3589//4185 3559//4155
f 3559//4155 3590//4186 3558//4154
f 3559//4155 3591//4187 3590//4186
f 3558//4154 3592//4188 3560//4156
f 3558//4154 3590//4186 3592//4188
f 3560//4156 3593//4189 3561//4157
f 3560//4156 3592//4188 3593//4189
f 3561//4157 3594//4190 3562//4158
f 3561//4157 3593//4189 3594//4190
f 3562//4158 3595//4191 3563//4159
f 3562//4158 3594//4190 3595//4191
f 3563//4159 3596//4192 3564//4160
f 3563//4159 3595//4191 3596//4192
f 3564//4160 3597//4193 3565//4161
f 3564//4160 3596//4192 3597//4193
f 3565//4161 3598//4194 3566//4162
f 3565//4161 3597//4193 3598//4194
f 3566//4162 3599//4195 3567//4163
f 3566//4162 3598//4194 3599//4195
f 3567//4163 3600//4196 3568//4164
f 3567//4163 3599//4195 3600//4196
f 3568//4164 3601//4197 3569//4165
f 3568//4164 3600//4196 3601//4197
f 3569//4165 3602//4198 3570//4166
f 3569//4165 3601//4197 3602//4198
f 3570//4166 3603//4199 3571//4167
f 3570//4166 3602//4198 3603//4199
f 3571//4167 3604//4200 3572//4168
f 3571//4167 3603//4199 3604//4200
f 3572//4168 3605//4201 3573//4169
f 3572//4168 3604//4200 3605//4201
f 3573//4169 3606//4202 3574//4170
f 3573//4169 3605//4201 3606//4202
f 3574//4170 3607//4203 3575//4171
f 3574//4170 3606//4202 3607//4203
f 3575//4171 3608//4204 3576//4172
f 3575//4171 3607//4203 3608//4204
f 3576//4172 3609//4205 3577//4173
f 3576//4172 3608//4204 3609//4205
f 3577//4173 3610//4206 3578//4174
f 3577//4173 3609//4205 3610//4206
f 3578//4174 3611//4207 3579//4175
f 3578//4174 3610//4206 3611//4207
f 3579//4175 3612//4208 3580//4176
f 3579//4175 3611//4207 3612//4208
f 3580//4176 3613//4209 3581//4177
f 3580//4176 3612//4208 3613//4209
f 3581//4177 3614//4210 3582//4178
f 3581//4177 3613//4209 3614//4210
f 3582//4178 3615//4211 3583//4179
f 3582//4178 3614//4210 3615//4211
f 3583//4179 3616//4212 3584//4180
f 3583//4179 3615//4211 3616//4212
f 3584//4180 3617//4213 3585//4181
f 3584//4180 3616//4212 3617//4213
f 3585//4181 3618//4214 3586//4182
f 3585//4181 3617//4213 3618//4214
f 3586//4182 3619//4215 3587//4183
f 3586//4182 3618//4214 3619//4215
f 3587//4183 3620//4216 3588//4184
f 3587//4183 3619//4215 3620//4216
f 3588//4184 3621//4217 3589//4185
f 3588//4184 3620//4216 3621//4217
f 3589//4185 3591//4187 3559//4155
f 3589//4185 3621//4217 3591//4187
f 3591//4187 3622//4218 3590//4186
f 3591//4187 3623//4219 3622//4218
f 3590//4186 3624//4220 3592//4188
f 3590//4186 3622//4218 3624//4220
f 3592//4188 3625//4221 3593//4189
f 3592//4188 3624//4220 3625//4221
f 3593//4189 3626//4222 3594//4190
f 3593//4189 3625//4221 3626//4222
f 3594//4190 3627//4223 3595//4191
f 3594//4190 3626//4222 3627//4223
f 3595//4191 3628//4224 3596//4192
f 3595//4191 3627//4223 3628//4224
f 3596//4192 3629//4225 3597//4193
f 3596//4192 3628//4224 3629//4225
f 3597//4193 3630//4226 3598//4194
f 3597//4193 3629//4225 3630//4226
f 3598//4194 3631//4227 3599//4195
f 3598//4194 3630//4226 3631//4227
f 3599//4195 3632//4228 3600//4196
f 3599//4195 3631//4227 3632//4228
f 3600//4196 3633//4229 3601//4197
f 3600//4196 3632//4228 3633//4229
f 3601//4197 3634//4230 3602//4198
f 3601//4197 3633//4229 3634//4230
f 3602//4198 3635//4231 3603//4199
f 3602//4198 3634//4230 3635//4231
f 3603//4199 3636//4232 3604//4200
f 3603//4199 3635//4231 3636//4232
f 3604//4200 3637//4233 3605//4201
f 3604//4200 3636//4232 3637//4233
f 3605//4201 3638//4234 3606//4202
f 3605//4201 3637//4233 3638//4234
f 3606//4202 3639//4235 3607//4203
f 3606//4202 3638//4234 3639//4235
f 3607//4203 3640//4236 3608//4204
f 3607//4203 3639//4235 3640//4236
f 3608//4204 3641//4237 3609//4205
f 3608//4204 3640//4236 3641//4237
f 3609//4205 3642//4238 3610//4206
f 3609//4205 3641//4237 3642//4238
f 3610//4206 3643//4239 3611//4207
f 3610//4206 3642//4238 3643//4239
f 3611//4207 3644//4240 3612//4208
f 3611//4207 3643//4239 3644//4240
f 3612//4208 3645//4241 3613//4209
f 3612//4208 3644//4240 3645//4241
f 3613//4209 3646//4242 3614//4210
f 3613//4209 3645//4241 3646//4242
f 3614//4210 3647//4243 3615//4211
f 3614//4210 3646//4242 3647//4243
f 3615//4211 3648//4244 3616//4212
f 3615//4211 3647//4243 3648//4244
f 3616//4212 3649//4245 3617//4213
f 3616//4212 3648//4244 3649//4245
f 3617//4213 3650//4246 3618//4214
f 3617//4213 3649//4245 3650//4246
f 3618//4214 3651//4247 3619//4215
f 3618//4214 3650//4246 3651//4247
f 3619//4215 3652//4248 3620//4216
f 3619//4215 3651//4247 3652//4248
f 3620//4216 3653//4249 3621//4217
f 3620//4216 3652//4248 3653//4249
f 3621//4217 3623//4219 3591//4187
f 3621//4217 3653//4249 3623//4219
f 3623//4219 3654//4250 3622//4218
f 3623//4219 3655//4251 3654//4250
f 3622//4218 3656//4252 3624//4220
f 3622//4218 3654//4250 3656//4252
f 3624//4220 3657//4253 3625//4221
f 3624//4220 3656//4252 3657//4253
f 3625//4221 3658//4254 3626//4222
f 3625//4221 3657//4253 3658//4254
f 3626//4222 3659//4255 3627//4223
f 3626//4222 3658//4254 3659//4255
f 3627//4223 3660//4256 3628//4224
f 3627//4223 3659//4255 3660//4256
f 3628//4224 3661//4257 3629//4225
f 3628//4224 3660//4256 3661//4257
f 3629//4225 3662//4258 3630//4226
f 3629//4225 3661//4257 3662//4258
f 3630//4226 3663//4259 3631//4227
f 3630//4226 3662//4258 3663//4259
f 3631//4227 3664//4260 3632//4228
f 3631//4227 3663//4259 3664//4260
f 3632//4228 3665//4261 3633//4229
f 3632//4228 3664//4260 3665//4261
f 3633//4229 3666//4262 3634//4230
f 3633//4229 3665//4261 3666//4262
f 3634//4230 3667//4263 3635//4231
f 3634//4230 3666//4262 3667//4263
f 3635//4231 3668//4264 3636//4232
f 3635//4231 3667//4263 3668//4264
f 3636//4232 3669//4265 3637//4233
f 3636//4232 3668//4264 3669//4265
f 3637//4233 3670//4266 3638//4234
f 3637//4233 3669//4265 3670//4266
f 3638//4234 3671//4267 3639//4235
f 3638//4234 3670//4266 3671//4267
f 3639//4235 3672//4268 3640//4236
f 3639//4235 3671//4267 3672//4268
f 3640//4236 3673//4269 3641//4237
f 3640//4236 3672//4268 3673//4269
f 3641//4237 3674//4270 3642//4238
f 3641//4237 3673//4269 3674//4270
f 3642//4238 3675//4271 3643//4239
f 3642//4238 3674//4270 3675//4271
f 3643//4239 3676//4272 3644//4240
f 3643//4239 3675//4271 3676//4272
f 3644//4240 3677//4273 3645//4241
f 3644//4240 3676//4272 3677//4273
f 3645//4241 3678//4274 3646//4242
f 3645//4241 3677//4273 3678//4274
f 3646//4242 3679//4275 3647//4243
f 3646//4242 3678//4274 3679//4275
f 3647//4243 3680//4276 3648//4244
f 3647//4243 3679//4275 3680//4276
f 3648//4244 3681//4277 3649//4245
f 3648//4244 3680//4276 3681//4277
f 3649//4245 3682//4278 3650//4246
f 3649//4245 3681//4277 3682//4278
f 3650//4246 3683//4279 3651//4247
f 3650//4246 3682//4278 3683//4279
f 3651//4247 3684//4280 3652//4248
f 3651//4247 3683//4279 3684//4280
f 3652//4248 3685//4281 3653//4249
f 3652//4248 3684//4280 3685//4281
f 3653//4249 3655//4251 3623//4219
f 3653//4249 3685//4281 3655//4251
f 3655//4251 3686//4282 3654//4250
f 3655//4251 3687//4283 3686//4282
f 3654//4250 3688//4284 3656//4252
f 3654//4250 3686//4282 3688//4284
f 3656//4252 3689//4285 3657//4253
f 3656//4252 3688//4284 3689//4285
f 3657//4253 3690//4286 3658//4254
f 3657//4253 3689//4285 3690//4286
f 3658//4254 3691//4287 3659//4255
f 3658//4254 3690//4286 3691//4287
f 3659//4255 3692//4288 3660//4256
f 3659//4255 3691//4287 3692//4288
f 3660//4256 3693//4289 3661//4257
f 3660//4256 3692//4288 3693//4289
f 3661//4257 3694//4290 3662//4258
f 3661//4257 3693//4289 3694//4290
f 3662//4258 3695//4291 3663//4259
f 3662//4258 3694//4290 3695//4291
f 3663//4259 3696//4292 3664//4260
f 3663//4259 3695//4291 3696//4292
f 3664//4260 3697//4293 3665//4261
f 3664//4260 3696//4292 3697//4293
f 3665//4261 3698//4294 3666//4262
f 3665//4261 3697//4293 3698//4294
f 3666//4262 3699//4295 3667//4263
f 3666//4262 3698//4294 3699//4295
f 3667//4263 3700//4296 3668//4264
f 3667//4263 3699//4295 3700//4296
f 3668//4264 3701//4297 3669//4265
f 3668//4264 3700//4296 3701//4297
f 3669//4265 3702//4298 3670//4266
f 3669//4265 3701//4297 3702//4298
f 3670//4266 3703//4299 3671//4267
f 3670//4266 3702//4298 3703//4299
f 3671//4267 3704//4300 3672//4268
f 3671//4267 3703//4299 3704//4300
f 3672//4268 3705//4301 3673//4269
f 3672//4268 3704//4300 3705//4301
f 3673//4269 3706//4302 3674//4270
f 3673//4269 3705//4301 3706//4302
f 3674//4270 3707//4303 3675//4271
f 3674//4270 3706//4302 3707//4303
f 3675//4271 3708//4304 3676//4272
f 3675//4271 3707//4303 3708//4304
f 3676//4272 3709//4305 3677//4273
f 3676//4272 3708//4304 3709//4305
f 3677//4273 3710//4306 3678//4274
f 3677//4273 3709//4305 3710//4306
f 3678//4274 3711//4307 3679//4275
f 3678//4274 3710//4306 3711//4307
f 3679//4275 3712//4308 3680//4276
f 3679//4275 3711//4307 3712//4308
f 3680//4276 3713//4309 3681//4277
f 3680//4276 3712//4308 3713//4309
f 3681//4277 3714//4310 3682//4278
f 3681//4277 3713//4309 3714//4310
f 3682//4278 3715//4311 3683//4279
f 3682//4278 3714//4310 3715//4311
f 3683//4279 3716//4312 3684//4280
f 3683//4279 3715//4311 3716//4312
f 3684//4280 3717//4313 3685//4281
f 3684//4280 3716//4312 3717//4313
f 3685//4281 3687//4283 3655//4251
f 3685//4281 3717//4313 3687//4283
f 3687//4283 3718//4314 3686//4282
f 3687//4283 3719//4315 3718//4314
f 3686//4282 3720//4316 3688//4284
f 3686//4282 3718//4314 3720//4316
f 3688//4284 3721//4317 3689//4285
f 3688//4284 3720//4316 3721//4317
f 3689//4285 3722//4318 3690//4286
f 3689//4285 3721//4317 3722//4318
f 3690//4286 3723//4319 3691//4287
f 3690//4286 3722//4318 3723//4319
f 3691//4287 3724//4320 3692//4288
f 3691//4287 3723//4319 3724//4320
f 3692//4288 3725//4321 3693//4289
f 3692//4288 3724//4320 3725//4321
f 3693//4289 3726//4322 3694//4290
f 3693//4289 3725//4321 3726//4322
f 3694//4290 3727//4323 3695//4291
f 3694//4290 3726//4322 3727//4323
f 3695//4291 3728//4324 3696//4292
f 3695//4291 3727//4323 3728//4324
f 3696//4292 3729//4325 3697//4293
f 3696//4292 3728//4324 3729//4325
f 3697//4293 3730//4326 3698//4294
f 3697//4293 3729//4325 3730//4326
f 3698//4294 3731//4327 3699//4295
f 3698//4294 3730//4326 3731//4327
f 3699//4295 3732//4328 3700//4296
f 3699//4295 3731//4327 3732//4328
f 3700//4296 3733//4329 3701//4297
f 3700//4296 3732//4328 3733//4329
f 3701//4297 3734//4330 3702//4298
f 3701//4297 3733//4329 3734//4330
f 3702//4298 3735//4331 3703//4299
f 3702//4298 3734//4330 3735//4331
f 3703//4299 3736//4332 3704//4300
f 3703//4299 3735//4331 3736//4332
f 3704//4300 3737//4333 3705//4301
f 3704//4300 3736//4332 3737//4333
f 3705//4301 3738//4334 3706//4302
f 3705//4301 3737//4333 3738//4334
f 3706//4302 3739//4335 3707//4303
f 3706//4302 3738//4334 3739//4335
f 3707//4303 3740//4336 3708//4304
f 3707//4303 3739//4335 3740//4336
f 3708//4304 3741//4337 3709//4305
f 3708//4304 3740//4336 3741//4337
f 3709//4305 3742//4338 3710//4306
f 3709//4305 3741//4337 3742//4338
f 3710//4306 3743//4339 3711//4307
f 3710//4306 3742//4338 3743//4339
f 3711//4307 3744//4340 3712//4308
f 3711//4307 3743//4339 3744//4340
f 3712//4308 3745//4341 3713//4309
f 3712//4308 3744//4340 3745//4341
f 3713//4309 3746//4342 3714//4310
f 3713//4309 3745//4341 3746//4342
f 3714//4310 3747//4343 3715//4311
f 3714//4310 3746//4342 3747//4343
f 3715//4311 3748//4344 3716//4312
f 3715//4311 3747//4343 3748//4344
f 3716//4312 3749//4345 3717//4313
f 3716//4312 3748//4344 3749//4345
f 3717//4313 3719//4315 3687//4283
f 3717//4313 3749//4345 3719//4315
f 3719//4315 3750//4346 3718//4314
f 3719//4315 3751//4347 3750//4346
f 3718//4314 3752//4348 3720//4316
f 3718//4314 3750//4346 3752//4348
f 3720//4316 3753//4349 3721//4317
f 3720//4316 3752//4348 3753//4349
f 3721//4317 3754//4350 3722//4318
f 3721//4317 3753//4349 3754//4350
f 3722//4318 3755//4351 3723//4319
f 3722//4318 3754//4350 3755//4351
f 3723//4319 3756//4352 3724//4320
f 3723//4319 3755//4351 3756//4352
f 3724//4320 3757//4353 3725//4321
f 3724//4320 3756//4352 3757//4353
f 3725//4321 3758//4354 3726//4322
f 3725//4321 3757//4353 3758//4354
f 3726//4322 3759//4355 3727//4323
f 3726//4322 3758//4354 3759//4355
f 3727//4323 3760//4356 3728//4324
f 3727//4323 3759//4355 3760//4356
f 3728//4324 3761//4357 3729//4325
f 3728//4324 3760//4356 3761//4357
f 3729//4325 3762//4358 3730//4326
f 3729//4325 3761//4357 3762//4358
f 3730//4326 3763//4359 3731//4327
f 3730//4326 3762//4358 3763//4359
f 3731//4327 3764//4360 3732//4328
f 3731//4327 3763//4359 3764//4360
f 3732//4328 3765//4361 3733//4329
f 3732//4328 3764//4360 3765//4361
f 3733//4329 3766//4362 3734//4330
f 3733//4329 3765//4361 3766//4362
f 3734//4330 3767//4363 3735//4331
f 3734//4330 3766//4362 3767//4363
f 3735//4331 3768//4364 3736//4332
f 3735//4331 3767//4363 3768//4364
f 3736//4332 3769//4365 3737//4333
f 3736//4332 3768//4364 3769//4365
f 3737//4333 3770//4366 3738//4334
f 3737//4333 3769//4365 3770//4366
f 3738//4334 3771//4367 3739//4335
f 3738//4334 3770//4366 3771//4367
f 3739//4335 3772//4368 3740//4336
f 3739//4335 3771//4367 3772//4368
f 3740//4336 3773//4369 3741//4337
f 3740//4336 3772//4368 3773//4369
f 3741//4337 3774//4370 3742//4338
f 3741//4337 3773//4369 3774//4370
f 3742//4338 3775//4371 3743//4339
f 3742//4338 3774//4370 3775//4371
f 3743//4339 3776//4372 3744//4340
f 3743//4339 3775//4371 3776//4372
f 3744//4340 3777//4373 3745//4341
f 3744//4340 3776//4372 3777//4373
f 3745//4341 3778//4374 3746//4342
f 3745//4341 3777//4373 3778//4374
f 3746//4342 3779//4375 3747//4343
f 3746//4342 3778//4374 3779//4375
f 3747//4343 3780//4376 3748//4344
f 3747//4343 3779//4375 3780//4376
f 3748//4344 3781//4377 3749//4345
f 3748//4344 3780//4376 3781//4377
f 3749//4345 3751//4347 3719//4315
f 3749//4345 3781//4377 3751//4347
f 3751//4347 3782//4378 3750//4346
f 3751//4347 3783//4379 3782//4378
f 3750//4346 3784//4380 3752//4348
f 3750//4346 3782//4378 3784//4380
f 3752//4348 3785//4381 3753//4349
f 3752//4348 3784//4380 3785//4381
f 3753//4349 3786//4382 3754//4350
f 3753//4349 3785//4381 3786//4382
f 3754//4350 3787//4383 3755//4351
f 3754//4350 3786//4382 3787//4383
f 3755//4351 3788//4384 3756//4352
f 3755//4351 3787//4383 3788//4384
f 3756//4352 3789//4385 3757//4353
f 3756//4352 3788//4384 3789//4385
f 3757//4353 3790//4386 3758//4354
f 3757//4353 3789//4385 3790//4386
f 3758//4354 3791//4387 3759//4355
f 3758//4354 3790//4386 3791//4387
f 3759//4355 3792//4388 3760//4356
f 3759//4355 3791//4387 3792//4388
f 3760//4356 3793//4389 3761//4357
f 3760//4356 3792//4388 3793//4389
f 3761//4357 3794//4390 3762//4358
f 3761//4357 3793//4389 3794//4390
f 3762//4358 3795//4391 3763//4359
f 3762//4358 3794//4390 3795//4391
f 3763//4359 3796//4392 3764//4360
f 3763//4359 3795//4391 3796//4392
f 3764//4360 3797//4393 3765//4361
f 3764//4360 3796//4392 3797//4393
f 3765//4361 3798//4394 3766//4362
f 3765//4361 3797//4393 3798//4394
f 3766//4362 3799//4395 3767//4363
f 3766//4362 3798//4394 3799//4395
f 3767//4363 3800//4396 3768//4364
f 3767//4363 3799//4395 3800//4396
f 3768//4364 3801//4397 3769//4365
f 3768//4364 3800//4396 3801//4397
f 3769//4365 3802//4398 3770//4366
f 3769//4365 3801//4397 3802//4398
f 3770//4366 3803//4399 3771//4367
f 3770//4366 3802//4398 3803//4399
f 3771//4367 3804//4400 3772//4368
f 3771//4367 3803//4399 3804//4400
f 3772//4368 3805//4401 3773//4369
f 3772//4368 3804//4400 3805//4401
f 3773//4369 3806//4402 3774//4370
f 3773//4369 3805//4401 3806//4402
f 3774//4370 3807//4403 3775//4371
f 3774//4370 3806//4402 3807//4403
f 3775//4371 3808//4404 3776//4372
f 3775//4371 3807//4403 3808//4404
f 3776//4372 3809//4405 3777//4373
f 3776//4372 3808//4404 3809//4405
f 3777//4373 3810//4406 3778//4374
f 3777//4373 3809//4405 3810//4406
f 3778//4374 3811//4407 3779//4375
f 3778//4374 3810//4406 3811//4407
f 3779//4375 3812//4408 3780//4376
f 3779//4375 3811//4407 3812//4408
f 3780//4376 3813//4409 3781//4377
f 3780//4376 3812//4408 3813//4409
f 3781//4377 3783//4379 3751//4347
f 3781//4377 3813//4409 3783//4379
f 3783//4379 3814//4410 3782//4378
f 3783//4379 3815//4411 3814//4410
f 3782//4378 3816//4412 3784//4380
f 3782//4378 3814//4410 3816//4412
f 3784//4380 3817//4413 3785//4381
f 3784//4380 3816//4412 3817//4413
f 3785//4381 3818//4414 3786//4382
f 3785//4381 3817//4413 3818//4414
f 3786//4382 3819//4415 3787//4383
f 3786//4382 3818//4414 3819//4415
f 3787//4383 3820//4416 3788//4384
f 3787//4383 3819//4415 3820//4416
f 3788//4384 3821//4417 3789//4385
f 3788//4384 3820//4416 3821//4417
f 3789//4385 3822//4418 3790//4386
f 3789//4385 3821//4417 3822//4418
f 3790//4386 3823//4419 3791//4387
f 3790//4386 3822//4418 3823//4419
f 3791//4387 3824//4420 3792//4388
f 3791//4387 3823//4419 3824//4420
f 3792//4388 3825//4421 3793//4389
f 3792//4388 3824//4420 3825//4421
f 3793//4389 3826//4422 3794//4390
f 3793//4389 3825//4421 3826//4422
f 3794//4390 3827//4423 3795//4391
f 3794//4390 3826//4422 3827//4423
f 3795//4391 3828//4424 3796//4392
f 3795//4391 3827//4423 3828//4424
f 3796//4392 3829//4425 3797//4393
f 3796//4392 3828//4424 3829//4425
f 3797//4393 3830//4426 3798//4394
f 3797//4393 3829//4425 3830//4426
f 3798//4394 3831//4427 3799//4395
f 3798//4394 3830//4426 3831//4427
f 3799//4395 3832//4428 3800//4396
f 3799//4395 3831//4427 3832//4428
f 3800//4396 3833//4429 3801//4397
f 3800//4396 3832//4428 3833//4429
f 3801//4397 3834//4430 3802//4398
f 3801//4397 3833//4429 3834//4430
f 3802//4398 3835//4431 3803//4399
f 3802//4398 3834//4430 3835//4431
f 3803//4399 3836//4432 3804//4400
f 3803//4399 3835//4431 3836//4432
f 3804//4400 3837//4433 3805//4401
f 3804//4400 3836//4432 3837//4433
f 3805//4401 3838//4434 3806//4402
f 3805//4401 3837//4433 3838//4434
f 3806//4402 3839//4435 3807//4403
f 3806//4402 3838//4434 3839//4435
f 3807//4403 3840//4436 3808//4404
f 3807//4403 3839//4435 3840//4436
f 3808//4404 3841//4437 3809//4405
f 3808//4404 3840//4436 3841//4437
f 3809//4405 3842//4438 3810//4406
f 3809//4405 3841//4437 3842//4438
f 3810//4406 3843//4439 3811//4407
f 3810//4406 3842//4438 3843//4439
f 3811//4407 3844//4440 3812//4408
f 3811//4407 3843//4439 3844//4440
f 3812//4408 3845//4441 3813//4409
f 3812//4408 3844//4440 3845//4441
f 3813//4409 3815//4411 3783//4379
f 3813//4409 3845//4441 3815//4411
f 3815//4411 3846//4442 3814//4410
f 3814//4410 3846//4443 3816//4412
f 3816//4412 3846//4444 3817//4413
f 3817//4413 3846//4445 3818//4414
f 3818//4414 3846//4446 3819//4415
f 3819//4415 3846//4447 3820//4416
f 3820//4416 3846//4448 3821//4417
f 3821//4417 3846//4449 3822//4418
f 3822//4418 3846//4450 3823//4419
f 3823//4419 3846//4451 3824//4420
f 3824//4420 3846//4452 3825//4421
f 3825//4421 3846//4453 3826//4422
f 3826//4422 3846//4454 3827//4423
f 3827//4423 3846//4455 3828//4424
f 3828//4424 3846//4456 3829//4425
f 3829//4425 3846//4457 3830//4426
f 3830//4426 3846//4458 3831//4427
f 3831//4427 3846//4459 3832//4428
f 3832//4428 3846//4460 3833//4429
f 3833//4429 3846//4461 3834//4430
f 3834//4430 3846//4462 3835//4431
f 3835//4431 3846//4463 3836//4432
f 3836//4432 3846//4464 3837//4433
f 3837//4433 3846//4465 3838//4434
f 3838//4434 3846//4466 3839//4435
f 3839//4435 3846//4467 3840//4436
f 3840//4436 3846//4468 3841//4437
f 3841//4437 3846//4469 3842//4438
f 3842//4438 3846//4470 3843//4439
f 3843//4439 3846//4471 3844//4440
f 3844//4440 3846//4472 3845//4441
f 3845//4441 3846//4473 3815//4411
g rudderu
usemtl rubber
f 3847//4474 3848//4475 3849//4476
f 3847//4474 3849//4476 3850//4477
f 3851//4478 3852//4479 3853//4480
f 3852//4479 3848//4475 3853//4480
f 3852//4479 3854//4481 3849//4476
f 3855//4482 3856//4483 3847//4474
f 3856//4483 3853//4480 3848//4475
f 3857//4484 3858//4485 3855//4482
f 3852//4479 3849//4476 3848//4475
f 3855//4482 3847//4474 3857//4484
f 3850//4477 3857//4486 3847//4474
f 3856//4483 3848//4475 3847//4474
f 3854//4481 3850//4477 3849//4476
f 3859//4487 3860//4488 3861//4489
f 3860//4490 3862//4490 3861//4491
f 3851//4490 3853//4490 3863//4490
f 3853//4480 3862//4492 3863//4493
f 3864//4494 3865//4495 3859//4487
f 3853//4480 3856//4483 3862//4492
f 3865//4496 3866//4497 3859//4487
f 3856//4483 3855//4498 3861//4489
f 3866//4499 3863//4493 3862//4492
f 3855//4500 3858//4501 3867//4502
f 3867//4503 3864//4494 3859//4487
f 3856//4483 3861//4489 3862//4492
f 3866//4499 3860//4488 3859//4487
f 3867//4503 3861//4504 3855//4500
f 3866//4505 3862//4490 3860//4490
f 3867//4503 3859//4487 3861//4504
f 3868//4506 3869//4506 3870//4506
f 3869//4506 3871//4507 3870//4506
f 3850//4477 3854//4481 3872//4508
f 3851//4478 3873//4509 3852//4479
f 3869//4506 3874//4510 3871//4507
f 3874//4511 3875//4512 3876//4513
f 3854//4481 3852//4479 3876//4513
f 3873//4514 3877//4515 3876//4513
f 3875//4512 3872//4508 3854//4481
f 3877//4516 3870//4517 3871//4518
f 3874//4519 3876//4513 3871//4520
f 3854//4481 3876//4513 3875//4512
f 3852//4479 3873//4514 3876//4513
f 3877//4516 3871//4518 3876//4513
f 3866//4497 3865//4496 3878//4521
f 3866//4497 3878//4521 3879//4522
f 3868//4506 3870//4506 3880//4506
f 3863//4490 3873//4490 3851//4490
f 3881//4523 3865//4496 3864//4494
f 3870//4506 3882//4524 3880//4506
f 3863//4493 3866//4499 3873//4514
f 3881//4523 3883//4525 3865//4496
f 3870//4526 3877//4527 3882//4528
f 3883//4529 3884//4530 3878//4521
f 3877//4531 3873//4532 3879//4522
f 3884//4533 3885//4534 3879//4522
f 3885//4510 3880//4506 3882//4524
f 3883//4529 3878//4521 3865//4535
f 3877//4527 3879//4536 3882//4528
f 3884//4533 3879//4522 3878//4521
f 3873//4532 3866//4499 3879//4522
f 3885//4537 3882//4524 3879//4538
f 3886//4539 3858//4540 3857//4541
f 3886//4539 3857//4542 3850//4477
f 3887//4543 3858//4540 3886//4539
f 3858//4544 3887//4545 3888//4546
f 3888//4546 3864//4494 3867//4503
f 3867//4547 3858//4544 3888//4546
f 3889//4548 3886//4539 3890//4549
f 3887//4543 3891//4550 3892//4551
f 3891//4550 3887//4543 3886//4539
f 3893//4552 3892//4551 3891//4550
f 3886//4539 3889//4548 3891//4550
f 3894//4553 3888//4546 3887//4545
f 3887//4545 3892//4554 3894//4553
f 3894//4553 3892//4554 3893//4555
f 3895//4556 3889//4548 3896//4557
f 3895//4556 3897//4558 3898//4559
f 3891//4550 3895//4556 3893//4552
f 3898//4559 3893//4552 3895//4556
f 3895//4556 3891//4550 3889//4548
f 3893//4555 3898//4560 3899//4561
f 3900//4562 3899//4561 3898//4560
f 3894//4553 3893//4555 3899//4561
f 3900//4563 3901//4563 3902//4563
f 3903//4563 3902//4563 3901//4563
f 3900//4563 3897//4563 3901//4563
f 3898//4563 3897//4563 3900//4563
f 3904//4564 3905//4565 3906//4566
f 3906//4566 3897//4558 3904//4564
f 3906//4566 3907//4567 3908//4568
f 3906//4566 3908//4568 3909//4569
f 3904//4564 3895//4556 3896//4557
f 3907//4567 3910//4570 3911//4571
f 3903//4572 3901//4573 3909//4569
f 3909//4569 3908//4568 3903//4572
f 3905//4565 3904//4564 3912//4574
f 3906//4566 3909//4569 3901//4573
f 3904//4564 3897//4558 3895//4556
f 3905//4565 3913//4575 3906//4566
f 3914//4576 3908//4568 3907//4567
f 3907//4567 3911//4571 3914//4576
f 3897//4558 3906//4566 3901//4573
f 3907//4567 3906//4566 3913//4575
f 3908//4568 3914//4576 3903//4572
f 3915//4577 3902//4578 3914//4579
f 3914//4579 3916//4580 3915//4577
f 3917//4581 3915//4577 3916//4580
f 3915//4577 3917//4581 3918//4582
f 3919//4583 3916//4580 3911//4584
f 3911//4584 3910//4585 3919//4583
f 3894//4553 3899//4561 3918//4582
f 3915//4577 3918//4582 3899//4561
f 3914//4579 3911//4584 3916//4580
f 3902//4578 3915//4577 3899//4561
f 3899//4561 3900//4562 3902//4578
f 3903//4586 3914//4579 3902//4578
f 3920//4587 3912//4574 3896//4557
f 3912//4574 3920//4587 3921//4588
f 3921//4588 3922//4589 3912//4574
f 3923//4590 3921//4588 3920//4587
f 3924//4591 3925//4592 3922//4589
f 3922//4589 3921//4588 3926//4593
f 3926//4593 3924//4591 3922//4589
f 3921//4594 3923//4590 3927//4595
f 3927//4596 3926//4597 3921//4598
f 3925//4592 3924//4591 3928//4599
f 3928//4599 3929//4600 3925//4592
f 3924//4591 3926//4593 3928//4599
f 3930//4601 3928//4599 3926//4602
f 3926//4593 3927//4603 3931//4604
f 3931//4604 3930//4601 3926//4602
f 3889//4548 3890//4549 3920//4587
f 3907//4567 3929//4600 3910//4570
f 3932//4605 3933//4606 3930//4601
f 3930//4601 3931//4604 3932//4605
f 3913//4575 3925//4592 3929//4600
f 3929//4600 3907//4567 3913//4575
f 3928//4599 3930//4601 3933//4606
f 3905//4565 3922//4589 3925//4592
f 3925//4592 3913//4575 3905//4565
f 3920//4587 3896//4557 3889//4548
f 3933//4606 3934//4607 3928//4599
f 3922//4589 3905//4565 3912//4574
f 3934//4607 3910//4570 3929//4600
f 3929//4600 3928//4599 3934//4607
f 3904//4564 3896//4557 3912//4574
f 3919//4583 3935//4608 3936//4609
f 3936//4609 3937//4610 3919//4583
f 3935//4608 3938//4611 3939//4612
f 3939//4612 3936//4609 3935//4608
f 3937//4610 3936//4609 3940//4613
f 3940//4613 3941//4614 3937//4610
f 3936//4609 3939//4612 3942//4615
f 3942//4615 3940//4613 3936//4609
f 3941//4614 3940//4613 3943//4616
f 3943//4616 3944//4617 3941//4614
f 3940//4613 3942//4615 3943//4616
f 3888//4546 3894//4553 3943//4616
f 3918//4582 3944//4617 3894//4553
f 3910//4585 3934//4618 3919//4583
f 3944//4617 3918//4582 3917//4581
f 3934//4618 3933//4619 3935//4608
f 3935//4608 3919//4583 3934//4618
f 3917//4581 3941//4614 3944//4617
f 3944//4617 3943//4616 3894//4553
f 3916//4580 3937//4610 3941//4614
f 3941//4614 3917//4581 3916//4580
f 3933//4619 3932//4620 3938//4611
f 3938//4611 3935//4608 3933//4619
f 3937//4610 3916//4580 3919//4583
f 3945//4621 3946//4622 3890//4549
f 3945//4621 3947//4623 3946//4622
f 3948//4624 3949//4625 3947//4623
f 3947//4623 3945//4621 3948//4624
f 3872//4508 3890//4549 3886//4539
f 3886//4539 3850//4477 3872//4508
f 3948//4624 3869//4626 3868//4627
f 3931//4604 3949//4625 3932//4605
f 3890//4549 3872//4508 3875//4512
f 3868//4627 3950//4628 3948//4624
f 3927//4603 3947//4623 3949//4625
f 3949//4625 3931//4604 3927//4603
f 3875//4512 3945//4621 3890//4549
f 3923//4590 3946//4622 3947//4623
f 3947//4623 3927//4595 3923//4590
f 3945//4621 3875//4512 3874//4629
f 3949//4625 3948//4624 3950//4628
f 3920//4587 3890//4549 3946//4622
f 3946//4622 3923//4590 3920//4587
f 3869//4626 3948//4624 3945//4621
f 3945//4621 3874//4629 3869//4626
f 3950//4628 3932//4605 3949//4625
f 3951//4630 3952//4631 3953//4632
f 3953//4632 3952//4631 3954//4633
f 3954//4633 3943//4616 3953//4632
f 3955//4634 3943//4616 3954//4633
f 3951//4630 3938//4611 3932//4620
f 3880//4635 3952//4631 3868//4635
f 3864//4494 3888//4546 3955//4634
f 3955//4634 3881//4523 3864//4494
f 3932//4620 3950//4636 3951//4630
f 3952//4631 3880//4635 3885//4637
f 3943//4616 3955//4634 3888//4546
f 3952//4631 3951//4630 3950//4636
f 3884//4638 3954//4633 3952//4631
f 3952//4631 3885//4637 3884//4638
f 3942//4615 3953//4632 3943//4616
f 3954//4633 3884//4638 3883//4639
f 3953//4632 3942//4615 3939//4612
f 3950//4636 3868//4635 3952//4631
f 3881//4523 3955//4634 3954//4633
f 3954//4633 3883//4640 3881//4523
f 3938//4611 3951//4630 3953//4632
f 3953//4632 3939//4612 3938//4611
# EOF
