# Surface ship: 150 m container ship for the surface-ship drone
# Generated by se.hirt.searobots.viewer.tools.ShipModelGenerator. Units: metres. X=starboard, Y=aft (bow at -Y), Z=up, waterline Z=0.
# 3458 vertices, 1877 normals, 4420 triangles
mtllib surface-ship.mtl
#
v 0.0000 -75.0000 11.5000
v 0.0000 -72.7500 8.6250
v 0.0000 -70.5000 5.7500
v 0.0000 -68.2500 2.8750
v 0.0000 -66.0000 0.0000
v -0.0289 -74.9422 11.4949
v -0.0280 -72.7410 8.6211
v -0.0271 -70.5397 5.7474
v -0.0262 -68.3385 2.8737
v -0.0254 -66.1373 0.0000
v -0.0251 -66.1105 -0.0349
v -0.0243 -66.0838 -0.0698
v -0.0227 -66.0571 -0.1047
v -0.0199 -66.0303 -0.1396
v -0.0153 -66.0036 -0.1745
v 0.0000 -65.9769 -0.2094
v 0.0153 -66.0036 -0.1745
v 0.0199 -66.0303 -0.1396
v 0.0227 -66.0571 -0.1047
v 0.0243 -66.0838 -0.0698
v 0.0251 -66.1105 -0.0349
v 0.0254 -66.1373 0.0000
v 0.0262 -68.3385 2.8737
v 0.0271 -70.5397 5.7474
v 0.0280 -72.7410 8.6211
v 0.0289 -74.9422 11.4949
v -0.1154 -74.7688 11.4795
v -0.1118 -72.6426 8.6096
v -0.1083 -70.5163 5.7398
v -0.1048 -68.3901 2.8699
v -0.1013 -66.2639 0.0000
v -0.1004 -66.2045 -0.0802
v -0.0971 -66.1451 -0.1603
v -0.0906 -66.0857 -0.2405
v -0.0797 -66.0263 -0.3207
v -0.0612 -65.9669 -0.4008
v 0.0000 -65.9075 -0.4810
v 0.0612 -65.9669 -0.4008
v 0.0797 -66.0263 -0.3207
v 0.0906 -66.0857 -0.2405
v 0.0971 -66.1451 -0.1603
v 0.1004 -66.2045 -0.0802
v 0.1013 -66.2639 0.0000
v 0.1048 -68.3901 2.8699
v 0.1083 -70.5163 5.7398
v 0.1118 -72.6426 8.6096
v 0.1154 -74.7688 11.4795
v -0.2588 -74.4801 11.4541
v -0.2509 -72.4470 8.5905
v -0.2431 -70.4138 5.7270
v -0.2352 -68.3806 2.8635
v -0.2273 -66.3474 0.0000
v -0.2253 -66.2548 -0.1304
v -0.2179 -66.1623 -0.2607
v -0.2033 -66.0697 -0.3911
v -0.1789 -65.9772 -0.5214
v -0.1375 -65.8846 -0.6518
v 0.0000 -65.7921 -0.7821
v 0.1375 -65.8846 -0.6518
v 0.1789 -65.9772 -0.5214
v 0.2033 -66.0697 -0.3911
v 0.2179 -66.1623 -0.2607
v 0.2253 -66.2548 -0.1304
v 0.2273 -66.3474 0.0000
v 0.2352 -68.3806 2.8635
v 0.2431 -70.4138 5.7270
v 0.2509 -72.4470 8.5905
v 0.2588 -74.4801 11.4541
v -0.4581 -74.0766 11.4188
v -0.4443 -72.1513 8.5641
v -0.4304 -70.2259 5.7094
v -0.4166 -68.3006 2.8547
v -0.4027 -66.3753 -0.0000
v -0.3992 -66.2512 -0.1840
v -0.3860 -66.1271 -0.3680
v -0.3603 -66.0030 -0.5520
v -0.3170 -65.8789 -0.7360
v -0.2437 -65.7548 -0.9200
v 0.0000 -65.6307 -1.1040
v 0.2437 -65.7548 -0.9200
v 0.3170 -65.8789 -0.7360
v 0.3603 -66.0030 -0.5520
v 0.3860 -66.1271 -0.3680
v 0.3992 -66.2512 -0.1840
v 0.4027 -66.3753 -0.0000
v 0.4166 -68.3006 2.8547
v 0.4304 -70.2259 5.7094
v 0.4443 -72.1513 8.5641
v 0.4581 -74.0766 11.4188
v -0.7119 -73.5589 11.3740
v -0.6906 -71.7539 8.5305
v -0.6692 -69.9489 5.6870
v -0.6479 -68.1439 2.8435
v -0.6266 -66.3389 0.0000
v -0.6210 -66.1864 -0.2403
v -0.6006 -66.0338 -0.4807
v -0.5606 -65.8812 -0.7210
v -0.4934 -65.7287 -0.9613
v -0.3794 -65.5761 -1.2017
v 0.0000 -65.4236 -1.4420
v 0.3794 -65.5761 -1.2017
v 0.4934 -65.7287 -0.9613
v 0.5606 -65.8812 -0.7210
v 0.6006 -66.0338 -0.4807
v 0.6210 -66.1864 -0.2403
v 0.6266 -66.3389 0.0000
v 0.6479 -68.1439 2.8435
v 0.6692 -69.9489 5.6870
v 0.6906 -71.7539 8.5305
v 0.7119 -73.5589 11.3740
v -1.0182 -72.9277 11.3200
v -0.9881 -71.2538 8.4900
v -0.9579 -69.5798 5.6600
v -0.9277 -67.9058 2.8300
v -0.8975 -66.2318 -0.0000
v -0.8896 -66.0550 -0.2989
v -0.8604 -65.8782 -0.5977
v -0.8032 -65.7014 -0.8966
v -0.7071 -65.5247 -1.1954
v -0.5441 -65.3479 -1.4943
v 0.0000 -65.1711 -1.7932
v 0.5441 -65.3479 -1.4943
v 0.7071 -65.5247 -1.1954
v 0.8032 -65.7014 -0.8966
v 0.8604 -65.8782 -0.5977
v 0.8896 -66.0550 -0.2989
v 0.8975 -66.2318 -0.0000
v 0.9277 -67.9058 2.8300
v 0.9579 -69.5798 5.6600
v 0.9881 -71.2538 8.4900
v 1.0182 -72.9277 11.3200
v -1.3749 -72.1841 11.2575
v -1.3347 -70.6502 8.4431
v -1.2945 -69.1163 5.6288
v -1.2543 -67.5823 2.8144
v -1.2140 -66.0484 0.0000
v -1.2033 -65.8526 -0.3592
v -1.1639 -65.6568 -0.7185
v -1.0868 -65.4610 -1.0777
v -0.9571 -65.2652 -1.4369
v -0.7373 -65.0694 -1.7961
v 0.0000 -64.8737 -2.1554
v 0.7373 -65.0694 -1.7961
v 0.9571 -65.2652 -1.4369
v 1.0868 -65.4610 -1.0777
v 1.1639 -65.6568 -0.7185
v 1.2033 -65.8526 -0.3592
v 1.2140 -66.0484 0.0000
v 1.2543 -67.5823 2.8144
v 1.2945 -69.1163 5.6288
v 1.3347 -70.6502 8.4431
v 1.3749 -72.1841 11.2575
v -1.7792 -71.3292 11.1870
v -1.7280 -69.9430 8.3903
v -1.6767 -68.5567 5.5935
v -1.6255 -67.1705 2.7968
v -1.5743 -65.7842 0.0000
v -1.5604 -65.5755 -0.4212
v -1.5095 -65.3667 -0.8423
v -1.4098 -65.1580 -1.2635
v -1.2422 -64.9492 -1.6847
v -0.9582 -64.7405 -2.1058
v 0.0000 -64.5317 -2.5270
v 0.9582 -64.7405 -2.1058
v 1.2422 -64.9492 -1.6847
v 1.4098 -65.1580 -1.2635
v 1.5095 -65.3667 -0.8423
v 1.5604 -65.5755 -0.4212
v 1.5743 -65.7842 0.0000
v 1.6255 -67.1705 2.7968
v 1.6767 -68.5567 5.5935
v 1.7280 -69.9430 8.3903
v 1.7792 -71.3292 11.1870
v -2.2283 -70.3644 11.1092
v -2.1652 -69.1321 8.3319
v -2.1022 -67.8999 5.5546
v -2.0391 -66.6677 2.7773
v -1.9761 -65.4354 0.0000
v -1.9588 -65.2205 -0.4845
v -1.8951 -65.0055 -0.9689
v -1.7706 -64.7906 -1.4534
v -1.5612 -64.5756 -1.9379
v -1.2062 -64.3607 -2.4223
v 0.0000 -64.1457 -2.9068
v 1.2062 -64.3607 -2.4223
v 1.5612 -64.5756 -1.9379
v 1.7706 -64.7906 -1.4534
v 1.8951 -65.0055 -0.9689
v 1.9588 -65.2205 -0.4845
v 1.9761 -65.4354 0.0000
v 2.0391 -66.6677 2.7773
v 2.1022 -67.8999 5.5546
v 2.1652 -69.1321 8.3319
v 2.2283 -70.3644 11.1092
v -2.7187 -69.2910 11.0247
v -2.6433 -68.2179 8.2685
v -2.5679 -67.1448 5.5124
v -2.4925 -66.0718 2.7562
v -2.4171 -64.9987 0.0000
v -2.3961 -64.7850 -0.5490
v -2.3187 -64.5713 -1.0979
v -2.1671 -64.3576 -1.6469
v -1.9124 -64.1438 -2.1958
v -1.4806 -63.9301 -2.7448
v 0.0000 -63.7164 -3.2937
v 1.4806 -63.9301 -2.7448
v 1.9124 -64.1438 -2.1958
v 2.1671 -64.3576 -1.6469
v 2.3187 -64.5713 -1.0979
v 2.3961 -64.7850 -0.5490
v 2.4171 -64.9987 0.0000
v 2.4925 -66.0718 2.7562
v 2.5679 -67.1448 5.5124
v 2.6433 -68.2179 8.2685
v 2.7187 -69.2910 11.0247
v -3.2469 -68.1107 10.9345
v -3.1589 -67.2009 8.2009
v -3.0708 -66.2911 5.4672
v -2.9828 -65.3812 2.7336
v -2.8948 -64.4714 0.0000
v -2.8698 -64.2669 -0.6145
v -2.7777 -64.0624 -1.2289
v -2.5974 -63.8578 -1.8434
v -2.2944 -63.6533 -2.4579
v -1.7808 -63.4488 -3.0724
v 0.0000 -63.2443 -3.6868
v 1.7808 -63.4488 -3.0724
v 2.2944 -63.6533 -2.4579
v 2.5974 -63.8578 -1.8434
v 2.7777 -64.0624 -1.2289
v 2.8698 -64.2669 -0.6145
v 2.8948 -64.4714 0.0000
v 2.9828 -65.3812 2.7336
v 3.0708 -66.2911 5.4672
v 3.1589 -67.2009 8.2009
v 3.2469 -68.1107 10.9345
v -3.8088 -66.8255 10.8394
v -3.7082 -66.0819 8.1295
v -3.6075 -65.3383 5.4197
v -3.5069 -64.5948 2.7098
v -3.4062 -63.8512 0.0000
v -3.3770 -63.6644 -0.6809
v -3.2695 -63.4775 -1.3618
v -3.0592 -63.2907 -2.0427
v -2.7055 -63.1039 -2.7236
v -2.1060 -62.9170 -3.4045
v 0.0000 -62.7302 -4.0853
v 2.1060 -62.9170 -3.4045
v 2.7055 -63.1039 -2.7236
v 3.0592 -63.2907 -2.0427
v 3.2695 -63.4775 -1.3618
v 3.3770 -63.6644 -0.6809
v 3.4062 -63.8512 0.0000
v 3.5069 -64.5948 2.7098
v 3.6075 -65.3383 5.4197
v 3.7082 -66.0819 8.1295
v 3.8088 -66.8255 10.8394
v -4.4004 -65.4372 10.7403
v -4.2874 -64.8620 8.0552
v -4.1743 -64.2868 5.3701
v -4.0613 -63.7116 2.6851
v -3.9483 -63.1364 0.0000
v -3.9148 -62.9762 -0.7481
v -3.7914 -62.8159 -1.4962
v -3.5499 -62.6556 -2.2443
v -3.1439 -62.4954 -2.9923
v -2.4556 -62.3351 -3.7404
v 0.0000 -62.1749 -4.4885
v 2.4556 -62.3351 -3.7404
v 3.1439 -62.4954 -2.9923
v 3.5499 -62.6556 -2.2443
v 3.7914 -62.8159 -1.4962
v 3.9148 -62.9762 -0.7481
v 3.9483 -63.1364 0.0000
v 4.0613 -63.7116 2.6851
v 4.1743 -64.2868 5.3701
v 4.2874 -64.8620 8.0552
v 4.4004 -65.4372 10.7403
v -5.0171 -63.9480 10.6382
v -4.8922 -63.5425 7.9787
v -4.7674 -63.1369 5.3191
v -4.6425 -62.7313 2.6596
v -4.5177 -62.3258 0.0000
v -4.4798 -62.2013 -0.8160
v -4.3402 -62.0769 -1.6319
v -4.0669 -61.9525 -2.4479
v -3.6076 -61.8281 -3.2638
v -2.8288 -61.7036 -4.0798
v 0.0000 -61.5792 -4.8957
v 2.8288 -61.7036 -4.0798
v 3.6076 -61.8281 -3.2638
v 4.0669 -61.9525 -2.4479
v 4.3402 -62.0769 -1.6319
v 4.4798 -62.2013 -0.8160
v 4.5177 -62.3258 0.0000
v 4.6425 -62.7313 2.6596
v 4.7674 -63.1369 5.3191
v 4.8922 -63.5425 7.9787
v 5.0171 -63.9480 10.6382
v -5.6542 -62.3602 10.5343
v -5.5184 -62.1248 7.9007
v -5.3826 -61.8893 5.2671
v -5.2468 -61.6539 2.6336
v -5.1109 -61.4185 0.0000
v -5.0686 -61.3394 -0.8844
v -4.9127 -61.2603 -1.7688
v -4.6076 -61.1813 -2.6532
v -4.0946 -61.1022 -3.5376
v -3.2250 -61.0232 -4.4220
v 0.0000 -60.9441 -5.3063
v 3.2250 -61.0232 -4.4220
v 4.0946 -61.1022 -3.5376
v 4.6076 -61.1813 -2.6532
v 4.9127 -61.2603 -1.7688
v 5.0686 -61.3394 -0.8844
v 5.1109 -61.4185 0.0000
v 5.2468 -61.6539 2.6336
v 5.3826 -61.8893 5.2671
v 5.5184 -62.1248 7.9007
v 5.6542 -62.3602 10.5343
v -6.3070 -60.6763 10.4294
v -6.1613 -60.6108 7.8221
v -6.0156 -60.5453 5.2147
v -5.8699 -60.4797 2.6074
v -5.7242 -60.4142 0.0000
v -5.6776 -60.3903 -0.9533
v -5.5055 -60.3663 -1.9066
v -5.1688 -60.3424 -2.8599
v -4.6028 -60.3184 -3.8132
v -3.6432 -60.2945 -4.7665
v 0.0000 -60.2705 -5.7199
v 3.6432 -60.2945 -4.7665
v 4.6028 -60.3184 -3.8132
v 5.1688 -60.3424 -2.8599
v 5.5055 -60.3663 -1.9066
v 5.6776 -60.3903 -0.9533
v 5.7242 -60.4142 0.0000
v 5.8699 -60.4797 2.6074
v 6.0156 -60.5453 5.2147
v 6.1613 -60.6108 7.8221
v 6.3070 -60.6763 10.4294
v -6.9704 -58.8988 10.3248
v -6.8162 -58.8988 7.7436
v -6.6621 -58.8988 5.1624
v -6.5079 -58.8988 2.5812
v -6.3537 -58.8988 0.0000
v -6.3028 -58.8988 -1.0226
v -6.1150 -58.8988 -2.0452
v -5.7476 -58.8988 -3.0679
v -5.1299 -58.8988 -4.0905
v -4.0828 -58.8988 -5.1131
v 0.0000 -58.8988 -6.1357
v 4.0828 -58.8988 -5.1131
v 5.1299 -58.8988 -4.0905
v 5.7476 -58.8988 -3.0679
v 6.1150 -58.8988 -2.0452
v 6.3028 -58.8988 -1.0226
v 6.3537 -58.8988 0.0000
v 6.5079 -58.8988 2.5812
v 6.6621 -58.8988 5.1624
v 6.8162 -58.8988 7.7436
v 6.9704 -58.8988 10.3248
v -7.6393 -57.0304 10.2216
v -7.4783 -57.0304 7.6662
v -7.3173 -57.0304 5.1108
v -7.1562 -57.0304 2.5554
v -6.9952 -57.0304 0.0000
v -6.9402 -57.0304 -1.0923
v -6.7374 -57.0304 -2.1845
v -6.3406 -57.0304 -3.2768
v -5.6736 -57.0304 -4.3690
v -4.5428 -57.0304 -5.4613
v 0.0000 -57.0304 -6.5535
v 4.5428 -57.0304 -5.4613
v 5.6736 -57.0304 -4.3690
v 6.3406 -57.0304 -3.2768
v 6.7374 -57.0304 -2.1845
v 6.9402 -57.0304 -1.0923
v 6.9952 -57.0304 0.0000
v 7.1562 -57.0304 2.5554
v 7.3173 -57.0304 5.1108
v 7.4783 -57.0304 7.6662
v 7.6393 -57.0304 10.2216
v -8.3086 -55.0742 10.1210
v -8.1426 -55.0742 7.5907
v -7.9766 -55.0742 5.0605
v -7.8106 -55.0742 2.5302
v -7.6445 -55.0742 -0.0000
v -7.5857 -55.0742 -1.1621
v -7.3688 -55.0742 -2.3242
v -6.9446 -55.0742 -3.4864
v -6.2313 -55.0742 -4.6485
v -5.0220 -55.0742 -5.8106
v 0.0000 -55.0742 -6.9727
v 5.0220 -55.0742 -5.8106
v 6.2313 -55.0742 -4.6485
v 6.9446 -55.0742 -3.4864
v 7.3688 -55.0742 -2.3242
v 7.5857 -55.0742 -1.1621
v 7.6445 -55.0742 -0.0000
v 7.8106 -55.0742 2.5302
v 7.9766 -55.0742 5.0605
v 8.1426 -55.0742 7.5907
v 8.3086 -55.0742 10.1210
v -8.9729 -53.0330 10.0240
v -8.8040 -53.0330 7.5180
v -8.6351 -53.0330 5.0120
v -8.4662 -53.0330 2.5060
v -8.2973 -53.0330 0.0000
v -8.2350 -53.0330 -1.2321
v -8.0053 -53.0330 -2.4643
v -7.5558 -53.0330 -3.6964
v -6.8003 -53.0330 -4.9286
v -5.5194 -53.0330 -6.1607
v 0.0000 -53.0330 -7.3929
v 5.5194 -53.0330 -6.1607
v 6.8003 -53.0330 -4.9286
v 7.5558 -53.0330 -3.6964
v 8.0053 -53.0330 -2.4643
v 8.2350 -53.0330 -1.2321
v 8.2973 -53.0330 0.0000
v 8.4662 -53.0330 2.5060
v 8.6351 -53.0330 5.0120
v 8.8040 -53.0330 7.5180
v 8.9729 -53.0330 10.0240
v -9.6269 -50.9101 9.9318
v -9.4575 -50.9101 7.4489
v -9.2880 -50.9101 4.9659
v -9.1185 -50.9101 2.4830
v -8.9490 -50.9101 0.0000
v -8.8836 -50.9101 -1.2500
v -8.6425 -50.9101 -2.5000
v -8.1708 -50.9101 -3.7500
v -7.3778 -50.9101 -5.0000
v -6.0335 -50.9101 -6.2500
v 0.0000 -50.9101 -7.5000
v 6.0335 -50.9101 -6.2500
v 7.3778 -50.9101 -5.0000
v 8.1708 -50.9101 -3.7500
v 8.6425 -50.9101 -2.5000
v 8.8836 -50.9101 -1.2500
v 8.9490 -50.9101 0.0000
v 9.1185 -50.9101 2.4830
v 9.2880 -50.9101 4.9659
v 9.4575 -50.9101 7.4489
v 9.6269 -50.9101 9.9318
v -10.2655 -48.7086 9.8457
v -10.0979 -48.7086 7.3843
v -9.9302 -48.7086 4.9228
v -9.7626 -48.7086 2.4614
v -9.5950 -48.7086 -0.0000
v -9.5269 -48.7086 -1.2500
v -9.2762 -48.7086 -2.5000
v -8.7856 -48.7086 -3.7500
v -7.9609 -48.7086 -5.0000
v -6.5627 -48.7086 -6.2500
v 0.0000 -48.7086 -7.5000
v 6.5627 -48.7086 -6.2500
v 7.9609 -48.7086 -5.0000
v 8.7856 -48.7086 -3.7500
v 9.2762 -48.7086 -2.5000
v 9.5269 -48.7086 -1.2500
v 9.5950 -48.7086 -0.0000
v 9.7626 -48.7086 2.4614
v 9.9302 -48.7086 4.9228
v 10.0979 -48.7086 7.3843
v 10.2655 -48.7086 9.8457
v -10.8834 -46.4320 9.7667
v -10.7202 -46.4320 7.3250
v -10.5570 -46.4320 4.8833
v -10.3938 -46.4320 2.4417
v -10.2305 -46.4320 0.0000
v -10.1604 -46.4320 -1.2500
v -9.9020 -46.4320 -2.5000
v -9.3964 -46.4320 -3.7500
v -8.5464 -46.4320 -5.0000
v -7.1053 -46.4320 -6.2500
v 0.0000 -46.4320 -7.5000
v 7.1053 -46.4320 -6.2500
v 8.5464 -46.4320 -5.0000
v 9.3964 -46.4320 -3.7500
v 9.9020 -46.4320 -2.5000
v 10.1604 -46.4320 -1.2500
v 10.2305 -46.4320 0.0000
v 10.3938 -46.4320 2.4417
v 10.5570 -46.4320 4.8833
v 10.7202 -46.4320 7.3250
v 10.8834 -46.4320 9.7667
v -11.4755 -44.0839 9.6959
v -11.3194 -44.0839 7.2719
v -11.1633 -44.0839 4.8480
v -11.0071 -44.0839 2.4240
v -10.8510 -44.0839 0.0000
v -10.7794 -44.0839 -1.2500
v -10.5154 -44.0839 -2.5000
v -9.9990 -44.0839 -3.7500
v -9.1309 -44.0839 -5.0000
v -7.6591 -44.0839 -6.2500
v 0.0000 -44.0839 -7.5000
v 7.6591 -44.0839 -6.2500
v 9.1309 -44.0839 -5.0000
v 9.9990 -44.0839 -3.7500
v 10.5154 -44.0839 -2.5000
v 10.7794 -44.0839 -1.2500
v 10.8510 -44.0839 0.0000
v 11.0071 -44.0839 2.4240
v 11.1633 -44.0839 4.8480
v 11.3194 -44.0839 7.2719
v 11.4755 -44.0839 9.6959
v -12.0368 -41.6678 9.6345
v -11.8905 -41.6678 7.2258
v -11.7441 -41.6678 4.8172
v -11.5978 -41.6678 2.4086
v -11.4515 -41.6678 0.0000
v -11.3790 -41.6678 -1.2500
v -11.1119 -41.6678 -2.5000
v -10.5894 -41.6678 -3.7500
v -9.7109 -41.6678 -5.0000
v -8.2217 -41.6678 -6.2500
v 0.0000 -41.6678 -7.5000
v 8.2217 -41.6678 -6.2500
v 9.7109 -41.6678 -5.0000
v 10.5894 -41.6678 -3.7500
v 11.1119 -41.6678 -2.5000
v 11.3790 -41.6678 -1.2500
v 11.4515 -41.6678 0.0000
v 11.5978 -41.6678 2.4086
v 11.7441 -41.6678 4.8172
v 11.8905 -41.6678 7.2258
v 12.0368 -41.6678 9.6345
v -12.5624 -39.1874 9.5834
v -12.4286 -39.1874 7.1875
v -12.2948 -39.1874 4.7917
v -12.1610 -39.1874 2.3958
v -12.0272 -39.1874 0.0000
v -11.9546 -39.1874 -1.2500
v -11.6869 -39.1874 -2.5000
v -11.1632 -39.1874 -3.7500
v -10.2827 -39.1874 -5.0000
v -8.7901 -39.1874 -6.2500
v 0.0000 -39.1874 -7.5000
v 8.7901 -39.1874 -6.2500
v 10.2827 -39.1874 -5.0000
v 11.1632 -39.1874 -3.7500
v 11.6869 -39.1874 -2.5000
v 11.9546 -39.1874 -1.2500
v 12.0272 -39.1874 0.0000
v 12.1610 -39.1874 2.3958
v 12.2948 -39.1874 4.7917
v 12.4286 -39.1874 7.1875
v 12.5624 -39.1874 9.5834
v -13.0476 -36.6466 9.5436
v -12.9221 -36.6466 7.1577
v -12.7967 -36.6466 4.7718
v -12.6712 -36.6466 2.3859
v -12.5458 -36.6466 0.0000
v -12.4739 -36.6466 -1.2500
v -12.2089 -36.6466 -2.5000
v -11.6903 -36.6466 -3.7500
v -10.8186 -36.6466 -5.0000
v -9.3408 -36.6466 -6.2500
v 0.0000 -36.6466 -7.5000
v 9.3408 -36.6466 -6.2500
v 10.8186 -36.6466 -5.0000
v 11.6903 -36.6466 -3.7500
v 12.2089 -36.6466 -2.5000
v 12.4739 -36.6466 -1.2500
v 12.5458 -36.6466 0.0000
v 12.6712 -36.6466 2.3859
v 12.7967 -36.6466 4.7718
v 12.9221 -36.6466 7.1577
v 13.0476 -36.6466 9.5436
v -13.4880 -34.0493 9.5162
v -13.3583 -34.0493 7.1371
v -13.2286 -34.0493 4.7581
v -13.0989 -34.0493 2.3790
v -12.9692 -34.0493 0.0000
v -12.8991 -34.0493 -1.2500
v -12.6407 -34.0493 -2.5000
v -12.1350 -34.0493 -3.7500
v -11.2849 -34.0493 -5.0000
v -9.8437 -34.0493 -6.2500
v 0.0000 -34.0493 -7.5000
v 9.8437 -34.0493 -6.2500
v 11.2849 -34.0493 -5.0000
v 12.1350 -34.0493 -3.7500
v 12.6407 -34.0493 -2.5000
v 12.8991 -34.0493 -1.2500
v 12.9692 -34.0493 0.0000
v 13.0989 -34.0493 2.3790
v 13.2286 -34.0493 4.7581
v 13.3583 -34.0493 7.1371
v 13.4880 -34.0493 9.5162
v -13.8794 -31.3995 9.5019
v -13.7459 -31.3995 7.1265
v -13.6125 -31.3995 4.7510
v -13.4790 -31.3995 2.3755
v -13.3456 -31.3995 0.0000
v -13.2780 -31.3995 -1.2500
v -13.0288 -31.3995 -2.5000
v -12.5414 -31.3995 -3.7500
v -11.7219 -31.3995 -5.0000
v -10.3326 -31.3995 -6.2500
v 0.0000 -31.3995 -7.5000
v 10.3326 -31.3995 -6.2500
v 11.7219 -31.3995 -5.0000
v 12.5414 -31.3995 -3.7500
v 13.0288 -31.3995 -2.5000
v 13.2780 -31.3995 -1.2500
v 13.3456 -31.3995 0.0000
v 13.4790 -31.3995 2.3755
v 13.6125 -31.3995 4.7510
v 13.7459 -31.3995 7.1265
v 13.8794 -31.3995 9.5019
v -14.2178 -28.7013 9.5000
v -14.0811 -28.7013 7.1250
v -13.9444 -28.7013 4.7500
v -13.8077 -28.7013 2.3750
v -13.6710 -28.7013 0.0000
v -13.6043 -28.7013 -1.2500
v -13.3584 -28.7013 -2.5000
v -12.8772 -28.7013 -3.7500
v -12.0684 -28.7013 -5.0000
v -10.6972 -28.7013 -6.2500
v 0.0000 -28.7013 -7.5000
v 10.6972 -28.7013 -6.2500
v 12.0684 -28.7013 -5.0000
v 12.8772 -28.7013 -3.7500
v 13.3584 -28.7013 -2.5000
v 13.6043 -28.7013 -1.2500
v 13.6710 -28.7013 0.0000
v 13.8077 -28.7013 2.3750
v 13.9444 -28.7013 4.7500
v 14.0811 -28.7013 7.1250
v 14.2178 -28.7013 9.5000
v -14.4996 -25.9588 9.5000
v -14.3602 -25.9588 7.1250
v -14.2208 -25.9588 4.7500
v -14.0813 -25.9588 2.3750
v -13.9419 -25.9588 0.0000
v -13.8739 -25.9588 -1.2500
v -13.6231 -25.9588 -2.5000
v -13.1325 -25.9588 -3.7500
v -12.3076 -25.9588 -5.0000
v -10.9092 -25.9588 -6.2500
v 0.0000 -25.9588 -7.5000
v 10.9092 -25.9588 -6.2500
v 12.3076 -25.9588 -5.0000
v 13.1325 -25.9588 -3.7500
v 13.6231 -25.9588 -2.5000
v 13.8739 -25.9588 -1.2500
v 13.9419 -25.9588 0.0000
v 14.0813 -25.9588 2.3750
v 14.2208 -25.9588 4.7500
v 14.3602 -25.9588 7.1250
v 14.4996 -25.9588 9.5000
v -14.7215 -23.1763 9.5000
v -14.5799 -23.1763 7.1250
v -14.4383 -23.1763 4.7500
v -14.2968 -23.1763 2.3750
v -14.1552 -23.1763 0.0000
v -14.0862 -23.1763 -1.2500
v -13.8316 -23.1763 -2.5000
v -13.3334 -23.1763 -3.7500
v -12.4959 -23.1763 -5.0000
v -11.0761 -23.1763 -6.2500
v 0.0000 -23.1763 -7.5000
v 11.0761 -23.1763 -6.2500
v 12.4959 -23.1763 -5.0000
v 13.3334 -23.1763 -3.7500
v 13.8316 -23.1763 -2.5000
v 14.0862 -23.1763 -1.2500
v 14.1552 -23.1763 0.0000
v 14.2968 -23.1763 2.3750
v 14.4383 -23.1763 4.7500
v 14.5799 -23.1763 7.1250
v 14.7215 -23.1763 9.5000
v -14.8804 -20.3580 9.5000
v -14.7373 -20.3580 7.1250
v -14.5942 -20.3580 4.7500
v -14.4511 -20.3580 2.3750
v -14.3081 -20.3580 0.0000
v -14.2383 -20.3580 -1.2500
v -13.9809 -20.3580 -2.5000
v -13.4773 -20.3580 -3.7500
v -12.6308 -20.3580 -5.0000
v -11.1957 -20.3580 -6.2500
v 0.0000 -20.3580 -7.5000
v 11.1957 -20.3580 -6.2500
v 12.6308 -20.3580 -5.0000
v 13.4773 -20.3580 -3.7500
v 13.9809 -20.3580 -2.5000
v 14.2383 -20.3580 -1.2500
v 14.3081 -20.3580 0.0000
v 14.4511 -20.3580 2.3750
v 14.5942 -20.3580 4.7500
v 14.7373 -20.3580 7.1250
v 14.8804 -20.3580 9.5000
v -14.9738 -17.5084 9.5000
v -14.8298 -17.5084 7.1250
v -14.6858 -17.5084 4.7500
v -14.5418 -17.5084 2.3750
v -14.3979 -17.5084 0.0000
v -14.3276 -17.5084 -1.2500
v -14.0686 -17.5084 -2.5000
v -13.5619 -17.5084 -3.7500
v -12.7101 -17.5084 -5.0000
v -11.2660 -17.5084 -6.2500
v 0.0000 -17.5084 -7.5000
v 11.2660 -17.5084 -6.2500
v 12.7101 -17.5084 -5.0000
v 13.5619 -17.5084 -3.7500
v 14.0686 -17.5084 -2.5000
v 14.3276 -17.5084 -1.2500
v 14.3979 -17.5084 0.0000
v 14.5418 -17.5084 2.3750
v 14.6858 -17.5084 4.7500
v 14.8298 -17.5084 7.1250
v 14.9738 -17.5084 9.5000
v -15.0000 -14.6318 9.5000
v -14.8558 -14.6318 7.1250
v -14.7115 -14.6318 4.7500
v -14.5673 -14.6318 2.3750
v -14.4231 -14.6318 0.0000
v -14.3527 -14.6318 -1.2500
v -14.0933 -14.6318 -2.5000
v -13.5857 -14.6318 -3.7500
v -12.7323 -14.6318 -5.0000
v -11.2857 -14.6318 -6.2500
v 0.0000 -14.6318 -7.5000
v 11.2857 -14.6318 -6.2500
v 12.7323 -14.6318 -5.0000
v 13.5857 -14.6318 -3.7500
v 14.0933 -14.6318 -2.5000
v 14.3527 -14.6318 -1.2500
v 14.4231 -14.6318 0.0000
v 14.5673 -14.6318 2.3750
v 14.7115 -14.6318 4.7500
v 14.8558 -14.6318 7.1250
v 15.0000 -14.6318 9.5000
v -15.0000 -11.7326 9.5000
v -14.8558 -11.7326 7.1250
v -14.7115 -11.7326 4.7500
v -14.5673 -11.7326 2.3750
v -14.4231 -11.7326 0.0000
v -14.3527 -11.7326 -1.2500
v -14.0933 -11.7326 -2.5000
v -13.5857 -11.7326 -3.7500
v -12.7323 -11.7326 -5.0000
v -11.2857 -11.7326 -6.2500
v 0.0000 -11.7326 -7.5000
v 11.2857 -11.7326 -6.2500
v 12.7323 -11.7326 -5.0000
v 13.5857 -11.7326 -3.7500
v 14.0933 -11.7326 -2.5000
v 14.3527 -11.7326 -1.2500
v 14.4231 -11.7326 0.0000
v 14.5673 -11.7326 2.3750
v 14.7115 -11.7326 4.7500
v 14.8558 -11.7326 7.1250
v 15.0000 -11.7326 9.5000
v -15.0000 -8.8153 9.5000
v -14.8558 -8.8153 7.1250
v -14.7115 -8.8153 4.7500
v -14.5673 -8.8153 2.3750
v -14.4231 -8.8153 0.0000
v -14.3527 -8.8153 -1.2500
v -14.0933 -8.8153 -2.5000
v -13.5857 -8.8153 -3.7500
v -12.7323 -8.8153 -5.0000
v -11.2857 -8.8153 -6.2500
v 0.0000 -8.8153 -7.5000
v 11.2857 -8.8153 -6.2500
v 12.7323 -8.8153 -5.0000
v 13.5857 -8.8153 -3.7500
v 14.0933 -8.8153 -2.5000
v 14.3527 -8.8153 -1.2500
v 14.4231 -8.8153 0.0000
v 14.5673 -8.8153 2.3750
v 14.7115 -8.8153 4.7500
v 14.8558 -8.8153 7.1250
v 15.0000 -8.8153 9.5000
v -15.0000 -5.8844 9.5000
v -14.8558 -5.8844 7.1250
v -14.7115 -5.8844 4.7500
v -14.5673 -5.8844 2.3750
v -14.4231 -5.8844 0.0000
v -14.3527 -5.8844 -1.2500
v -14.0933 -5.8844 -2.5000
v -13.5857 -5.8844 -3.7500
v -12.7323 -5.8844 -5.0000
v -11.2857 -5.8844 -6.2500
v 0.0000 -5.8844 -7.5000
v 11.2857 -5.8844 -6.2500
v 12.7323 -5.8844 -5.0000
v 13.5857 -5.8844 -3.7500
v 14.0933 -5.8844 -2.5000
v 14.3527 -5.8844 -1.2500
v 14.4231 -5.8844 0.0000
v 14.5673 -5.8844 2.3750
v 14.7115 -5.8844 4.7500
v 14.8558 -5.8844 7.1250
v 15.0000 -5.8844 9.5000
v -15.0000 -2.9445 9.5000
v -14.8558 -2.9445 7.1250
v -14.7115 -2.9445 4.7500
v -14.5673 -2.9445 2.3750
v -14.4231 -2.9445 0.0000
v -14.3527 -2.9445 -1.2500
v -14.0933 -2.9445 -2.5000
v -13.5857 -2.9445 -3.7500
v -12.7323 -2.9445 -5.0000
v -11.2857 -2.9445 -6.2500
v 0.0000 -2.9445 -7.5000
v 11.2857 -2.9445 -6.2500
v 12.7323 -2.9445 -5.0000
v 13.5857 -2.9445 -3.7500
v 14.0933 -2.9445 -2.5000
v 14.3527 -2.9445 -1.2500
v 14.4231 -2.9445 0.0000
v 14.5673 -2.9445 2.3750
v 14.7115 -2.9445 4.7500
v 14.8558 -2.9445 7.1250
v 15.0000 -2.9445 9.5000
v -15.0000 -0.0000 9.5000
v -14.8558 -0.0000 7.1250
v -14.7115 -0.0000 4.7500
v -14.5673 -0.0000 2.3750
v -14.4231 -0.0000 0.0000
v -14.3527 -0.0000 -1.2500
v -14.0933 -0.0000 -2.5000
v -13.5857 -0.0000 -3.7500
v -12.7323 -0.0000 -5.0000
v -11.2857 -0.0000 -6.2500
v 0.0000 -0.0000 -7.5000
v 11.2857 -0.0000 -6.2500
v 12.7323 -0.0000 -5.0000
v 13.5857 -0.0000 -3.7500
v 14.0933 -0.0000 -2.5000
v 14.3527 -0.0000 -1.2500
v 14.4231 -0.0000 0.0000
v 14.5673 -0.0000 2.3750
v 14.7115 -0.0000 4.7500
v 14.8558 -0.0000 7.1250
v 15.0000 -0.0000 9.5000
v -15.0000 2.9445 9.5000
v -14.8558 2.9445 7.1250
v -14.7115 2.9445 4.7500
v -14.5673 2.9445 2.3750
v -14.4231 2.9445 0.0000
v -14.3527 2.9445 -1.2500
v -14.0933 2.9445 -2.5000
v -13.5857 2.9445 -3.7500
v -12.7323 2.9445 -5.0000
v -11.2857 2.9445 -6.2500
v 0.0000 2.9445 -7.5000
v 11.2857 2.9445 -6.2500
v 12.7323 2.9445 -5.0000
v 13.5857 2.9445 -3.7500
v 14.0933 2.9445 -2.5000
v 14.3527 2.9445 -1.2500
v 14.4231 2.9445 0.0000
v 14.5673 2.9445 2.3750
v 14.7115 2.9445 4.7500
v 14.8558 2.9445 7.1250
v 15.0000 2.9445 9.5000
v -15.0000 5.8844 9.5000
v -14.8558 5.8844 7.1250
v -14.7115 5.8844 4.7500
v -14.5673 5.8844 2.3750
v -14.4231 5.8844 0.0000
v -14.3527 5.8844 -1.2500
v -14.0933 5.8844 -2.5000
v -13.5857 5.8844 -3.7500
v -12.7323 5.8844 -5.0000
v -11.2857 5.8844 -6.2500
v 0.0000 5.8844 -7.5000
v 11.2857 5.8844 -6.2500
v 12.7323 5.8844 -5.0000
v 13.5857 5.8844 -3.7500
v 14.0933 5.8844 -2.5000
v 14.3527 5.8844 -1.2500
v 14.4231 5.8844 0.0000
v 14.5673 5.8844 2.3750
v 14.7115 5.8844 4.7500
v 14.8558 5.8844 7.1250
v 15.0000 5.8844 9.5000
v -15.0000 8.8153 9.5000
v -14.8558 8.8153 7.1250
v -14.7115 8.8153 4.7500
v -14.5673 8.8153 2.3750
v -14.4231 8.8153 0.0000
v -14.3527 8.8153 -1.2500
v -14.0933 8.8153 -2.5000
v -13.5857 8.8153 -3.7500
v -12.7323 8.8153 -5.0000
v -11.2857 8.8153 -6.2500
v 0.0000 8.8153 -7.5000
v 11.2857 8.8153 -6.2500
v 12.7323 8.8153 -5.0000
v 13.5857 8.8153 -3.7500
v 14.0933 8.8153 -2.5000
v 14.3527 8.8153 -1.2500
v 14.4231 8.8153 0.0000
v 14.5673 8.8153 2.3750
v 14.7115 8.8153 4.7500
v 14.8558 8.8153 7.1250
v 15.0000 8.8153 9.5000
v -15.0000 11.7326 9.5000
v -14.8558 11.7326 7.1250
v -14.7115 11.7326 4.7500
v -14.5673 11.7326 2.3750
v -14.4231 11.7326 0.0000
v -14.3527 11.7326 -1.2500
v -14.0933 11.7326 -2.5000
v -13.5857 11.7326 -3.7500
v -12.7323 11.7326 -5.0000
v -11.2857 11.7326 -6.2500
v 0.0000 11.7326 -7.5000
v 11.2857 11.7326 -6.2500
v 12.7323 11.7326 -5.0000
v 13.5857 11.7326 -3.7500
v 14.0933 11.7326 -2.5000
v 14.3527 11.7326 -1.2500
v 14.4231 11.7326 0.0000
v 14.5673 11.7326 2.3750
v 14.7115 11.7326 4.7500
v 14.8558 11.7326 7.1250
v 15.0000 11.7326 9.5000
v -15.0000 14.6318 9.5000
v -14.8558 14.6318 7.1250
v -14.7115 14.6318 4.7500
v -14.5673 14.6318 2.3750
v -14.4231 14.6318 0.0000
v -14.3527 14.6318 -1.2500
v -14.0933 14.6318 -2.5000
v -13.5857 14.6318 -3.7500
v -12.7323 14.6318 -5.0000
v -11.2857 14.6318 -6.2500
v 0.0000 14.6318 -7.5000
v 11.2857 14.6318 -6.2500
v 12.7323 14.6318 -5.0000
v 13.5857 14.6318 -3.7500
v 14.0933 14.6318 -2.5000
v 14.3527 14.6318 -1.2500
v 14.4231 14.6318 0.0000
v 14.5673 14.6318 2.3750
v 14.7115 14.6318 4.7500
v 14.8558 14.6318 7.1250
v 15.0000 14.6318 9.5000
v -15.0000 17.5084 9.5000
v -14.8558 17.5084 7.1250
v -14.7115 17.5084 4.7500
v -14.5673 17.5084 2.3750
v -14.4231 17.5084 0.0000
v -14.3527 17.5084 -1.2500
v -14.0933 17.5084 -2.5000
v -13.5857 17.5084 -3.7500
v -12.7323 17.5084 -5.0000
v -11.2857 17.5084 -6.2500
v 0.0000 17.5084 -7.5000
v 11.2857 17.5084 -6.2500
v 12.7323 17.5084 -5.0000
v 13.5857 17.5084 -3.7500
v 14.0933 17.5084 -2.5000
v 14.3527 17.5084 -1.2500
v 14.4231 17.5084 0.0000
v 14.5673 17.5084 2.3750
v 14.7115 17.5084 4.7500
v 14.8558 17.5084 7.1250
v 15.0000 17.5084 9.5000
v -15.0000 20.3580 9.5000
v -14.8558 20.3580 7.1250
v -14.7115 20.3580 4.7500
v -14.5673 20.3580 2.3750
v -14.4231 20.3580 0.0000
v -14.3527 20.3580 -1.2500
v -14.0933 20.3580 -2.5000
v -13.5857 20.3580 -3.7500
v -12.7323 20.3580 -5.0000
v -11.2857 20.3580 -6.2500
v 0.0000 20.3580 -7.5000
v 11.2857 20.3580 -6.2500
v 12.7323 20.3580 -5.0000
v 13.5857 20.3580 -3.7500
v 14.0933 20.3580 -2.5000
v 14.3527 20.3580 -1.2500
v 14.4231 20.3580 0.0000
v 14.5673 20.3580 2.3750
v 14.7115 20.3580 4.7500
v 14.8558 20.3580 7.1250
v 15.0000 20.3580 9.5000
v -15.0000 23.1763 9.5000
v -14.8558 23.1763 7.1250
v -14.7115 23.1763 4.7500
v -14.5673 23.1763 2.3750
v -14.4231 23.1763 0.0000
v -14.3527 23.1763 -1.2500
v -14.0933 23.1763 -2.5000
v -13.5857 23.1763 -3.7500
v -12.7323 23.1763 -5.0000
v -11.2857 23.1763 -6.2500
v 0.0000 23.1763 -7.5000
v 11.2857 23.1763 -6.2500
v 12.7323 23.1763 -5.0000
v 13.5857 23.1763 -3.7500
v 14.0933 23.1763 -2.5000
v 14.3527 23.1763 -1.2500
v 14.4231 23.1763 0.0000
v 14.5673 23.1763 2.3750
v 14.7115 23.1763 4.7500
v 14.8558 23.1763 7.1250
v 15.0000 23.1763 9.5000
v -15.0000 25.9588 9.5000
v -14.8558 25.9588 7.1250
v -14.7115 25.9588 4.7500
v -14.5673 25.9588 2.3750
v -14.4231 25.9588 0.0000
v -14.3527 25.9588 -1.2500
v -14.0933 25.9588 -2.5000
v -13.5857 25.9588 -3.7500
v -12.7323 25.9588 -5.0000
v -11.2857 25.9588 -6.2500
v 0.0000 25.9588 -7.5000
v 11.2857 25.9588 -6.2500
v 12.7323 25.9588 -5.0000
v 13.5857 25.9588 -3.7500
v 14.0933 25.9588 -2.5000
v 14.3527 25.9588 -1.2500
v 14.4231 25.9588 0.0000
v 14.5673 25.9588 2.3750
v 14.7115 25.9588 4.7500
v 14.8558 25.9588 7.1250
v 15.0000 25.9588 9.5000
v -15.0000 28.7013 9.5000
v -14.8558 28.7013 7.1250
v -14.7115 28.7013 4.7500
v -14.5673 28.7013 2.3750
v -14.4231 28.7013 0.0000
v -14.3527 28.7013 -1.2500
v -14.0933 28.7013 -2.5000
v -13.5857 28.7013 -3.7500
v -12.7323 28.7013 -5.0000
v -11.2857 28.7013 -6.2500
v 0.0000 28.7013 -7.5000
v 11.2857 28.7013 -6.2500
v 12.7323 28.7013 -5.0000
v 13.5857 28.7013 -3.7500
v 14.0933 28.7013 -2.5000
v 14.3527 28.7013 -1.2500
v 14.4231 28.7013 0.0000
v 14.5673 28.7013 2.3750
v 14.7115 28.7013 4.7500
v 14.8558 28.7013 7.1250
v 15.0000 28.7013 9.5000
v -15.0000 31.3995 9.5000
v -14.8558 31.3995 7.1250
v -14.7115 31.3995 4.7500
v -14.5673 31.3995 2.3750
v -14.4231 31.3995 0.0000
v -14.3520 31.3995 -1.2332
v -14.0899 31.3995 -2.4663
v -13.5772 31.3995 -3.6995
v -12.7151 31.3995 -4.9327
v -11.2538 31.3995 -6.1659
v 0.0000 31.3995 -7.3990
v 11.2538 31.3995 -6.1659
v 12.7151 31.3995 -4.9327
v 13.5772 31.3995 -3.6995
v 14.0899 31.3995 -2.4663
v 14.3520 31.3995 -1.2332
v 14.4231 31.3995 0.0000
v 14.5673 31.3995 2.3750
v 14.7115 31.3995 4.7500
v 14.8558 31.3995 7.1250
v 15.0000 31.3995 9.5000
v -15.0000 34.0493 9.5000
v -14.8558 34.0493 7.1250
v -14.7115 34.0493 4.7500
v -14.5673 34.0493 2.3750
v -14.4231 34.0493 0.0000
v -14.3501 34.0493 -1.1898
v -14.0813 34.0493 -2.3796
v -13.5552 34.0493 -3.5693
v -12.6708 34.0493 -4.7591
v -11.1715 34.0493 -5.9489
v 0.0000 34.0493 -7.1387
v 11.1715 34.0493 -5.9489
v 12.6708 34.0493 -4.7591
v 13.5552 34.0493 -3.5693
v 14.0813 34.0493 -2.3796
v 14.3501 34.0493 -1.1898
v 14.4231 34.0493 0.0000
v 14.5673 34.0493 2.3750
v 14.7115 34.0493 4.7500
v 14.8558 34.0493 7.1250
v 15.0000 34.0493 9.5000
v -14.9979 36.6466 9.5000
v -14.8537 36.6466 7.1250
v -14.7095 36.6466 4.7500
v -14.5653 36.6466 2.3750
v -14.4211 36.6466 0.0000
v -14.3461 36.6466 -1.1408
v -14.0696 36.6466 -2.2817
v -13.5286 36.6466 -3.4225
v -12.6191 36.6466 -4.5634
v -11.0773 36.6466 -5.7042
v 0.0000 36.6466 -6.8451
v 11.0773 36.6466 -5.7042
v 12.6191 36.6466 -4.5634
v 13.5286 36.6466 -3.4225
v 14.0696 36.6466 -2.2817
v 14.3461 36.6466 -1.1408
v 14.4211 36.6466 0.0000
v 14.5653 36.6466 2.3750
v 14.7095 36.6466 4.7500
v 14.8537 36.6466 7.1250
v 14.9979 36.6466 9.5000
v -14.9499 39.1874 9.5000
v -14.8062 39.1874 7.1250
v -14.6624 39.1874 4.7500
v -14.5187 39.1874 2.3750
v -14.3749 39.1874 0.0000
v -14.2980 39.1874 -1.0890
v -14.0142 39.1874 -2.1781
v -13.4591 39.1874 -3.2671
v -12.5259 39.1874 -4.3561
v -10.9439 39.1874 -5.4452
v 0.0000 39.1874 -6.5342
v 10.9439 39.1874 -5.4452
v 12.5259 39.1874 -4.3561
v 13.4591 39.1874 -3.2671
v 14.0142 39.1874 -2.1781
v 14.2980 39.1874 -1.0890
v 14.3749 39.1874 0.0000
v 14.5187 39.1874 2.3750
v 14.6624 39.1874 4.7500
v 14.8062 39.1874 7.1250
v 14.9499 39.1874 9.5000
v -14.8416 41.6678 9.5000
v -14.6989 41.6678 7.1250
v -14.5562 41.6678 4.7500
v -14.4135 41.6678 2.3750
v -14.2708 41.6678 0.0000
v -14.1921 41.6678 -1.0356
v -13.9022 41.6678 -2.0711
v -13.3349 41.6678 -3.1067
v -12.3811 41.6678 -4.1423
v -10.7643 41.6678 -5.1778
v 0.0000 41.6678 -6.2134
v 10.7643 41.6678 -5.1778
v 12.3811 41.6678 -4.1423
v 13.3349 41.6678 -3.1067
v 13.9022 41.6678 -2.0711
v 14.1921 41.6678 -1.0356
v 14.2708 41.6678 0.0000
v 14.4135 41.6678 2.3750
v 14.5562 41.6678 4.7500
v 14.6989 41.6678 7.1250
v 14.8416 41.6678 9.5000
v -14.6778 44.0839 9.5000
v -14.5366 44.0839 7.1250
v -14.3955 44.0839 4.7500
v -14.2544 44.0839 2.3750
v -14.1132 44.0839 0.0000
v -14.0332 44.0839 -0.9812
v -13.7381 44.0839 -1.9625
v -13.1608 44.0839 -2.9437
v -12.1902 44.0839 -3.9249
v -10.5447 44.0839 -4.9062
v 0.0000 44.0839 -5.8874
v 10.5447 44.0839 -4.9062
v 12.1902 44.0839 -3.9249
v 13.1608 44.0839 -2.9437
v 13.7381 44.0839 -1.9625
v 14.0332 44.0839 -0.9812
v 14.1132 44.0839 0.0000
v 14.2544 44.0839 2.3750
v 14.3955 44.0839 4.7500
v 14.5366 44.0839 7.1250
v 14.6778 44.0839 9.5000
v -14.4634 46.4320 9.5018
v -14.3243 46.4320 7.1264
v -14.1852 46.4320 4.7509
v -14.0462 46.4320 2.3755
v -13.9071 46.4320 0.0000
v -13.8260 46.4320 -0.9266
v -13.5269 46.4320 -1.8532
v -12.9419 46.4320 -2.7798
v -11.9583 46.4320 -3.7064
v -10.2908 46.4320 -4.6330
v 0.0000 46.4320 -5.5596
v 10.2908 46.4320 -4.6330
v 11.9583 46.4320 -3.7064
v 12.9419 46.4320 -2.7798
v 13.5269 46.4320 -1.8532
v 13.8260 46.4320 -0.9266
v 13.9071 46.4320 0.0000
v 14.0462 46.4320 2.3755
v 14.1852 46.4320 4.7509
v 14.3243 46.4320 7.1264
v 14.4634 46.4320 9.5018
v -14.2036 48.7086 9.5122
v -14.0670 48.7086 7.1342
v -13.9305 48.7086 4.7561
v -13.7939 48.7086 2.3781
v -13.6573 48.7086 -0.0000
v -13.5755 48.7086 -0.8721
v -13.2737 48.7086 -1.7442
v -12.6833 48.7086 -2.6164
v -11.6908 48.7086 -3.4885
v -10.0082 48.7086 -4.3606
v 0.0000 48.7086 -5.2327
v 10.0082 48.7086 -4.3606
v 11.6908 48.7086 -3.4885
v 12.6833 48.7086 -2.6164
v 13.2737 48.7086 -1.7442
v 13.5755 48.7086 -0.8721
v 13.6573 48.7086 -0.0000
v 13.7939 48.7086 2.3781
v 13.9305 48.7086 4.7561
v 14.0670 48.7086 7.1342
v 14.2036 48.7086 9.5122
v -13.9038 50.9101 9.5310
v -13.7701 50.9101 7.1483
v -13.6364 50.9101 4.7655
v -13.5027 50.9101 2.3828
v -13.3690 50.9101 -0.0000
v -13.2868 50.9101 -0.8181
v -12.9836 50.9101 -1.6363
v -12.3903 50.9101 -2.4544
v -11.3929 50.9101 -3.2726
v -9.7021 50.9101 -4.0907
v 0.0000 50.9101 -4.9089
v 9.7021 50.9101 -4.0907
v 11.3929 50.9101 -3.2726
v 12.3903 50.9101 -2.4544
v 12.9836 50.9101 -1.6363
v 13.2868 50.9101 -0.8181
v 13.3690 50.9101 -0.0000
v 13.5027 50.9101 2.3828
v 13.6364 50.9101 4.7655
v 13.7701 50.9101 7.1483
v 13.9038 50.9101 9.5310
v -13.5694 53.0330 9.5574
v -13.4389 53.0330 7.1680
v -13.3085 53.0330 4.7787
v -13.1780 53.0330 2.3893
v -13.0475 53.0330 0.0000
v -12.9652 53.0330 -0.7650
v -12.6617 53.0330 -1.5300
v -12.0680 53.0330 -2.2950
v -11.0698 53.0330 -3.0601
v -9.3777 53.0330 -3.8251
v 0.0000 53.0330 -4.5901
v 9.3777 53.0330 -3.8251
v 11.0698 53.0330 -3.0601
v 12.0680 53.0330 -2.2950
v 12.6617 53.0330 -1.5300
v 12.9652 53.0330 -0.7650
v 13.0475 53.0330 0.0000
v 13.1780 53.0330 2.3893
v 13.3085 53.0330 4.7787
v 13.4389 53.0330 7.1680
v 13.5694 53.0330 9.5574
v -13.2060 55.0742 9.5902
v -13.0790 55.0742 7.1927
v -12.9520 55.0742 4.7951
v -12.8251 55.0742 2.3976
v -12.6981 55.0742 0.0000
v -12.6160 55.0742 -0.7130
v -12.3135 55.0742 -1.4260
v -11.7216 55.0742 -2.1390
v -10.7266 55.0742 -2.8520
v -9.0397 55.0742 -3.5650
v 0.0000 55.0742 -4.2780
v 9.0397 55.0742 -3.5650
v 10.7266 55.0742 -2.8520
v 11.7216 55.0742 -2.1390
v 12.3135 55.0742 -1.4260
v 12.6160 55.0742 -0.7130
v 12.6981 55.0742 0.0000
v 12.8251 55.0742 2.3976
v 12.9520 55.0742 4.7951
v 13.0790 55.0742 7.1927
v 13.2060 55.0742 9.5902
v -12.8191 57.0304 9.6287
v -12.6959 57.0304 7.2215
v -12.5726 57.0304 4.8143
v -12.4494 57.0304 2.4072
v -12.3261 57.0304 0.0000
v -12.2446 57.0304 -0.6623
v -11.9441 57.0304 -1.3247
v -11.3563 57.0304 -1.9870
v -10.3681 57.0304 -2.6493
v -8.6928 57.0304 -3.3117
v 0.0000 57.0304 -3.9740
v 8.6928 57.0304 -3.3117
v 10.3681 57.0304 -2.6493
v 11.3563 57.0304 -1.9870
v 11.9441 57.0304 -1.3247
v 12.2446 57.0304 -0.6623
v 12.3261 57.0304 0.0000
v 12.4494 57.0304 2.4072
v 12.5726 57.0304 4.8143
v 12.6959 57.0304 7.2215
v 12.8191 57.0304 9.6287
v -12.4144 58.8988 9.6717
v -12.2951 58.8988 7.2538
v -12.1757 58.8988 4.8359
v -12.0563 58.8988 2.4179
v -11.9370 58.8988 0.0000
v -11.8563 58.8988 -0.6133
v -11.5590 58.8988 -1.2265
v -10.9773 58.8988 -1.8398
v -9.9993 58.8988 -2.4530
v -8.3414 58.8988 -3.0663
v 0.0000 58.8988 -3.6796
v 8.3414 58.8988 -3.0663
v 9.9993 58.8988 -2.4530
v 10.9773 58.8988 -1.8398
v 11.5590 58.8988 -1.2265
v 11.8563 58.8988 -0.6133
v 11.9370 58.8988 0.0000
v 12.0563 58.8988 2.4179
v 12.1757 58.8988 4.8359
v 12.2951 58.8988 7.2538
v 12.4144 58.8988 9.6717
v -11.9974 60.6763 9.7184
v -11.8821 60.6763 7.2888
v -11.7667 60.6763 4.8592
v -11.6514 60.6763 2.4296
v -11.5360 60.6763 0.0000
v -11.4565 60.6763 -0.5660
v -11.1632 60.6763 -1.1320
v -10.5894 60.6763 -1.6979
v -9.6248 60.6763 -2.2639
v -7.9895 60.6763 -2.8299
v 0.0000 60.6763 -3.3959
v 7.9895 60.6763 -2.8299
v 9.6248 60.6763 -2.2639
v 10.5894 60.6763 -1.6979
v 11.1632 60.6763 -1.1320
v 11.4565 60.6763 -0.5660
v 11.5360 60.6763 0.0000
v 11.6514 60.6763 2.4296
v 11.7667 60.6763 4.8592
v 11.8821 60.6763 7.2888
v 11.9974 60.6763 9.7184
v -11.5737 62.3602 9.7679
v -11.4624 62.3602 7.3259
v -11.3511 62.3602 4.8839
v -11.2398 62.3602 2.4420
v -11.1285 62.3602 0.0000
v -11.0503 62.3602 -0.5207
v -10.7619 62.3602 -1.0414
v -10.1977 62.3602 -1.5620
v -9.2491 62.3602 -2.0827
v -7.6411 62.3602 -2.6034
v 0.0000 62.3602 -3.1241
v 7.6411 62.3602 -2.6034
v 9.2491 62.3602 -2.0827
v 10.1977 62.3602 -1.5620
v 10.7619 62.3602 -1.0414
v 11.0503 62.3602 -0.5207
v 11.1285 62.3602 0.0000
v 11.2398 62.3602 2.4420
v 11.3511 62.3602 4.8839
v 11.4624 62.3602 7.3259
v 11.5737 62.3602 9.7679
v -11.1485 63.9480 9.8191
v -11.0413 63.9480 7.3644
v -10.9341 63.9480 4.9096
v -10.8269 63.9480 2.4548
v -10.7197 63.9480 0.0000
v -10.6430 63.9480 -0.4775
v -10.3601 63.9480 -0.9551
v -9.8068 63.9480 -1.4326
v -8.8766 63.9480 -1.9101
v -7.2996 63.9480 -2.3876
v 0.0000 63.9480 -2.8652
v 7.2996 63.9480 -2.3876
v 8.8766 63.9480 -1.9101
v 9.8068 63.9480 -1.4326
v 10.3601 63.9480 -0.9551
v 10.6430 63.9480 -0.4775
v 10.7197 63.9480 0.0000
v 10.8269 63.9480 2.4548
v 10.9341 63.9480 4.9096
v 11.0413 63.9480 7.3644
v 11.1485 63.9480 9.8191
v -10.7271 65.4372 9.8713
v -10.6239 65.4372 7.4035
v -10.5208 65.4372 4.9356
v -10.4176 65.4372 2.4678
v -10.3145 65.4372 -0.0000
v -10.2394 65.4372 -0.4367
v -9.9627 65.4372 -0.8734
v -9.4214 65.4372 -1.3101
v -8.5112 65.4372 -1.7467
v -6.9683 65.4372 -2.1834
v 0.0000 65.4372 -2.6201
v 6.9683 65.4372 -2.1834
v 8.5112 65.4372 -1.7467
v 9.4214 65.4372 -1.3101
v 9.9627 65.4372 -0.8734
v 10.2394 65.4372 -0.4367
v 10.3145 65.4372 -0.0000
v 10.4176 65.4372 2.4678
v 10.5208 65.4372 4.9356
v 10.6239 65.4372 7.4035
v 10.7271 65.4372 9.8713
v -10.3145 66.8255 9.9234
v -10.2154 66.8255 7.4426
v -10.1162 66.8255 4.9617
v -10.0170 66.8255 2.4809
v -9.9178 66.8255 0.0000
v -9.8445 66.8255 -0.3983
v -9.5743 66.8255 -0.7966
v -9.0457 66.8255 -1.1949
v -8.1569 66.8255 -1.5932
v -6.6503 66.8255 -1.9915
v 0.0000 66.8255 -2.3898
v 6.6503 66.8255 -1.9915
v 8.1569 66.8255 -1.5932
v 9.0457 66.8255 -1.1949
v 9.5743 66.8255 -0.7966
v 9.8445 66.8255 -0.3983
v 9.9178 66.8255 0.0000
v 10.0170 66.8255 2.4809
v 10.1162 66.8255 4.9617
v 10.2154 66.8255 7.4426
v 10.3145 66.8255 9.9234
v -9.9157 68.1107 9.9748
v -9.8203 68.1107 7.4811
v -9.7250 68.1107 4.9874
v -9.6297 68.1107 2.4937
v -9.5343 68.1107 0.0000
v -9.4629 68.1107 -0.3625
v -9.1994 68.1107 -0.7250
v -8.6839 68.1107 -1.0875
v -7.8174 68.1107 -1.4500
v -6.3483 68.1107 -1.8125
v 0.0000 68.1107 -2.1751
v 6.3483 68.1107 -1.8125
v 7.8174 68.1107 -1.4500
v 8.6839 68.1107 -1.0875
v 9.1994 68.1107 -0.7250
v 9.4629 68.1107 -0.3625
v 9.5343 68.1107 0.0000
v 9.6297 68.1107 2.4937
v 9.7250 68.1107 4.9874
v 9.8203 68.1107 7.4811
v 9.9157 68.1107 9.9748
v -9.5351 69.2910 10.0245
v -9.4434 69.2910 7.5184
v -9.3517 69.2910 5.0122
v -9.2600 69.2910 2.5061
v -9.1683 69.2910 0.0000
v -9.0987 69.2910 -0.3294
v -8.8421 69.2910 -0.6589
v -8.3399 69.2910 -0.9883
v -7.4958 69.2910 -1.3177
v -6.0647 69.2910 -1.6471
v 0.0000 69.2910 -1.9766
v 6.0647 69.2910 -1.6471
v 7.4958 69.2910 -1.3177
v 8.3399 69.2910 -0.9883
v 8.8421 69.2910 -0.6589
v 9.0987 69.2910 -0.3294
v 9.1683 69.2910 0.0000
v 9.2600 69.2910 2.5061
v 9.3517 69.2910 5.0122
v 9.4434 69.2910 7.5184
v 9.5351 69.2910 10.0245
v -9.1770 70.3644 10.0719
v -9.0887 70.3644 7.5539
v -9.0005 70.3644 5.0359
v -8.9123 70.3644 2.5180
v -8.8240 70.3644 0.0000
v -8.7562 70.3644 -0.2992
v -8.5063 70.3644 -0.5983
v -8.0174 70.3644 -0.8975
v -7.1954 70.3644 -1.1967
v -5.8019 70.3644 -1.4958
v 0.0000 70.3644 -1.7950
v 5.8019 70.3644 -1.4958
v 7.1954 70.3644 -1.1967
v 8.0174 70.3644 -0.8975
v 8.5063 70.3644 -0.5983
v 8.7562 70.3644 -0.2992
v 8.8240 70.3644 0.0000
v 8.9123 70.3644 2.5180
v 9.0005 70.3644 5.0359
v 9.0887 70.3644 7.5539
v 9.1770 70.3644 10.0719
v -8.8454 71.3292 10.1162
v -8.7603 71.3292 7.5872
v -8.6753 71.3292 5.0581
v -8.5902 71.3292 2.5291
v -8.5052 71.3292 0.0000
v -8.4392 71.3292 -0.2718
v -8.1957 71.3292 -0.5437
v -7.7195 71.3292 -0.8155
v -6.9189 71.3292 -1.0873
v -5.5617 71.3292 -1.3591
v 0.0000 71.3292 -1.6310
v 5.5617 71.3292 -1.3591
v 6.9189 71.3292 -1.0873
v 7.7195 71.3292 -0.8155
v 8.1957 71.3292 -0.5437
v 8.4392 71.3292 -0.2718
v 8.5052 71.3292 0.0000
v 8.5902 71.3292 2.5291
v 8.6753 71.3292 5.0581
v 8.7603 71.3292 7.5872
v 8.8454 71.3292 10.1162
v -8.5439 72.1841 10.1569
v -8.4618 72.1841 7.6177
v -8.3796 72.1841 5.0784
v -8.2975 72.1841 2.5392
v -8.2153 72.1841 0.0000
v -8.1510 72.1841 -0.2475
v -7.9137 72.1841 -0.4950
v -7.4494 72.1841 -0.7425
v -6.6690 72.1841 -0.9900
v -5.3458 72.1841 -1.2375
v 0.0000 72.1841 -1.4850
v 5.3458 72.1841 -1.2375
v 6.6690 72.1841 -0.9900
v 7.4494 72.1841 -0.7425
v 7.9137 72.1841 -0.4950
v 8.1510 72.1841 -0.2475
v 8.2153 72.1841 0.0000
v 8.2975 72.1841 2.5392
v 8.3796 72.1841 5.0784
v 8.4618 72.1841 7.6177
v 8.5439 72.1841 10.1569
v -8.2758 72.9277 10.1933
v -8.1963 72.9277 7.6450
v -8.1167 72.9277 5.0966
v -8.0371 72.9277 2.5483
v -7.9575 72.9277 -0.0000
v -7.8947 72.9277 -0.2263
v -7.6630 72.9277 -0.4525
v -7.2097 72.9277 -0.6788
v -6.4477 72.9277 -0.9050
v -5.1559 72.9277 -1.1313
v 0.0000 72.9277 -1.3575
v 5.1559 72.9277 -1.1313
v 6.4477 72.9277 -0.9050
v 7.2097 72.9277 -0.6788
v 7.6630 72.9277 -0.4525
v 7.8947 72.9277 -0.2263
v 7.9575 72.9277 -0.0000
v 8.0371 72.9277 2.5483
v 8.1167 72.9277 5.0966
v 8.1963 72.9277 7.6450
v 8.2758 72.9277 10.1933
v -8.0440 73.5589 10.2250
v -7.9667 73.5589 7.6687
v -7.8893 73.5589 5.1125
v -7.8120 73.5589 2.5562
v -7.7346 73.5589 0.0000
v -7.6732 73.5589 -0.2082
v -7.4464 73.5589 -0.4163
v -7.0029 73.5589 -0.6245
v -6.2572 73.5589 -0.8327
v -4.9931 73.5589 -1.0408
v 0.0000 73.5589 -1.2490
v 4.9931 73.5589 -1.0408
v 6.2572 73.5589 -0.8327
v 7.0029 73.5589 -0.6245
v 7.4464 73.5589 -0.4163
v 7.6732 73.5589 -0.2082
v 7.7346 73.5589 0.0000
v 7.8120 73.5589 2.5562
v 7.8893 73.5589 5.1125
v 7.9667 73.5589 7.6687
v 8.0440 73.5589 10.2250
v -7.8509 74.0766 10.2515
v -7.7754 74.0766 7.6886
v -7.7000 74.0766 5.1258
v -7.6245 74.0766 2.5629
v -7.5490 74.0766 0.0000
v -7.4886 74.0766 -0.1933
v -7.2661 74.0766 -0.3866
v -6.8308 74.0766 -0.5799
v -6.0991 74.0766 -0.7731
v -4.8585 74.0766 -0.9664
v 0.0000 74.0766 -1.1597
v 4.8585 74.0766 -0.9664
v 6.0991 74.0766 -0.7731
v 6.8308 74.0766 -0.5799
v 7.2661 74.0766 -0.3866
v 7.4886 74.0766 -0.1933
v 7.5490 74.0766 0.0000
v 7.6245 74.0766 2.5629
v 7.7000 74.0766 5.1258
v 7.7754 74.0766 7.6886
v 7.8509 74.0766 10.2515
v -7.6986 74.4801 10.2725
v -7.6246 74.4801 7.7044
v -7.5506 74.4801 5.1363
v -7.4765 74.4801 2.5681
v -7.4025 74.4801 -0.0000
v -7.3431 74.4801 -0.1817
v -7.1240 74.4801 -0.3633
v -6.6953 74.4801 -0.5450
v -5.9746 74.4801 -0.7267
v -4.7529 74.4801 -0.9083
v 0.0000 74.4801 -1.0900
v 4.7529 74.4801 -0.9083
v 5.9746 74.4801 -0.7267
v 6.6953 74.4801 -0.5450
v 7.1240 74.4801 -0.3633
v 7.3431 74.4801 -0.1817
v 7.4025 74.4801 -0.0000
v 7.4765 74.4801 2.5681
v 7.5506 74.4801 5.1363
v 7.6246 74.4801 7.7044
v 7.6986 74.4801 10.2725
v -7.5887 74.7688 10.2877
v -7.5157 74.7688 7.7158
v -7.4427 74.7688 5.1439
v -7.3698 74.7688 2.5719
v -7.2968 74.7688 0.0000
v -7.2380 74.7688 -0.1733
v -7.0214 74.7688 -0.3467
v -6.5975 74.7688 -0.5200
v -5.8850 74.7688 -0.6934
v -4.6770 74.7688 -0.8667
v 0.0000 74.7688 -1.0401
v 4.6770 74.7688 -0.8667
v 5.8850 74.7688 -0.6934
v 6.5975 74.7688 -0.5200
v 7.0214 74.7688 -0.3467
v 7.2380 74.7688 -0.1733
v 7.2968 74.7688 0.0000
v 7.3698 74.7688 2.5719
v 7.4427 74.7688 5.1439
v 7.5157 74.7688 7.7158
v 7.5887 74.7688 10.2877
v -7.5222 74.9422 10.2969
v -7.4499 74.9422 7.7227
v -7.3776 74.9422 5.1485
v -7.3052 74.9422 2.5742
v -7.2329 74.9422 0.0000
v -7.1746 74.9422 -0.1683
v -6.9594 74.9422 -0.3367
v -6.5385 74.9422 -0.5050
v -5.8309 74.9422 -0.6733
v -4.6313 74.9422 -0.8417
v 0.0000 74.9422 -1.0100
v 4.6313 74.9422 -0.8417
v 5.8309 74.9422 -0.6733
v 6.5385 74.9422 -0.5050
v 6.9594 74.9422 -0.3367
v 7.1746 74.9422 -0.1683
v 7.2329 74.9422 0.0000
v 7.3052 74.9422 2.5742
v 7.3776 74.9422 5.1485
v 7.4499 74.9422 7.7227
v 7.5222 74.9422 10.2969
v -7.5000 75.0000 10.3000
v -7.4279 75.0000 7.7250
v -7.3558 75.0000 5.1500
v -7.2837 75.0000 2.5750
v -7.2115 75.0000 -0.0000
v -7.1533 75.0000 -0.1667
v -6.9387 75.0000 -0.3333
v -6.5188 75.0000 -0.5000
v -5.8128 75.0000 -0.6667
v -4.6161 75.0000 -0.8333
v 0.0000 75.0000 -1.0000
v 4.6161 75.0000 -0.8333
v 5.8128 75.0000 -0.6667
v 6.5188 75.0000 -0.5000
v 6.9387 75.0000 -0.3333
v 7.1533 75.0000 -0.1667
v 7.2115 75.0000 -0.0000
v 7.2837 75.0000 2.5750
v 7.3558 75.0000 5.1500
v 7.4279 75.0000 7.7250
v 7.5000 75.0000 10.3000
v -0.0000 75.0000 2.1667
v -10.0000 42.0000 9.0000
v 10.0000 42.0000 9.0000
v 10.0000 62.0000 9.0000
v -10.0000 62.0000 9.0000
v -10.0000 42.0000 15.5000
v 10.0000 42.0000 15.5000
v 10.0000 62.0000 15.5000
v -10.0000 62.0000 15.5000
v -10.0000 42.0000 9.0000
v 10.0000 42.0000 9.0000
v 10.0000 42.0000 15.5000
v -10.0000 42.0000 15.5000
v -10.0000 62.0000 9.0000
v 10.0000 62.0000 9.0000
v 10.0000 62.0000 15.5000
v -10.0000 62.0000 15.5000
v -10.0000 42.0000 9.0000
v -10.0000 62.0000 9.0000
v -10.0000 62.0000 15.5000
v -10.0000 42.0000 15.5000
v 10.0000 42.0000 9.0000
v 10.0000 62.0000 9.0000
v 10.0000 62.0000 15.5000
v 10.0000 42.0000 15.5000
v -9.0000 43.0000 15.5000
v 9.0000 43.0000 15.5000
v 9.0000 61.0000 15.5000
v -9.0000 61.0000 15.5000
v -9.0000 43.0000 20.5000
v 9.0000 43.0000 20.5000
v 9.0000 61.0000 20.5000
v -9.0000 61.0000 20.5000
v -9.0000 43.0000 15.5000
v 9.0000 43.0000 15.5000
v 9.0000 43.0000 20.5000
v -9.0000 43.0000 20.5000
v -9.0000 61.0000 15.5000
v 9.0000 61.0000 15.5000
v 9.0000 61.0000 20.5000
v -9.0000 61.0000 20.5000
v -9.0000 43.0000 15.5000
v -9.0000 61.0000 15.5000
v -9.0000 61.0000 20.5000
v -9.0000 43.0000 20.5000
v 9.0000 43.0000 15.5000
v 9.0000 61.0000 15.5000
v 9.0000 61.0000 20.5000
v 9.0000 43.0000 20.5000
v -8.0000 44.0000 20.5000
v 8.0000 44.0000 20.5000
v 8.0000 54.0000 20.5000
v -8.0000 54.0000 20.5000
v -8.0000 44.0000 24.0000
v 8.0000 44.0000 24.0000
v 8.0000 54.0000 24.0000
v -8.0000 54.0000 24.0000
v -8.0000 44.0000 20.5000
v 8.0000 44.0000 20.5000
v 8.0000 44.0000 24.0000
v -8.0000 44.0000 24.0000
v -8.0000 54.0000 20.5000
v 8.0000 54.0000 20.5000
v 8.0000 54.0000 24.0000
v -8.0000 54.0000 24.0000
v -8.0000 44.0000 20.5000
v -8.0000 54.0000 20.5000
v -8.0000 54.0000 24.0000
v -8.0000 44.0000 24.0000
v 8.0000 44.0000 20.5000
v 8.0000 54.0000 20.5000
v 8.0000 54.0000 24.0000
v 8.0000 44.0000 24.0000
v 8.0000 44.0000 20.5000
v 15.0000 44.0000 20.5000
v 15.0000 48.0000 20.5000
v 8.0000 48.0000 20.5000
v 8.0000 44.0000 23.5000
v 15.0000 44.0000 23.5000
v 15.0000 48.0000 23.5000
v 8.0000 48.0000 23.5000
v 8.0000 44.0000 20.5000
v 15.0000 44.0000 20.5000
v 15.0000 44.0000 23.5000
v 8.0000 44.0000 23.5000
v 8.0000 48.0000 20.5000
v 15.0000 48.0000 20.5000
v 15.0000 48.0000 23.5000
v 8.0000 48.0000 23.5000
v 8.0000 44.0000 20.5000
v 8.0000 48.0000 20.5000
v 8.0000 48.0000 23.5000
v 8.0000 44.0000 23.5000
v 15.0000 44.0000 20.5000
v 15.0000 48.0000 20.5000
v 15.0000 48.0000 23.5000
v 15.0000 44.0000 23.5000
v -15.0000 44.0000 20.5000
v -8.0000 44.0000 20.5000
v -8.0000 48.0000 20.5000
v -15.0000 48.0000 20.5000
v -15.0000 44.0000 23.5000
v -8.0000 44.0000 23.5000
v -8.0000 48.0000 23.5000
v -15.0000 48.0000 23.5000
v -15.0000 44.0000 20.5000
v -8.0000 44.0000 20.5000
v -8.0000 44.0000 23.5000
v -15.0000 44.0000 23.5000
v -15.0000 48.0000 20.5000
v -8.0000 48.0000 20.5000
v -8.0000 48.0000 23.5000
v -15.0000 48.0000 23.5000
v -15.0000 44.0000 20.5000
v -15.0000 48.0000 20.5000
v -15.0000 48.0000 23.5000
v -15.0000 44.0000 23.5000
v -8.0000 44.0000 20.5000
v -8.0000 48.0000 20.5000
v -8.0000 48.0000 23.5000
v -8.0000 44.0000 23.5000
v -7.6000 43.8500 21.8000
v 7.6000 43.8500 21.8000
v 7.6000 44.0500 21.8000
v -7.6000 44.0500 21.8000
v -7.6000 43.8500 23.2000
v 7.6000 43.8500 23.2000
v 7.6000 44.0500 23.2000
v -7.6000 44.0500 23.2000
v -7.6000 43.8500 21.8000
v 7.6000 43.8500 21.8000
v 7.6000 43.8500 23.2000
v -7.6000 43.8500 23.2000
v -7.6000 44.0500 21.8000
v 7.6000 44.0500 21.8000
v 7.6000 44.0500 23.2000
v -7.6000 44.0500 23.2000
v -7.6000 43.8500 21.8000
v -7.6000 44.0500 21.8000
v -7.6000 44.0500 23.2000
v -7.6000 43.8500 23.2000
v 7.6000 43.8500 21.8000
v 7.6000 44.0500 21.8000
v 7.6000 44.0500 23.2000
v 7.6000 43.8500 23.2000
v -8.6000 42.8500 17.0000
v 8.6000 42.8500 17.0000
v 8.6000 43.0500 17.0000
v -8.6000 43.0500 17.0000
v -8.6000 42.8500 18.6000
v 8.6000 42.8500 18.6000
v 8.6000 43.0500 18.6000
v -8.6000 43.0500 18.6000
v -8.6000 42.8500 17.0000
v 8.6000 42.8500 17.0000
v 8.6000 42.8500 18.6000
v -8.6000 42.8500 18.6000
v -8.6000 43.0500 17.0000
v 8.6000 43.0500 17.0000
v 8.6000 43.0500 18.6000
v -8.6000 43.0500 18.6000
v -8.6000 42.8500 17.0000
v -8.6000 43.0500 17.0000
v -8.6000 43.0500 18.6000
v -8.6000 42.8500 18.6000
v 8.6000 42.8500 17.0000
v 8.6000 43.0500 17.0000
v 8.6000 43.0500 18.6000
v 8.6000 42.8500 18.6000
v 8.0000 43.8500 21.6000
v 14.8000 43.8500 21.6000
v 14.8000 44.0500 21.6000
v 8.0000 44.0500 21.6000
v 8.0000 43.8500 22.8000
v 14.8000 43.8500 22.8000
v 14.8000 44.0500 22.8000
v 8.0000 44.0500 22.8000
v 8.0000 43.8500 21.6000
v 14.8000 43.8500 21.6000
v 14.8000 43.8500 22.8000
v 8.0000 43.8500 22.8000
v 8.0000 44.0500 21.6000
v 14.8000 44.0500 21.6000
v 14.8000 44.0500 22.8000
v 8.0000 44.0500 22.8000
v 8.0000 43.8500 21.6000
v 8.0000 44.0500 21.6000
v 8.0000 44.0500 22.8000
v 8.0000 43.8500 22.8000
v 14.8000 43.8500 21.6000
v 14.8000 44.0500 21.6000
v 14.8000 44.0500 22.8000
v 14.8000 43.8500 22.8000
v -14.8000 43.8500 21.6000
v -8.0000 43.8500 21.6000
v -8.0000 44.0500 21.6000
v -14.8000 44.0500 21.6000
v -14.8000 43.8500 22.8000
v -8.0000 43.8500 22.8000
v -8.0000 44.0500 22.8000
v -14.8000 44.0500 22.8000
v -14.8000 43.8500 21.6000
v -8.0000 43.8500 21.6000
v -8.0000 43.8500 22.8000
v -14.8000 43.8500 22.8000
v -14.8000 44.0500 21.6000
v -8.0000 44.0500 21.6000
v -8.0000 44.0500 22.8000
v -14.8000 44.0500 22.8000
v -14.8000 43.8500 21.6000
v -14.8000 44.0500 21.6000
v -14.8000 44.0500 22.8000
v -14.8000 43.8500 22.8000
v -8.0000 43.8500 21.6000
v -8.0000 44.0500 21.6000
v -8.0000 44.0500 22.8000
v -8.0000 43.8500 22.8000
v -9.6000 41.8500 11.0000
v 9.6000 41.8500 11.0000
v 9.6000 42.0500 11.0000
v -9.6000 42.0500 11.0000
v -9.6000 41.8500 12.6000
v 9.6000 41.8500 12.6000
v 9.6000 42.0500 12.6000
v -9.6000 42.0500 12.6000
v -9.6000 41.8500 11.0000
v 9.6000 41.8500 11.0000
v 9.6000 41.8500 12.6000
v -9.6000 41.8500 12.6000
v -9.6000 42.0500 11.0000
v 9.6000 42.0500 11.0000
v 9.6000 42.0500 12.6000
v -9.6000 42.0500 12.6000
v -9.6000 41.8500 11.0000
v -9.6000 42.0500 11.0000
v -9.6000 42.0500 12.6000
v -9.6000 41.8500 12.6000
v 9.6000 41.8500 11.0000
v 9.6000 42.0500 11.0000
v 9.6000 42.0500 12.6000
v 9.6000 41.8500 12.6000
v 9.9500 46.0000 11.0000
v 10.1500 46.0000 11.0000
v 10.1500 50.0000 11.0000
v 9.9500 50.0000 11.0000
v 9.9500 46.0000 12.4000
v 10.1500 46.0000 12.4000
v 10.1500 50.0000 12.4000
v 9.9500 50.0000 12.4000
v 9.9500 46.0000 11.0000
v 10.1500 46.0000 11.0000
v 10.1500 46.0000 12.4000
v 9.9500 46.0000 12.4000
v 9.9500 50.0000 11.0000
v 10.1500 50.0000 11.0000
v 10.1500 50.0000 12.4000
v 9.9500 50.0000 12.4000
v 9.9500 46.0000 11.0000
v 9.9500 50.0000 11.0000
v 9.9500 50.0000 12.4000
v 9.9500 46.0000 12.4000
v 10.1500 46.0000 11.0000
v 10.1500 50.0000 11.0000
v 10.1500 50.0000 12.4000
v 10.1500 46.0000 12.4000
v -10.1500 46.0000 11.0000
v -9.9500 46.0000 11.0000
v -9.9500 50.0000 11.0000
v -10.1500 50.0000 11.0000
v -10.1500 46.0000 12.4000
v -9.9500 46.0000 12.4000
v -9.9500 50.0000 12.4000
v -10.1500 50.0000 12.4000
v -10.1500 46.0000 11.0000
v -9.9500 46.0000 11.0000
v -9.9500 46.0000 12.4000
v -10.1500 46.0000 12.4000
v -10.1500 50.0000 11.0000
v -9.9500 50.0000 11.0000
v -9.9500 50.0000 12.4000
v -10.1500 50.0000 12.4000
v -10.1500 46.0000 11.0000
v -10.1500 50.0000 11.0000
v -10.1500 50.0000 12.4000
v -10.1500 46.0000 12.4000
v -9.9500 46.0000 11.0000
v -9.9500 50.0000 11.0000
v -9.9500 50.0000 12.4000
v -9.9500 46.0000 12.4000
v 9.9500 52.0000 11.0000
v 10.1500 52.0000 11.0000
v 10.1500 56.0000 11.0000
v 9.9500 56.0000 11.0000
v 9.9500 52.0000 12.4000
v 10.1500 52.0000 12.4000
v 10.1500 56.0000 12.4000
v 9.9500 56.0000 12.4000
v 9.9500 52.0000 11.0000
v 10.1500 52.0000 11.0000
v 10.1500 52.0000 12.4000
v 9.9500 52.0000 12.4000
v 9.9500 56.0000 11.0000
v 10.1500 56.0000 11.0000
v 10.1500 56.0000 12.4000
v 9.9500 56.0000 12.4000
v 9.9500 52.0000 11.0000
v 9.9500 56.0000 11.0000
v 9.9500 56.0000 12.4000
v 9.9500 52.0000 12.4000
v 10.1500 52.0000 11.0000
v 10.1500 56.0000 11.0000
v 10.1500 56.0000 12.4000
v 10.1500 52.0000 12.4000
v -10.1500 52.0000 11.0000
v -9.9500 52.0000 11.0000
v -9.9500 56.0000 11.0000
v -10.1500 56.0000 11.0000
v -10.1500 52.0000 12.4000
v -9.9500 52.0000 12.4000
v -9.9500 56.0000 12.4000
v -10.1500 56.0000 12.4000
v -10.1500 52.0000 11.0000
v -9.9500 52.0000 11.0000
v -9.9500 52.0000 12.4000
v -10.1500 52.0000 12.4000
v -10.1500 56.0000 11.0000
v -9.9500 56.0000 11.0000
v -9.9500 56.0000 12.4000
v -10.1500 56.0000 12.4000
v -10.1500 52.0000 11.0000
v -10.1500 56.0000 11.0000
v -10.1500 56.0000 12.4000
v -10.1500 52.0000 12.4000
v -9.9500 52.0000 11.0000
v -9.9500 56.0000 11.0000
v -9.9500 56.0000 12.4000
v -9.9500 52.0000 12.4000
v 9.9500 58.0000 11.0000
v 10.1500 58.0000 11.0000
v 10.1500 62.0000 11.0000
v 9.9500 62.0000 11.0000
v 9.9500 58.0000 12.4000
v 10.1500 58.0000 12.4000
v 10.1500 62.0000 12.4000
v 9.9500 62.0000 12.4000
v 9.9500 58.0000 11.0000
v 10.1500 58.0000 11.0000
v 10.1500 58.0000 12.4000
v 9.9500 58.0000 12.4000
v 9.9500 62.0000 11.0000
v 10.1500 62.0000 11.0000
v 10.1500 62.0000 12.4000
v 9.9500 62.0000 12.4000
v 9.9500 58.0000 11.0000
v 9.9500 62.0000 11.0000
v 9.9500 62.0000 12.4000
v 9.9500 58.0000 12.4000
v 10.1500 58.0000 11.0000
v 10.1500 62.0000 11.0000
v 10.1500 62.0000 12.4000
v 10.1500 58.0000 12.4000
v -10.1500 58.0000 11.0000
v -9.9500 58.0000 11.0000
v -9.9500 62.0000 11.0000
v -10.1500 62.0000 11.0000
v -10.1500 58.0000 12.4000
v -9.9500 58.0000 12.4000
v -9.9500 62.0000 12.4000
v -10.1500 62.0000 12.4000
v -10.1500 58.0000 11.0000
v -9.9500 58.0000 11.0000
v -9.9500 58.0000 12.4000
v -10.1500 58.0000 12.4000
v -10.1500 62.0000 11.0000
v -9.9500 62.0000 11.0000
v -9.9500 62.0000 12.4000
v -10.1500 62.0000 12.4000
v -10.1500 58.0000 11.0000
v -10.1500 62.0000 11.0000
v -10.1500 62.0000 12.4000
v -10.1500 58.0000 12.4000
v -9.9500 58.0000 11.0000
v -9.9500 62.0000 11.0000
v -9.9500 62.0000 12.4000
v -9.9500 58.0000 12.4000
v 2.2000 58.0000 20.5000
v 2.2000 58.0000 27.5000
v 1.9821 59.3017 20.5000
v 1.9821 59.3017 27.5000
v 1.3717 60.3455 20.5000
v 1.3717 60.3455 27.5000
v 0.4895 60.9248 20.5000
v 0.4895 60.9248 27.5000
v -0.4895 60.9248 20.5000
v -0.4895 60.9248 27.5000
v -1.3717 60.3455 20.5000
v -1.3717 60.3455 27.5000
v -1.9821 59.3017 20.5000
v -1.9821 59.3017 27.5000
v -2.2000 58.0000 20.5000
v -2.2000 58.0000 27.5000
v -1.9821 56.6983 20.5000
v -1.9821 56.6983 27.5000
v -1.3717 55.6545 20.5000
v -1.3717 55.6545 27.5000
v -0.4895 55.0752 20.5000
v -0.4895 55.0752 27.5000
v 0.4895 55.0752 20.5000
v 0.4895 55.0752 27.5000
v 1.3717 55.6545 20.5000
v 1.3717 55.6545 27.5000
v 1.9821 56.6983 20.5000
v 1.9821 56.6983 27.5000
v 0.0000 58.0000 27.5000
v 0.0000 58.0000 20.5000
v 2.3000 58.0000 27.5000
v 2.3000 58.0000 29.0000
v 2.0722 59.3450 27.5000
v 2.0722 59.3450 29.0000
v 1.4340 60.4237 27.5000
v 1.4340 60.4237 29.0000
v 0.5118 61.0223 27.5000
v 0.5118 61.0223 29.0000
v -0.5118 61.0223 27.5000
v -0.5118 61.0223 29.0000
v -1.4340 60.4237 27.5000
v -1.4340 60.4237 29.0000
v -2.0722 59.3450 27.5000
v -2.0722 59.3450 29.0000
v -2.3000 58.0000 27.5000
v -2.3000 58.0000 29.0000
v -2.0722 56.6550 27.5000
v -2.0722 56.6550 29.0000
v -1.4340 55.5763 27.5000
v -1.4340 55.5763 29.0000
v -0.5118 54.9777 27.5000
v -0.5118 54.9777 29.0000
v 0.5118 54.9777 27.5000
v 0.5118 54.9777 29.0000
v 1.4340 55.5763 27.5000
v 1.4340 55.5763 29.0000
v 2.0722 56.6550 27.5000
v 2.0722 56.6550 29.0000
v 0.0000 58.0000 29.0000
v 0.0000 58.0000 27.5000
v -0.4000 46.0000 24.0000
v 0.4000 46.0000 24.0000
v 0.4000 46.8000 24.0000
v -0.4000 46.8000 24.0000
v -0.4000 46.0000 35.0000
v 0.4000 46.0000 35.0000
v 0.4000 46.8000 35.0000
v -0.4000 46.8000 35.0000
v -0.4000 46.0000 24.0000
v 0.4000 46.0000 24.0000
v 0.4000 46.0000 35.0000
v -0.4000 46.0000 35.0000
v -0.4000 46.8000 24.0000
v 0.4000 46.8000 24.0000
v 0.4000 46.8000 35.0000
v -0.4000 46.8000 35.0000
v -0.4000 46.0000 24.0000
v -0.4000 46.8000 24.0000
v -0.4000 46.8000 35.0000
v -0.4000 46.0000 35.0000
v 0.4000 46.0000 24.0000
v 0.4000 46.8000 24.0000
v 0.4000 46.8000 35.0000
v 0.4000 46.0000 35.0000
v -3.0000 46.2000 30.0000
v 3.0000 46.2000 30.0000
v 3.0000 46.6000 30.0000
v -3.0000 46.6000 30.0000
v -3.0000 46.2000 30.4000
v 3.0000 46.2000 30.4000
v 3.0000 46.6000 30.4000
v -3.0000 46.6000 30.4000
v -3.0000 46.2000 30.0000
v 3.0000 46.2000 30.0000
v 3.0000 46.2000 30.4000
v -3.0000 46.2000 30.4000
v -3.0000 46.6000 30.0000
v 3.0000 46.6000 30.0000
v 3.0000 46.6000 30.4000
v -3.0000 46.6000 30.4000
v -3.0000 46.2000 30.0000
v -3.0000 46.6000 30.0000
v -3.0000 46.6000 30.4000
v -3.0000 46.2000 30.4000
v 3.0000 46.2000 30.0000
v 3.0000 46.6000 30.0000
v 3.0000 46.6000 30.4000
v 3.0000 46.2000 30.4000
v -2.6000 45.6000 34.4000
v 2.6000 45.6000 34.4000
v 2.6000 47.2000 34.4000
v -2.6000 47.2000 34.4000
v -2.6000 45.6000 35.0000
v 2.6000 45.6000 35.0000
v 2.6000 47.2000 35.0000
v -2.6000 47.2000 35.0000
v -2.6000 45.6000 34.4000
v 2.6000 45.6000 34.4000
v 2.6000 45.6000 35.0000
v -2.6000 45.6000 35.0000
v -2.6000 47.2000 34.4000
v 2.6000 47.2000 34.4000
v 2.6000 47.2000 35.0000
v -2.6000 47.2000 35.0000
v -2.6000 45.6000 34.4000
v -2.6000 47.2000 34.4000
v -2.6000 47.2000 35.0000
v -2.6000 45.6000 35.0000
v 2.6000 45.6000 34.4000
v 2.6000 47.2000 34.4000
v 2.6000 47.2000 35.0000
v 2.6000 45.6000 35.0000
v 10.2000 49.5000 16.2000
v 11.6000 49.5000 16.2000
v 11.6000 56.0000 16.2000
v 10.2000 56.0000 16.2000
v 10.2000 49.5000 18.0000
v 11.6000 49.5000 18.0000
v 11.6000 56.0000 18.0000
v 10.2000 56.0000 18.0000
v 10.2000 49.5000 16.2000
v 11.6000 49.5000 16.2000
v 11.6000 49.5000 18.0000
v 10.2000 49.5000 18.0000
v 10.2000 56.0000 16.2000
v 11.6000 56.0000 16.2000
v 11.6000 56.0000 18.0000
v 10.2000 56.0000 18.0000
v 10.2000 49.5000 16.2000
v 10.2000 56.0000 16.2000
v 10.2000 56.0000 18.0000
v 10.2000 49.5000 18.0000
v 11.6000 49.5000 16.2000
v 11.6000 56.0000 16.2000
v 11.6000 56.0000 18.0000
v 11.6000 49.5000 18.0000
v -11.6000 49.5000 16.2000
v -10.2000 49.5000 16.2000
v -10.2000 56.0000 16.2000
v -11.6000 56.0000 16.2000
v -11.6000 49.5000 18.0000
v -10.2000 49.5000 18.0000
v -10.2000 56.0000 18.0000
v -11.6000 56.0000 18.0000
v -11.6000 49.5000 16.2000
v -10.2000 49.5000 16.2000
v -10.2000 49.5000 18.0000
v -11.6000 49.5000 18.0000
v -11.6000 56.0000 16.2000
v -10.2000 56.0000 16.2000
v -10.2000 56.0000 18.0000
v -11.6000 56.0000 18.0000
v -11.6000 49.5000 16.2000
v -11.6000 56.0000 16.2000
v -11.6000 56.0000 18.0000
v -11.6000 49.5000 18.0000
v -10.2000 49.5000 16.2000
v -10.2000 56.0000 16.2000
v -10.2000 56.0000 18.0000
v -10.2000 49.5000 18.0000
v -3.0000 -66.0000 9.0000
v 3.0000 -66.0000 9.0000
v 3.0000 -60.5000 9.0000
v -3.0000 -60.5000 9.0000
v -3.0000 -66.0000 12.9000
v 3.0000 -66.0000 12.9000
v 3.0000 -60.5000 12.9000
v -3.0000 -60.5000 12.9000
v -3.0000 -66.0000 9.0000
v 3.0000 -66.0000 9.0000
v 3.0000 -66.0000 12.9000
v -3.0000 -66.0000 12.9000
v -3.0000 -60.5000 9.0000
v 3.0000 -60.5000 9.0000
v 3.0000 -60.5000 12.9000
v -3.0000 -60.5000 12.9000
v -3.0000 -66.0000 9.0000
v -3.0000 -60.5000 9.0000
v -3.0000 -60.5000 12.9000
v -3.0000 -66.0000 12.9000
v 3.0000 -66.0000 9.0000
v 3.0000 -60.5000 9.0000
v 3.0000 -60.5000 12.9000
v 3.0000 -66.0000 12.9000
v -0.3500 -58.0000 9.0000
v 0.3500 -58.0000 9.0000
v 0.3500 -57.3000 9.0000
v -0.3500 -57.3000 9.0000
v -0.3500 -58.0000 22.0000
v 0.3500 -58.0000 22.0000
v 0.3500 -57.3000 22.0000
v -0.3500 -57.3000 22.0000
v -0.3500 -58.0000 9.0000
v 0.3500 -58.0000 9.0000
v 0.3500 -58.0000 22.0000
v -0.3500 -58.0000 22.0000
v -0.3500 -57.3000 9.0000
v 0.3500 -57.3000 9.0000
v 0.3500 -57.3000 22.0000
v -0.3500 -57.3000 22.0000
v -0.3500 -58.0000 9.0000
v -0.3500 -57.3000 9.0000
v -0.3500 -57.3000 22.0000
v -0.3500 -58.0000 22.0000
v 0.3500 -58.0000 9.0000
v 0.3500 -57.3000 9.0000
v 0.3500 -57.3000 22.0000
v 0.3500 -58.0000 22.0000
v -2.5000 -57.8500 19.0000
v 2.5000 -57.8500 19.0000
v 2.5000 -57.4500 19.0000
v -2.5000 -57.4500 19.0000
v -2.5000 -57.8500 19.4000
v 2.5000 -57.8500 19.4000
v 2.5000 -57.4500 19.4000
v -2.5000 -57.4500 19.4000
v -2.5000 -57.8500 19.0000
v 2.5000 -57.8500 19.0000
v 2.5000 -57.8500 19.4000
v -2.5000 -57.8500 19.4000
v -2.5000 -57.4500 19.0000
v 2.5000 -57.4500 19.0000
v 2.5000 -57.4500 19.4000
v -2.5000 -57.4500 19.4000
v -2.5000 -57.8500 19.0000
v -2.5000 -57.4500 19.0000
v -2.5000 -57.4500 19.4000
v -2.5000 -57.8500 19.4000
v 2.5000 -57.8500 19.0000
v 2.5000 -57.4500 19.0000
v 2.5000 -57.4500 19.4000
v 2.5000 -57.8500 19.4000
v -8.5000 -52.0000 9.0000
v 8.5000 -52.0000 9.0000
v 8.5000 -35.0000 9.0000
v -8.5000 -35.0000 9.0000
v -8.5000 -52.0000 11.5000
v 8.5000 -52.0000 11.5000
v 8.5000 -35.0000 11.5000
v -8.5000 -35.0000 11.5000
v -8.5000 -52.0000 9.0000
v 8.5000 -52.0000 9.0000
v 8.5000 -52.0000 11.5000
v -8.5000 -52.0000 11.5000
v -8.5000 -35.0000 9.0000
v 8.5000 -35.0000 9.0000
v 8.5000 -35.0000 11.5000
v -8.5000 -35.0000 11.5000
v -8.5000 -52.0000 9.0000
v -8.5000 -35.0000 9.0000
v -8.5000 -35.0000 11.5000
v -8.5000 -52.0000 11.5000
v 8.5000 -52.0000 9.0000
v 8.5000 -35.0000 9.0000
v 8.5000 -35.0000 11.5000
v 8.5000 -52.0000 11.5000
v -7.7250 -51.4000 11.5000
v -2.7750 -51.4000 11.5000
v -2.7750 -35.6000 11.5000
v -7.7250 -35.6000 11.5000
v -7.7250 -51.4000 14.1000
v -2.7750 -51.4000 14.1000
v -2.7750 -35.6000 14.1000
v -7.7250 -35.6000 14.1000
v -7.7250 -51.4000 11.5000
v -2.7750 -51.4000 11.5000
v -2.7750 -51.4000 14.1000
v -7.7250 -51.4000 14.1000
v -7.7250 -35.6000 11.5000
v -2.7750 -35.6000 11.5000
v -2.7750 -35.6000 14.1000
v -7.7250 -35.6000 14.1000
v -7.7250 -51.4000 11.5000
v -7.7250 -35.6000 11.5000
v -7.7250 -35.6000 14.1000
v -7.7250 -51.4000 14.1000
v -2.7750 -51.4000 11.5000
v -2.7750 -35.6000 11.5000
v -2.7750 -35.6000 14.1000
v -2.7750 -51.4000 14.1000
v -2.4750 -51.4000 11.5000
v 2.4750 -51.4000 11.5000
v 2.4750 -35.6000 11.5000
v -2.4750 -35.6000 11.5000
v -2.4750 -51.4000 14.1000
v 2.4750 -51.4000 14.1000
v 2.4750 -35.6000 14.1000
v -2.4750 -35.6000 14.1000
v -2.4750 -51.4000 11.5000
v 2.4750 -51.4000 11.5000
v 2.4750 -51.4000 14.1000
v -2.4750 -51.4000 14.1000
v -2.4750 -35.6000 11.5000
v 2.4750 -35.6000 11.5000
v 2.4750 -35.6000 14.1000
v -2.4750 -35.6000 14.1000
v -2.4750 -51.4000 11.5000
v -2.4750 -35.6000 11.5000
v -2.4750 -35.6000 14.1000
v -2.4750 -51.4000 14.1000
v 2.4750 -51.4000 11.5000
v 2.4750 -35.6000 11.5000
v 2.4750 -35.6000 14.1000
v 2.4750 -51.4000 14.1000
v 2.7750 -51.4000 11.5000
v 7.7250 -51.4000 11.5000
v 7.7250 -35.6000 11.5000
v 2.7750 -35.6000 11.5000
v 2.7750 -51.4000 14.1000
v 7.7250 -51.4000 14.1000
v 7.7250 -35.6000 14.1000
v 2.7750 -35.6000 14.1000
v 2.7750 -51.4000 11.5000
v 7.7250 -51.4000 11.5000
v 7.7250 -51.4000 14.1000
v 2.7750 -51.4000 14.1000
v 2.7750 -35.6000 11.5000
v 7.7250 -35.6000 11.5000
v 7.7250 -35.6000 14.1000
v 2.7750 -35.6000 14.1000
v 2.7750 -51.4000 11.5000
v 2.7750 -35.6000 11.5000
v 2.7750 -35.6000 14.1000
v 2.7750 -51.4000 14.1000
v 7.7250 -51.4000 11.5000
v 7.7250 -35.6000 11.5000
v 7.7250 -35.6000 14.1000
v 7.7250 -51.4000 14.1000
v -11.0000 -33.0000 9.0000
v 11.0000 -33.0000 9.0000
v 11.0000 -16.0000 9.0000
v -11.0000 -16.0000 9.0000
v -11.0000 -33.0000 11.5000
v 11.0000 -33.0000 11.5000
v 11.0000 -16.0000 11.5000
v -11.0000 -16.0000 11.5000
v -11.0000 -33.0000 9.0000
v 11.0000 -33.0000 9.0000
v 11.0000 -33.0000 11.5000
v -11.0000 -33.0000 11.5000
v -11.0000 -16.0000 9.0000
v 11.0000 -16.0000 9.0000
v 11.0000 -16.0000 11.5000
v -11.0000 -16.0000 11.5000
v -11.0000 -33.0000 9.0000
v -11.0000 -16.0000 9.0000
v -11.0000 -16.0000 11.5000
v -11.0000 -33.0000 11.5000
v 11.0000 -33.0000 9.0000
v 11.0000 -16.0000 9.0000
v 11.0000 -16.0000 11.5000
v 11.0000 -33.0000 11.5000
v -10.3500 -32.4000 11.5000
v -5.4000 -32.4000 11.5000
v -5.4000 -16.6000 11.5000
v -10.3500 -16.6000 11.5000
v -10.3500 -32.4000 14.1000
v -5.4000 -32.4000 14.1000
v -5.4000 -16.6000 14.1000
v -10.3500 -16.6000 14.1000
v -10.3500 -32.4000 11.5000
v -5.4000 -32.4000 11.5000
v -5.4000 -32.4000 14.1000
v -10.3500 -32.4000 14.1000
v -10.3500 -16.6000 11.5000
v -5.4000 -16.6000 11.5000
v -5.4000 -16.6000 14.1000
v -10.3500 -16.6000 14.1000
v -10.3500 -32.4000 11.5000
v -10.3500 -16.6000 11.5000
v -10.3500 -16.6000 14.1000
v -10.3500 -32.4000 14.1000
v -5.4000 -32.4000 11.5000
v -5.4000 -16.6000 11.5000
v -5.4000 -16.6000 14.1000
v -5.4000 -32.4000 14.1000
v -5.1000 -32.4000 11.5000
v -0.1500 -32.4000 11.5000
v -0.1500 -16.6000 11.5000
v -5.1000 -16.6000 11.5000
v -5.1000 -32.4000 14.1000
v -0.1500 -32.4000 14.1000
v -0.1500 -16.6000 14.1000
v -5.1000 -16.6000 14.1000
v -5.1000 -32.4000 11.5000
v -0.1500 -32.4000 11.5000
v -0.1500 -32.4000 14.1000
v -5.1000 -32.4000 14.1000
v -5.1000 -16.6000 11.5000
v -0.1500 -16.6000 11.5000
v -0.1500 -16.6000 14.1000
v -5.1000 -16.6000 14.1000
v -5.1000 -32.4000 11.5000
v -5.1000 -16.6000 11.5000
v -5.1000 -16.6000 14.1000
v -5.1000 -32.4000 14.1000
v -0.1500 -32.4000 11.5000
v -0.1500 -16.6000 11.5000
v -0.1500 -16.6000 14.1000
v -0.1500 -32.4000 14.1000
v 0.1500 -32.4000 11.5000
v 5.1000 -32.4000 11.5000
v 5.1000 -16.6000 11.5000
v 0.1500 -16.6000 11.5000
v 0.1500 -32.4000 14.1000
v 5.1000 -32.4000 14.1000
v 5.1000 -16.6000 14.1000
v 0.1500 -16.6000 14.1000
v 0.1500 -32.4000 11.5000
v 5.1000 -32.4000 11.5000
v 5.1000 -32.4000 14.1000
v 0.1500 -32.4000 14.1000
v 0.1500 -16.6000 11.5000
v 5.1000 -16.6000 11.5000
v 5.1000 -16.6000 14.1000
v 0.1500 -16.6000 14.1000
v 0.1500 -32.4000 11.5000
v 0.1500 -16.6000 11.5000
v 0.1500 -16.6000 14.1000
v 0.1500 -32.4000 14.1000
v 5.1000 -32.4000 11.5000
v 5.1000 -16.6000 11.5000
v 5.1000 -16.6000 14.1000
v 5.1000 -32.4000 14.1000
v 5.4000 -32.4000 11.5000
v 10.3500 -32.4000 11.5000
v 10.3500 -16.6000 11.5000
v 5.4000 -16.6000 11.5000
v 5.4000 -32.4000 14.1000
v 10.3500 -32.4000 14.1000
v 10.3500 -16.6000 14.1000
v 5.4000 -16.6000 14.1000
v 5.4000 -32.4000 11.5000
v 10.3500 -32.4000 11.5000
v 10.3500 -32.4000 14.1000
v 5.4000 -32.4000 14.1000
v 5.4000 -16.6000 11.5000
v 10.3500 -16.6000 11.5000
v 10.3500 -16.6000 14.1000
v 5.4000 -16.6000 14.1000
v 5.4000 -32.4000 11.5000
v 5.4000 -16.6000 11.5000
v 5.4000 -16.6000 14.1000
v 5.4000 -32.4000 14.1000
v 10.3500 -32.4000 11.5000
v 10.3500 -16.6000 11.5000
v 10.3500 -16.6000 14.1000
v 10.3500 -32.4000 14.1000
v -10.3500 -32.4000 14.1000
v -5.4000 -32.4000 14.1000
v -5.4000 -16.6000 14.1000
v -10.3500 -16.6000 14.1000
v -10.3500 -32.4000 16.7000
v -5.4000 -32.4000 16.7000
v -5.4000 -16.6000 16.7000
v -10.3500 -16.6000 16.7000
v -10.3500 -32.4000 14.1000
v -5.4000 -32.4000 14.1000
v -5.4000 -32.4000 16.7000
v -10.3500 -32.4000 16.7000
v -10.3500 -16.6000 14.1000
v -5.4000 -16.6000 14.1000
v -5.4000 -16.6000 16.7000
v -10.3500 -16.6000 16.7000
v -10.3500 -32.4000 14.1000
v -10.3500 -16.6000 14.1000
v -10.3500 -16.6000 16.7000
v -10.3500 -32.4000 16.7000
v -5.4000 -32.4000 14.1000
v -5.4000 -16.6000 14.1000
v -5.4000 -16.6000 16.7000
v -5.4000 -32.4000 16.7000
v -5.1000 -32.4000 14.1000
v -0.1500 -32.4000 14.1000
v -0.1500 -16.6000 14.1000
v -5.1000 -16.6000 14.1000
v -5.1000 -32.4000 16.7000
v -0.1500 -32.4000 16.7000
v -0.1500 -16.6000 16.7000
v -5.1000 -16.6000 16.7000
v -5.1000 -32.4000 14.1000
v -0.1500 -32.4000 14.1000
v -0.1500 -32.4000 16.7000
v -5.1000 -32.4000 16.7000
v -5.1000 -16.6000 14.1000
v -0.1500 -16.6000 14.1000
v -0.1500 -16.6000 16.7000
v -5.1000 -16.6000 16.7000
v -5.1000 -32.4000 14.1000
v -5.1000 -16.6000 14.1000
v -5.1000 -16.6000 16.7000
v -5.1000 -32.4000 16.7000
v -0.1500 -32.4000 14.1000
v -0.1500 -16.6000 14.1000
v -0.1500 -16.6000 16.7000
v -0.1500 -32.4000 16.7000
v 0.1500 -32.4000 14.1000
v 5.1000 -32.4000 14.1000
v 5.1000 -16.6000 14.1000
v 0.1500 -16.6000 14.1000
v 0.1500 -32.4000 16.7000
v 5.1000 -32.4000 16.7000
v 5.1000 -16.6000 16.7000
v 0.1500 -16.6000 16.7000
v 0.1500 -32.4000 14.1000
v 5.1000 -32.4000 14.1000
v 5.1000 -32.4000 16.7000
v 0.1500 -32.4000 16.7000
v 0.1500 -16.6000 14.1000
v 5.1000 -16.6000 14.1000
v 5.1000 -16.6000 16.7000
v 0.1500 -16.6000 16.7000
v 0.1500 -32.4000 14.1000
v 0.1500 -16.6000 14.1000
v 0.1500 -16.6000 16.7000
v 0.1500 -32.4000 16.7000
v 5.1000 -32.4000 14.1000
v 5.1000 -16.6000 14.1000
v 5.1000 -16.6000 16.7000
v 5.1000 -32.4000 16.7000
v 5.4000 -32.4000 14.1000
v 10.3500 -32.4000 14.1000
v 10.3500 -16.6000 14.1000
v 5.4000 -16.6000 14.1000
v 5.4000 -32.4000 16.7000
v 10.3500 -32.4000 16.7000
v 10.3500 -16.6000 16.7000
v 5.4000 -16.6000 16.7000
v 5.4000 -32.4000 14.1000
v 10.3500 -32.4000 14.1000
v 10.3500 -32.4000 16.7000
v 5.4000 -32.4000 16.7000
v 5.4000 -16.6000 14.1000
v 10.3500 -16.6000 14.1000
v 10.3500 -16.6000 16.7000
v 5.4000 -16.6000 16.7000
v 5.4000 -32.4000 14.1000
v 5.4000 -16.6000 14.1000
v 5.4000 -16.6000 16.7000
v 5.4000 -32.4000 16.7000
v 10.3500 -32.4000 14.1000
v 10.3500 -16.6000 14.1000
v 10.3500 -16.6000 16.7000
v 10.3500 -32.4000 16.7000
v -11.0000 -14.0000 9.0000
v 11.0000 -14.0000 9.0000
v 11.0000 3.0000 9.0000
v -11.0000 3.0000 9.0000
v -11.0000 -14.0000 11.5000
v 11.0000 -14.0000 11.5000
v 11.0000 3.0000 11.5000
v -11.0000 3.0000 11.5000
v -11.0000 -14.0000 9.0000
v 11.0000 -14.0000 9.0000
v 11.0000 -14.0000 11.5000
v -11.0000 -14.0000 11.5000
v -11.0000 3.0000 9.0000
v 11.0000 3.0000 9.0000
v 11.0000 3.0000 11.5000
v -11.0000 3.0000 11.5000
v -11.0000 -14.0000 9.0000
v -11.0000 3.0000 9.0000
v -11.0000 3.0000 11.5000
v -11.0000 -14.0000 11.5000
v 11.0000 -14.0000 9.0000
v 11.0000 3.0000 9.0000
v 11.0000 3.0000 11.5000
v 11.0000 -14.0000 11.5000
v -10.3500 -13.4000 11.5000
v -5.4000 -13.4000 11.5000
v -5.4000 2.4000 11.5000
v -10.3500 2.4000 11.5000
v -10.3500 -13.4000 14.1000
v -5.4000 -13.4000 14.1000
v -5.4000 2.4000 14.1000
v -10.3500 2.4000 14.1000
v -10.3500 -13.4000 11.5000
v -5.4000 -13.4000 11.5000
v -5.4000 -13.4000 14.1000
v -10.3500 -13.4000 14.1000
v -10.3500 2.4000 11.5000
v -5.4000 2.4000 11.5000
v -5.4000 2.4000 14.1000
v -10.3500 2.4000 14.1000
v -10.3500 -13.4000 11.5000
v -10.3500 2.4000 11.5000
v -10.3500 2.4000 14.1000
v -10.3500 -13.4000 14.1000
v -5.4000 -13.4000 11.5000
v -5.4000 2.4000 11.5000
v -5.4000 2.4000 14.1000
v -5.4000 -13.4000 14.1000
v -5.1000 -13.4000 11.5000
v -0.1500 -13.4000 11.5000
v -0.1500 2.4000 11.5000
v -5.1000 2.4000 11.5000
v -5.1000 -13.4000 14.1000
v -0.1500 -13.4000 14.1000
v -0.1500 2.4000 14.1000
v -5.1000 2.4000 14.1000
v -5.1000 -13.4000 11.5000
v -0.1500 -13.4000 11.5000
v -0.1500 -13.4000 14.1000
v -5.1000 -13.4000 14.1000
v -5.1000 2.4000 11.5000
v -0.1500 2.4000 11.5000
v -0.1500 2.4000 14.1000
v -5.1000 2.4000 14.1000
v -5.1000 -13.4000 11.5000
v -5.1000 2.4000 11.5000
v -5.1000 2.4000 14.1000
v -5.1000 -13.4000 14.1000
v -0.1500 -13.4000 11.5000
v -0.1500 2.4000 11.5000
v -0.1500 2.4000 14.1000
v -0.1500 -13.4000 14.1000
v 0.1500 -13.4000 11.5000
v 5.1000 -13.4000 11.5000
v 5.1000 2.4000 11.5000
v 0.1500 2.4000 11.5000
v 0.1500 -13.4000 14.1000
v 5.1000 -13.4000 14.1000
v 5.1000 2.4000 14.1000
v 0.1500 2.4000 14.1000
v 0.1500 -13.4000 11.5000
v 5.1000 -13.4000 11.5000
v 5.1000 -13.4000 14.1000
v 0.1500 -13.4000 14.1000
v 0.1500 2.4000 11.5000
v 5.1000 2.4000 11.5000
v 5.1000 2.4000 14.1000
v 0.1500 2.4000 14.1000
v 0.1500 -13.4000 11.5000
v 0.1500 2.4000 11.5000
v 0.1500 2.4000 14.1000
v 0.1500 -13.4000 14.1000
v 5.1000 -13.4000 11.5000
v 5.1000 2.4000 11.5000
v 5.1000 2.4000 14.1000
v 5.1000 -13.4000 14.1000
v 5.4000 -13.4000 11.5000
v 10.3500 -13.4000 11.5000
v 10.3500 2.4000 11.5000
v 5.4000 2.4000 11.5000
v 5.4000 -13.4000 14.1000
v 10.3500 -13.4000 14.1000
v 10.3500 2.4000 14.1000
v 5.4000 2.4000 14.1000
v 5.4000 -13.4000 11.5000
v 10.3500 -13.4000 11.5000
v 10.3500 -13.4000 14.1000
v 5.4000 -13.4000 14.1000
v 5.4000 2.4000 11.5000
v 10.3500 2.4000 11.5000
v 10.3500 2.4000 14.1000
v 5.4000 2.4000 14.1000
v 5.4000 -13.4000 11.5000
v 5.4000 2.4000 11.5000
v 5.4000 2.4000 14.1000
v 5.4000 -13.4000 14.1000
v 10.3500 -13.4000 11.5000
v 10.3500 2.4000 11.5000
v 10.3500 2.4000 14.1000
v 10.3500 -13.4000 14.1000
v -10.3500 -13.4000 14.1000
v -5.4000 -13.4000 14.1000
v -5.4000 2.4000 14.1000
v -10.3500 2.4000 14.1000
v -10.3500 -13.4000 16.7000
v -5.4000 -13.4000 16.7000
v -5.4000 2.4000 16.7000
v -10.3500 2.4000 16.7000
v -10.3500 -13.4000 14.1000
v -5.4000 -13.4000 14.1000
v -5.4000 -13.4000 16.7000
v -10.3500 -13.4000 16.7000
v -10.3500 2.4000 14.1000
v -5.4000 2.4000 14.1000
v -5.4000 2.4000 16.7000
v -10.3500 2.4000 16.7000
v -10.3500 -13.4000 14.1000
v -10.3500 2.4000 14.1000
v -10.3500 2.4000 16.7000
v -10.3500 -13.4000 16.7000
v -5.4000 -13.4000 14.1000
v -5.4000 2.4000 14.1000
v -5.4000 2.4000 16.7000
v -5.4000 -13.4000 16.7000
v -5.1000 -13.4000 14.1000
v -0.1500 -13.4000 14.1000
v -0.1500 2.4000 14.1000
v -5.1000 2.4000 14.1000
v -5.1000 -13.4000 16.7000
v -0.1500 -13.4000 16.7000
v -0.1500 2.4000 16.7000
v -5.1000 2.4000 16.7000
v -5.1000 -13.4000 14.1000
v -0.1500 -13.4000 14.1000
v -0.1500 -13.4000 16.7000
v -5.1000 -13.4000 16.7000
v -5.1000 2.4000 14.1000
v -0.1500 2.4000 14.1000
v -0.1500 2.4000 16.7000
v -5.1000 2.4000 16.7000
v -5.1000 -13.4000 14.1000
v -5.1000 2.4000 14.1000
v -5.1000 2.4000 16.7000
v -5.1000 -13.4000 16.7000
v -0.1500 -13.4000 14.1000
v -0.1500 2.4000 14.1000
v -0.1500 2.4000 16.7000
v -0.1500 -13.4000 16.7000
v 0.1500 -13.4000 14.1000
v 5.1000 -13.4000 14.1000
v 5.1000 2.4000 14.1000
v 0.1500 2.4000 14.1000
v 0.1500 -13.4000 16.7000
v 5.1000 -13.4000 16.7000
v 5.1000 2.4000 16.7000
v 0.1500 2.4000 16.7000
v 0.1500 -13.4000 14.1000
v 5.1000 -13.4000 14.1000
v 5.1000 -13.4000 16.7000
v 0.1500 -13.4000 16.7000
v 0.1500 2.4000 14.1000
v 5.1000 2.4000 14.1000
v 5.1000 2.4000 16.7000
v 0.1500 2.4000 16.7000
v 0.1500 -13.4000 14.1000
v 0.1500 2.4000 14.1000
v 0.1500 2.4000 16.7000
v 0.1500 -13.4000 16.7000
v 5.1000 -13.4000 14.1000
v 5.1000 2.4000 14.1000
v 5.1000 2.4000 16.7000
v 5.1000 -13.4000 16.7000
v 5.4000 -13.4000 14.1000
v 10.3500 -13.4000 14.1000
v 10.3500 2.4000 14.1000
v 5.4000 2.4000 14.1000
v 5.4000 -13.4000 16.7000
v 10.3500 -13.4000 16.7000
v 10.3500 2.4000 16.7000
v 5.4000 2.4000 16.7000
v 5.4000 -13.4000 14.1000
v 10.3500 -13.4000 14.1000
v 10.3500 -13.4000 16.7000
v 5.4000 -13.4000 16.7000
v 5.4000 2.4000 14.1000
v 10.3500 2.4000 14.1000
v 10.3500 2.4000 16.7000
v 5.4000 2.4000 16.7000
v 5.4000 -13.4000 14.1000
v 5.4000 2.4000 14.1000
v 5.4000 2.4000 16.7000
v 5.4000 -13.4000 16.7000
v 10.3500 -13.4000 14.1000
v 10.3500 2.4000 14.1000
v 10.3500 2.4000 16.7000
v 10.3500 -13.4000 16.7000
v -10.3500 -13.4000 16.7000
v -5.4000 -13.4000 16.7000
v -5.4000 2.4000 16.7000
v -10.3500 2.4000 16.7000
v -10.3500 -13.4000 19.3000
v -5.4000 -13.4000 19.3000
v -5.4000 2.4000 19.3000
v -10.3500 2.4000 19.3000
v -10.3500 -13.4000 16.7000
v -5.4000 -13.4000 16.7000
v -5.4000 -13.4000 19.3000
v -10.3500 -13.4000 19.3000
v -10.3500 2.4000 16.7000
v -5.4000 2.4000 16.7000
v -5.4000 2.4000 19.3000
v -10.3500 2.4000 19.3000
v -10.3500 -13.4000 16.7000
v -10.3500 2.4000 16.7000
v -10.3500 2.4000 19.3000
v -10.3500 -13.4000 19.3000
v -5.4000 -13.4000 16.7000
v -5.4000 2.4000 16.7000
v -5.4000 2.4000 19.3000
v -5.4000 -13.4000 19.3000
v -5.1000 -13.4000 16.7000
v -0.1500 -13.4000 16.7000
v -0.1500 2.4000 16.7000
v -5.1000 2.4000 16.7000
v -5.1000 -13.4000 19.3000
v -0.1500 -13.4000 19.3000
v -0.1500 2.4000 19.3000
v -5.1000 2.4000 19.3000
v -5.1000 -13.4000 16.7000
v -0.1500 -13.4000 16.7000
v -0.1500 -13.4000 19.3000
v -5.1000 -13.4000 19.3000
v -5.1000 2.4000 16.7000
v -0.1500 2.4000 16.7000
v -0.1500 2.4000 19.3000
v -5.1000 2.4000 19.3000
v -5.1000 -13.4000 16.7000
v -5.1000 2.4000 16.7000
v -5.1000 2.4000 19.3000
v -5.1000 -13.4000 19.3000
v -0.1500 -13.4000 16.7000
v -0.1500 2.4000 16.7000
v -0.1500 2.4000 19.3000
v -0.1500 -13.4000 19.3000
v 0.1500 -13.4000 16.7000
v 5.1000 -13.4000 16.7000
v 5.1000 2.4000 16.7000
v 0.1500 2.4000 16.7000
v 0.1500 -13.4000 19.3000
v 5.1000 -13.4000 19.3000
v 5.1000 2.4000 19.3000
v 0.1500 2.4000 19.3000
v 0.1500 -13.4000 16.7000
v 5.1000 -13.4000 16.7000
v 5.1000 -13.4000 19.3000
v 0.1500 -13.4000 19.3000
v 0.1500 2.4000 16.7000
v 5.1000 2.4000 16.7000
v 5.1000 2.4000 19.3000
v 0.1500 2.4000 19.3000
v 0.1500 -13.4000 16.7000
v 0.1500 2.4000 16.7000
v 0.1500 2.4000 19.3000
v 0.1500 -13.4000 19.3000
v 5.1000 -13.4000 16.7000
v 5.1000 2.4000 16.7000
v 5.1000 2.4000 19.3000
v 5.1000 -13.4000 19.3000
v 5.4000 -13.4000 16.7000
v 10.3500 -13.4000 16.7000
v 10.3500 2.4000 16.7000
v 5.4000 2.4000 16.7000
v 5.4000 -13.4000 19.3000
v 10.3500 -13.4000 19.3000
v 10.3500 2.4000 19.3000
v 5.4000 2.4000 19.3000
v 5.4000 -13.4000 16.7000
v 10.3500 -13.4000 16.7000
v 10.3500 -13.4000 19.3000
v 5.4000 -13.4000 19.3000
v 5.4000 2.4000 16.7000
v 10.3500 2.4000 16.7000
v 10.3500 2.4000 19.3000
v 5.4000 2.4000 19.3000
v 5.4000 -13.4000 16.7000
v 5.4000 2.4000 16.7000
v 5.4000 2.4000 19.3000
v 5.4000 -13.4000 19.3000
v 10.3500 -13.4000 16.7000
v 10.3500 2.4000 16.7000
v 10.3500 2.4000 19.3000
v 10.3500 -13.4000 19.3000
v -11.0000 5.0000 9.0000
v 11.0000 5.0000 9.0000
v 11.0000 22.0000 9.0000
v -11.0000 22.0000 9.0000
v -11.0000 5.0000 11.5000
v 11.0000 5.0000 11.5000
v 11.0000 22.0000 11.5000
v -11.0000 22.0000 11.5000
v -11.0000 5.0000 9.0000
v 11.0000 5.0000 9.0000
v 11.0000 5.0000 11.5000
v -11.0000 5.0000 11.5000
v -11.0000 22.0000 9.0000
v 11.0000 22.0000 9.0000
v 11.0000 22.0000 11.5000
v -11.0000 22.0000 11.5000
v -11.0000 5.0000 9.0000
v -11.0000 22.0000 9.0000
v -11.0000 22.0000 11.5000
v -11.0000 5.0000 11.5000
v 11.0000 5.0000 9.0000
v 11.0000 22.0000 9.0000
v 11.0000 22.0000 11.5000
v 11.0000 5.0000 11.5000
v -10.3500 5.6000 11.5000
v -5.4000 5.6000 11.5000
v -5.4000 21.4000 11.5000
v -10.3500 21.4000 11.5000
v -10.3500 5.6000 14.1000
v -5.4000 5.6000 14.1000
v -5.4000 21.4000 14.1000
v -10.3500 21.4000 14.1000
v -10.3500 5.6000 11.5000
v -5.4000 5.6000 11.5000
v -5.4000 5.6000 14.1000
v -10.3500 5.6000 14.1000
v -10.3500 21.4000 11.5000
v -5.4000 21.4000 11.5000
v -5.4000 21.4000 14.1000
v -10.3500 21.4000 14.1000
v -10.3500 5.6000 11.5000
v -10.3500 21.4000 11.5000
v -10.3500 21.4000 14.1000
v -10.3500 5.6000 14.1000
v -5.4000 5.6000 11.5000
v -5.4000 21.4000 11.5000
v -5.4000 21.4000 14.1000
v -5.4000 5.6000 14.1000
v -5.1000 5.6000 11.5000
v -0.1500 5.6000 11.5000
v -0.1500 21.4000 11.5000
v -5.1000 21.4000 11.5000
v -5.1000 5.6000 14.1000
v -0.1500 5.6000 14.1000
v -0.1500 21.4000 14.1000
v -5.1000 21.4000 14.1000
v -5.1000 5.6000 11.5000
v -0.1500 5.6000 11.5000
v -0.1500 5.6000 14.1000
v -5.1000 5.6000 14.1000
v -5.1000 21.4000 11.5000
v -0.1500 21.4000 11.5000
v -0.1500 21.4000 14.1000
v -5.1000 21.4000 14.1000
v -5.1000 5.6000 11.5000
v -5.1000 21.4000 11.5000
v -5.1000 21.4000 14.1000
v -5.1000 5.6000 14.1000
v -0.1500 5.6000 11.5000
v -0.1500 21.4000 11.5000
v -0.1500 21.4000 14.1000
v -0.1500 5.6000 14.1000
v 0.1500 5.6000 11.5000
v 5.1000 5.6000 11.5000
v 5.1000 21.4000 11.5000
v 0.1500 21.4000 11.5000
v 0.1500 5.6000 14.1000
v 5.1000 5.6000 14.1000
v 5.1000 21.4000 14.1000
v 0.1500 21.4000 14.1000
v 0.1500 5.6000 11.5000
v 5.1000 5.6000 11.5000
v 5.1000 5.6000 14.1000
v 0.1500 5.6000 14.1000
v 0.1500 21.4000 11.5000
v 5.1000 21.4000 11.5000
v 5.1000 21.4000 14.1000
v 0.1500 21.4000 14.1000
v 0.1500 5.6000 11.5000
v 0.1500 21.4000 11.5000
v 0.1500 21.4000 14.1000
v 0.1500 5.6000 14.1000
v 5.1000 5.6000 11.5000
v 5.1000 21.4000 11.5000
v 5.1000 21.4000 14.1000
v 5.1000 5.6000 14.1000
v 5.4000 5.6000 11.5000
v 10.3500 5.6000 11.5000
v 10.3500 21.4000 11.5000
v 5.4000 21.4000 11.5000
v 5.4000 5.6000 14.1000
v 10.3500 5.6000 14.1000
v 10.3500 21.4000 14.1000
v 5.4000 21.4000 14.1000
v 5.4000 5.6000 11.5000
v 10.3500 5.6000 11.5000
v 10.3500 5.6000 14.1000
v 5.4000 5.6000 14.1000
v 5.4000 21.4000 11.5000
v 10.3500 21.4000 11.5000
v 10.3500 21.4000 14.1000
v 5.4000 21.4000 14.1000
v 5.4000 5.6000 11.5000
v 5.4000 21.4000 11.5000
v 5.4000 21.4000 14.1000
v 5.4000 5.6000 14.1000
v 10.3500 5.6000 11.5000
v 10.3500 21.4000 11.5000
v 10.3500 21.4000 14.1000
v 10.3500 5.6000 14.1000
v -10.3500 5.6000 14.1000
v -5.4000 5.6000 14.1000
v -5.4000 21.4000 14.1000
v -10.3500 21.4000 14.1000
v -10.3500 5.6000 16.7000
v -5.4000 5.6000 16.7000
v -5.4000 21.4000 16.7000
v -10.3500 21.4000 16.7000
v -10.3500 5.6000 14.1000
v -5.4000 5.6000 14.1000
v -5.4000 5.6000 16.7000
v -10.3500 5.6000 16.7000
v -10.3500 21.4000 14.1000
v -5.4000 21.4000 14.1000
v -5.4000 21.4000 16.7000
v -10.3500 21.4000 16.7000
v -10.3500 5.6000 14.1000
v -10.3500 21.4000 14.1000
v -10.3500 21.4000 16.7000
v -10.3500 5.6000 16.7000
v -5.4000 5.6000 14.1000
v -5.4000 21.4000 14.1000
v -5.4000 21.4000 16.7000
v -5.4000 5.6000 16.7000
v -5.1000 5.6000 14.1000
v -0.1500 5.6000 14.1000
v -0.1500 21.4000 14.1000
v -5.1000 21.4000 14.1000
v -5.1000 5.6000 16.7000
v -0.1500 5.6000 16.7000
v -0.1500 21.4000 16.7000
v -5.1000 21.4000 16.7000
v -5.1000 5.6000 14.1000
v -0.1500 5.6000 14.1000
v -0.1500 5.6000 16.7000
v -5.1000 5.6000 16.7000
v -5.1000 21.4000 14.1000
v -0.1500 21.4000 14.1000
v -0.1500 21.4000 16.7000
v -5.1000 21.4000 16.7000
v -5.1000 5.6000 14.1000
v -5.1000 21.4000 14.1000
v -5.1000 21.4000 16.7000
v -5.1000 5.6000 16.7000
v -0.1500 5.6000 14.1000
v -0.1500 21.4000 14.1000
v -0.1500 21.4000 16.7000
v -0.1500 5.6000 16.7000
v 0.1500 5.6000 14.1000
v 5.1000 5.6000 14.1000
v 5.1000 21.4000 14.1000
v 0.1500 21.4000 14.1000
v 0.1500 5.6000 16.7000
v 5.1000 5.6000 16.7000
v 5.1000 21.4000 16.7000
v 0.1500 21.4000 16.7000
v 0.1500 5.6000 14.1000
v 5.1000 5.6000 14.1000
v 5.1000 5.6000 16.7000
v 0.1500 5.6000 16.7000
v 0.1500 21.4000 14.1000
v 5.1000 21.4000 14.1000
v 5.1000 21.4000 16.7000
v 0.1500 21.4000 16.7000
v 0.1500 5.6000 14.1000
v 0.1500 21.4000 14.1000
v 0.1500 21.4000 16.7000
v 0.1500 5.6000 16.7000
v 5.1000 5.6000 14.1000
v 5.1000 21.4000 14.1000
v 5.1000 21.4000 16.7000
v 5.1000 5.6000 16.7000
v 5.4000 5.6000 14.1000
v 10.3500 5.6000 14.1000
v 10.3500 21.4000 14.1000
v 5.4000 21.4000 14.1000
v 5.4000 5.6000 16.7000
v 10.3500 5.6000 16.7000
v 10.3500 21.4000 16.7000
v 5.4000 21.4000 16.7000
v 5.4000 5.6000 14.1000
v 10.3500 5.6000 14.1000
v 10.3500 5.6000 16.7000
v 5.4000 5.6000 16.7000
v 5.4000 21.4000 14.1000
v 10.3500 21.4000 14.1000
v 10.3500 21.4000 16.7000
v 5.4000 21.4000 16.7000
v 5.4000 5.6000 14.1000
v 5.4000 21.4000 14.1000
v 5.4000 21.4000 16.7000
v 5.4000 5.6000 16.7000
v 10.3500 5.6000 14.1000
v 10.3500 21.4000 14.1000
v 10.3500 21.4000 16.7000
v 10.3500 5.6000 16.7000
v -11.0000 24.0000 9.0000
v 11.0000 24.0000 9.0000
v 11.0000 41.0000 9.0000
v -11.0000 41.0000 9.0000
v -11.0000 24.0000 11.5000
v 11.0000 24.0000 11.5000
v 11.0000 41.0000 11.5000
v -11.0000 41.0000 11.5000
v -11.0000 24.0000 9.0000
v 11.0000 24.0000 9.0000
v 11.0000 24.0000 11.5000
v -11.0000 24.0000 11.5000
v -11.0000 41.0000 9.0000
v 11.0000 41.0000 9.0000
v 11.0000 41.0000 11.5000
v -11.0000 41.0000 11.5000
v -11.0000 24.0000 9.0000
v -11.0000 41.0000 9.0000
v -11.0000 41.0000 11.5000
v -11.0000 24.0000 11.5000
v 11.0000 24.0000 9.0000
v 11.0000 41.0000 9.0000
v 11.0000 41.0000 11.5000
v 11.0000 24.0000 11.5000
v -10.3500 24.6000 11.5000
v -5.4000 24.6000 11.5000
v -5.4000 40.4000 11.5000
v -10.3500 40.4000 11.5000
v -10.3500 24.6000 14.1000
v -5.4000 24.6000 14.1000
v -5.4000 40.4000 14.1000
v -10.3500 40.4000 14.1000
v -10.3500 24.6000 11.5000
v -5.4000 24.6000 11.5000
v -5.4000 24.6000 14.1000
v -10.3500 24.6000 14.1000
v -10.3500 40.4000 11.5000
v -5.4000 40.4000 11.5000
v -5.4000 40.4000 14.1000
v -10.3500 40.4000 14.1000
v -10.3500 24.6000 11.5000
v -10.3500 40.4000 11.5000
v -10.3500 40.4000 14.1000
v -10.3500 24.6000 14.1000
v -5.4000 24.6000 11.5000
v -5.4000 40.4000 11.5000
v -5.4000 40.4000 14.1000
v -5.4000 24.6000 14.1000
v -5.1000 24.6000 11.5000
v -0.1500 24.6000 11.5000
v -0.1500 40.4000 11.5000
v -5.1000 40.4000 11.5000
v -5.1000 24.6000 14.1000
v -0.1500 24.6000 14.1000
v -0.1500 40.4000 14.1000
v -5.1000 40.4000 14.1000
v -5.1000 24.6000 11.5000
v -0.1500 24.6000 11.5000
v -0.1500 24.6000 14.1000
v -5.1000 24.6000 14.1000
v -5.1000 40.4000 11.5000
v -0.1500 40.4000 11.5000
v -0.1500 40.4000 14.1000
v -5.1000 40.4000 14.1000
v -5.1000 24.6000 11.5000
v -5.1000 40.4000 11.5000
v -5.1000 40.4000 14.1000
v -5.1000 24.6000 14.1000
v -0.1500 24.6000 11.5000
v -0.1500 40.4000 11.5000
v -0.1500 40.4000 14.1000
v -0.1500 24.6000 14.1000
v 0.1500 24.6000 11.5000
v 5.1000 24.6000 11.5000
v 5.1000 40.4000 11.5000
v 0.1500 40.4000 11.5000
v 0.1500 24.6000 14.1000
v 5.1000 24.6000 14.1000
v 5.1000 40.4000 14.1000
v 0.1500 40.4000 14.1000
v 0.1500 24.6000 11.5000
v 5.1000 24.6000 11.5000
v 5.1000 24.6000 14.1000
v 0.1500 24.6000 14.1000
v 0.1500 40.4000 11.5000
v 5.1000 40.4000 11.5000
v 5.1000 40.4000 14.1000
v 0.1500 40.4000 14.1000
v 0.1500 24.6000 11.5000
v 0.1500 40.4000 11.5000
v 0.1500 40.4000 14.1000
v 0.1500 24.6000 14.1000
v 5.1000 24.6000 11.5000
v 5.1000 40.4000 11.5000
v 5.1000 40.4000 14.1000
v 5.1000 24.6000 14.1000
v 5.4000 24.6000 11.5000
v 10.3500 24.6000 11.5000
v 10.3500 40.4000 11.5000
v 5.4000 40.4000 11.5000
v 5.4000 24.6000 14.1000
v 10.3500 24.6000 14.1000
v 10.3500 40.4000 14.1000
v 5.4000 40.4000 14.1000
v 5.4000 24.6000 11.5000
v 10.3500 24.6000 11.5000
v 10.3500 24.6000 14.1000
v 5.4000 24.6000 14.1000
v 5.4000 40.4000 11.5000
v 10.3500 40.4000 11.5000
v 10.3500 40.4000 14.1000
v 5.4000 40.4000 14.1000
v 5.4000 24.6000 11.5000
v 5.4000 40.4000 11.5000
v 5.4000 40.4000 14.1000
v 5.4000 24.6000 14.1000
v 10.3500 24.6000 11.5000
v 10.3500 40.4000 11.5000
v 10.3500 40.4000 14.1000
v 10.3500 24.6000 14.1000
v -0.8000 50.0000 -5.9000
v 0.8000 50.0000 -5.9000
v 0.8000 66.0000 -5.9000
v -0.8000 66.0000 -5.9000
v -0.8000 50.0000 -2.4000
v 0.8000 50.0000 -2.4000
v 0.8000 66.0000 -2.4000
v -0.8000 66.0000 -2.4000
v -0.8000 50.0000 -5.9000
v 0.8000 50.0000 -5.9000
v 0.8000 50.0000 -2.4000
v -0.8000 50.0000 -2.4000
v -0.8000 66.0000 -5.9000
v 0.8000 66.0000 -5.9000
v 0.8000 66.0000 -2.4000
v -0.8000 66.0000 -2.4000
v -0.8000 50.0000 -5.9000
v -0.8000 66.0000 -5.9000
v -0.8000 66.0000 -2.4000
v -0.8000 50.0000 -2.4000
v 0.8000 50.0000 -5.9000
v 0.8000 66.0000 -5.9000
v 0.8000 66.0000 -2.4000
v 0.8000 50.0000 -2.4000
v 0.3500 60.0000 -5.0000
v 0.3500 66.6000 -5.0000
v 0.2832 60.0000 -4.7943
v 0.2832 66.6000 -4.7943
v 0.1082 60.0000 -4.6671
v 0.1082 66.6000 -4.6671
v -0.1082 60.0000 -4.6671
v -0.1082 66.6000 -4.6671
v -0.2832 60.0000 -4.7943
v -0.2832 66.6000 -4.7943
v -0.3500 60.0000 -5.0000
v -0.3500 66.6000 -5.0000
v -0.2832 60.0000 -5.2057
v -0.2832 66.6000 -5.2057
v -0.1082 60.0000 -5.3329
v -0.1082 66.6000 -5.3329
v 0.1082 60.0000 -5.3329
v 0.1082 66.6000 -5.3329
v 0.2832 60.0000 -5.2057
v 0.2832 66.6000 -5.2057
v 0.0000 60.0000 -5.0000
v 0.0000 66.6000 -5.0000
v 0.7500 66.6000 -5.0000
v 0.7500 69.2000 -5.0000
v 0.6495 66.6000 -4.6250
v 0.6495 69.2000 -4.6250
v 0.3750 66.6000 -4.3505
v 0.3750 69.2000 -4.3505
v 0.0000 66.6000 -4.2500
v 0.0000 69.2000 -4.2500
v -0.3750 66.6000 -4.3505
v -0.3750 69.2000 -4.3505
v -0.6495 66.6000 -4.6250
v -0.6495 69.2000 -4.6250
v -0.7500 66.6000 -5.0000
v -0.7500 69.2000 -5.0000
v -0.6495 66.6000 -5.3750
v -0.6495 69.2000 -5.3750
v -0.3750 66.6000 -5.6495
v -0.3750 69.2000 -5.6495
v -0.0000 66.6000 -5.7500
v -0.0000 69.2000 -5.7500
v 0.3750 66.6000 -5.6495
v 0.3750 69.2000 -5.6495
v 0.6495 66.6000 -5.3750
v 0.6495 69.2000 -5.3750
v 0.0000 66.6000 -5.0000
v 0.0000 69.2000 -5.0000
v 0.7200 68.3593 -4.5053
v 0.7200 67.4407 -5.4947
v 1.0415 68.2454 -4.4216
v 1.0743 67.5546 -5.5149
v 1.3607 68.1671 -4.3591
v 1.4276 67.6329 -5.4734
v 1.6784 68.1123 -4.2952
v 1.7775 67.6877 -5.3930
v 1.9943 68.0726 -4.2203
v 2.1225 67.7274 -5.2833
v 2.3160 68.0273 -4.1856
v 2.4532 67.7727 -5.0936
v 2.6747 67.9419 -4.3383
v 2.7364 67.8581 -4.6771
v -0.4947 68.3593 -4.2800
v 0.4947 67.4407 -4.2800
v -0.5784 68.2454 -3.9585
v 0.5149 67.5546 -3.9257
v -0.6409 68.1671 -3.6393
v 0.4734 67.6329 -3.5724
v -0.7048 68.1123 -3.3216
v 0.3930 67.6877 -3.2225
v -0.7797 68.0726 -3.0057
v 0.2833 67.7274 -2.8775
v -0.8144 68.0273 -2.6840
v 0.0936 67.7727 -2.5468
v -0.6617 67.9419 -2.3253
v -0.3229 67.8581 -2.2636
v -0.7200 68.3593 -5.4947
v -0.7200 67.4407 -4.5053
v -1.0415 68.2454 -5.5784
v -1.0743 67.5546 -4.4851
v -1.3607 68.1671 -5.6409
v -1.4276 67.6329 -4.5266
v -1.6784 68.1123 -5.7048
v -1.7775 67.6877 -4.6070
v -1.9943 68.0726 -5.7797
v -2.1225 67.7274 -4.7167
v -2.3160 68.0273 -5.8144
v -2.4532 67.7727 -4.9064
v -2.6747 67.9419 -5.6617
v -2.7364 67.8581 -5.3229
v 0.4947 68.3593 -5.7200
v -0.4947 67.4407 -5.7200
v 0.5784 68.2454 -6.0415
v -0.5149 67.5546 -6.0743
v 0.6409 68.1671 -6.3607
v -0.4734 67.6329 -6.4276
v 0.7048 68.1123 -6.6784
v -0.3930 67.6877 -6.7775
v 0.7797 68.0726 -6.9943
v -0.2833 67.7274 -7.1225
v 0.8144 68.0273 -7.3160
v -0.0936 67.7727 -7.4532
v 0.6617 67.9419 -7.6747
v 0.3229 67.8581 -7.7364
v -0.3500 70.6000 -6.6000
v 0.3500 70.6000 -6.6000
v 0.3500 74.2000 -6.6000
v -0.3500 74.2000 -6.6000
v -0.3500 70.6000 -1.2000
v 0.3500 70.6000 -1.2000
v 0.3500 74.2000 -1.2000
v -0.3500 74.2000 -1.2000
v -0.3500 70.6000 -6.6000
v 0.3500 70.6000 -6.6000
v 0.3500 70.6000 -1.2000
v -0.3500 70.6000 -1.2000
v -0.3500 74.2000 -6.6000
v 0.3500 74.2000 -6.6000
v 0.3500 74.2000 -1.2000
v -0.3500 74.2000 -1.2000
v -0.3500 70.6000 -6.6000
v -0.3500 74.2000 -6.6000
v -0.3500 74.2000 -1.2000
v -0.3500 70.6000 -1.2000
v 0.3500 70.6000 -6.6000
v 0.3500 74.2000 -6.6000
v 0.3500 74.2000 -1.2000
v 0.3500 70.6000 -1.2000
v -0.3000 71.2000 -1.2000
v 0.3000 71.2000 -1.2000
v 0.3000 72.0000 -1.2000
v -0.3000 72.0000 -1.2000
v -0.3000 71.2000 1.0000
v 0.3000 71.2000 1.0000
v 0.3000 72.0000 1.0000
v -0.3000 72.0000 1.0000
v -0.3000 71.2000 -1.2000
v 0.3000 71.2000 -1.2000
v 0.3000 71.2000 1.0000
v -0.3000 71.2000 1.0000
v -0.3000 72.0000 -1.2000
v 0.3000 72.0000 -1.2000
v 0.3000 72.0000 1.0000
v -0.3000 72.0000 1.0000
v -0.3000 71.2000 -1.2000
v -0.3000 72.0000 -1.2000
v -0.3000 72.0000 1.0000
v -0.3000 71.2000 1.0000
v 0.3000 71.2000 -1.2000
v 0.3000 72.0000 -1.2000
v 0.3000 72.0000 1.0000
v 0.3000 71.2000 1.0000
vn 0.6547 0.6057 0.4522
vn -0.8726 0.3999 0.2804
vn -0.9092 0.3303 0.2536
vn -0.8755 0.4064 0.2615
vn -0.8741 0.4219 0.2407
vn -0.8605 0.4605 0.2180
vn -0.7031 0.6842 0.1937
vn 0.3015 0.9267 0.2241
vn 0.8053 0.5559 0.2059
vn 0.8683 0.4392 0.2305
vn 0.8747 0.4140 0.2520
vn 0.8738 0.4033 0.2717
vn 0.8700 0.3993 0.2893
vn 0.8173 0.4600 0.3469
vn -0.6244 0.6394 0.4486
vn -0.6019 0.6402 0.4774
vn -0.6339 0.6443 0.4278
vn -0.6367 0.6570 0.4037
vn -0.6210 0.6879 0.3757
vn -0.4480 0.8281 0.3370
vn 0.0607 0.9398 0.3362
vn 0.5164 0.7847 0.3428
vn 0.6276 0.6776 0.3835
vn 0.6358 0.6534 0.4108
vn 0.6305 0.6435 0.4341
vn 0.6199 0.6400 0.4540
vn 0.4525 0.7209 0.5249
vn -0.2916 0.7877 0.5428
vn -0.1981 0.7966 0.5712
vn -0.3109 0.7900 0.5284
vn -0.3247 0.7966 0.5099
vn -0.3239 0.8119 0.4857
vn -0.2223 0.8681 0.4438
vn 0.0035 0.9050 0.4254
vn 0.2494 0.8607 0.4438
vn 0.3245 0.8096 0.4891
vn 0.3209 0.7962 0.5129
vn 0.3055 0.7906 0.5307
vn 0.2854 0.7887 0.5445
vn 0.0738 0.8180 0.5704
vn -0.0019 0.8308 0.5565
vn 0.1119 0.8202 0.5611
vn -0.0305 0.8317 0.5543
vn -0.0572 0.8341 0.5487
vn -0.0785 0.8392 0.5381
vn -0.0649 0.8537 0.5167
vn -0.0133 0.8658 0.5003
vn 0.0684 0.8568 0.5110
vn 0.0740 0.8399 0.5376
vn 0.0513 0.8349 0.5481
vn 0.0240 0.8326 0.5534
vn -0.0048 0.8317 0.5553
vn -0.1928 0.8179 0.5421
vn 0.2088 0.8215 0.5306
vn 0.3152 0.7965 0.5159
vn 0.1733 0.8222 0.5421
vn 0.1360 0.8228 0.5518
vn 0.0959 0.8235 0.5592
vn 0.0411 0.8213 0.5690
vn -0.0186 0.8261 0.5632
vn -0.0488 0.8274 0.5595
vn -0.1031 0.8250 0.5557
vn -0.1429 0.8238 0.5486
vn -0.1800 0.8229 0.5389
vn -0.2152 0.8220 0.5273
vn -0.3673 0.7885 0.4933
vn 0.3575 0.7945 0.4909
vn 0.4505 0.7627 0.4642
vn 0.3172 0.7957 0.5160
vn 0.2720 0.7958 0.5410
vn 0.2179 0.7947 0.5665
vn 0.1138 0.7849 0.6091
vn -0.0198 0.7875 0.6159
vn -0.1267 0.7920 0.5973
vn -0.2261 0.7963 0.5611
vn -0.2791 0.7967 0.5362
vn -0.3236 0.7961 0.5113
vn -0.3634 0.7946 0.4864
vn -0.4857 0.7542 0.4419
vn 0.4653 0.7634 0.4480
vn 0.5457 0.7289 0.4134
vn 0.4217 0.7656 0.4859
vn 0.3706 0.7660 0.5253
vn 0.3058 0.7641 0.5681
vn 0.1652 0.7494 0.6412
vn -0.0195 0.7507 0.6603
vn -0.1806 0.7567 0.6283
vn -0.3143 0.7655 0.5614
vn -0.3775 0.7666 0.5195
vn -0.4277 0.7657 0.4803
vn -0.4707 0.7632 0.4426
vn -0.5709 0.7211 0.3926
vn 0.5468 0.7328 0.4051
vn 0.6165 0.6975 0.3652
vn 0.5009 0.7362 0.4551
vn 0.4451 0.7373 0.5082
vn 0.3717 0.7351 0.5670
vn 0.6968 0.3644 -0.6178
vn 0.4206 -0.5088 -0.7512
vn -0.2782 0.7511 0.5987
vn -0.3802 0.7364 0.5596
vn -0.4517 0.7377 0.5017
vn -0.5064 0.7362 0.4489
vn -0.5515 0.7324 0.3993
vn -0.6352 0.6905 0.3460
vn 0.6105 0.7037 0.3634
vn 0.6714 0.6685 0.3198
vn 0.5633 0.7088 0.4247
vn 0.5209 0.7477 0.4119
vn -0.4557 -0.5980 -0.6593
vn -0.1531 -0.6576 -0.7377
vn 0.0174 -0.6837 -0.7295
vn 0.2175 -0.6826 -0.6977
vn 0.7589 -0.5158 -0.3975
vn -0.5159 0.7222 0.4607
vn -0.5684 0.7085 0.4182
vn -0.6148 0.7031 0.3573
vn -0.5087 0.7907 0.3406
vn -0.7720 -0.5649 -0.2912
vn 0.7332 0.6061 0.3082
vn -0.7048 -0.5760 -0.4140
vn -0.5334 -0.6697 -0.5168
vn -0.4653 -0.6848 -0.5609
vn -0.2521 -0.6579 -0.7097
vn 0.0162 -0.6537 -0.7566
vn 0.2690 -0.6652 -0.6965
vn 0.4733 -0.6857 -0.5530
vn 0.5560 -0.6776 -0.4815
vn 0.8655 -0.4779 -0.1497
vn 0.8861 -0.4595 -0.0607
vn 0.8282 -0.5258 -0.1939
vn -0.7047 -0.6502 -0.2840
vn -0.7517 -0.6157 -0.2362
vn -0.6569 -0.6592 -0.3660
vn -0.5926 -0.6641 -0.4558
vn -0.5006 -0.6632 -0.5565
vn -0.2688 -0.6324 -0.7265
vn 0.0151 -0.6258 -0.7798
vn 0.2856 -0.6397 -0.7136
vn 0.5083 -0.6639 -0.5486
vn 0.5982 -0.6640 -0.4486
vn 0.6612 -0.6586 -0.3593
vn 0.7080 -0.6493 -0.2778
vn 0.7606 -0.6103 -0.2215
vn -0.7406 -0.6251 -0.2464
vn -0.7820 -0.5911 -0.1976
vn -0.6936 -0.6364 -0.3375
vn -0.6279 -0.6433 -0.4381
vn -0.5312 -0.6435 -0.5512
vn -0.2821 -0.6092 -0.7412
vn 0.0140 -0.6001 -0.7998
vn 0.2986 -0.6163 -0.7287
vn 0.5386 -0.6440 -0.5434
vn 0.6331 -0.6430 -0.4311
vn 0.6975 -0.6356 -0.3308
vn 0.7435 -0.6241 -0.2403
vn 0.7891 -0.5860 -0.1843
vn -0.7713 -0.6008 -0.2101
vn -0.8076 -0.5673 -0.1610
vn -0.7257 -0.6144 -0.3095
vn -0.6592 -0.6236 -0.4202
vn -0.5586 -0.6254 -0.5449
vn -0.2928 -0.5879 -0.7541
vn 0.0130 -0.5763 -0.8171
vn 0.3090 -0.5948 -0.7421
vn 0.5656 -0.6257 -0.5373
vn 0.6640 -0.6231 -0.4133
vn 0.7292 -0.6136 -0.3030
vn 0.7737 -0.5997 -0.2042
vn 0.8133 -0.5624 -0.1491
vn -0.7977 -0.5770 -0.1752
vn -0.8295 -0.5440 -0.1264
vn -0.7541 -0.5931 -0.2820
vn -0.6875 -0.6048 -0.4020
vn -0.5836 -0.6087 -0.5375
vn -0.3015 -0.5683 -0.7656
vn 0.0121 -0.5543 -0.8322
vn 0.3175 -0.5751 -0.7539
vn 0.5902 -0.6087 -0.5302
vn 0.6919 -0.6041 -0.3953
vn 0.7572 -0.5921 -0.2757
vn 0.7997 -0.5759 -0.1696
vn 0.8340 -0.5394 -0.1158
vn -0.8206 -0.5536 -0.1418
vn -0.8484 -0.5211 -0.0937
vn -0.7795 -0.5722 -0.2549
vn -0.7134 -0.5866 -0.3833
vn -0.6070 -0.5931 -0.5289
vn -0.3088 -0.5503 -0.7757
vn 0.0112 -0.5340 -0.8454
vn 0.3246 -0.5570 -0.7645
vn 0.6132 -0.5929 -0.5220
vn 0.7175 -0.5858 -0.3769
vn 0.7822 -0.5711 -0.2490
vn 0.8223 -0.5524 -0.1366
vn 0.8520 -0.5168 -0.0844
vn -0.8850 -0.4497 -0.1207
vn -0.8946 -0.4421 -0.0644
vn -0.8533 -0.4581 -0.2492
vn -0.7920 -0.4615 -0.3996
vn -0.6802 -0.4550 -0.5748
vn -0.3258 -0.3853 -0.8634
vn 0.0326 -0.3780 -0.9252
vn 0.3693 -0.4274 -0.8252
vn 0.6935 -0.4655 -0.5498
vn 0.7980 -0.4678 -0.3799
vn 0.8553 -0.4625 -0.2334
vn 0.8848 -0.4531 -0.1086
vn 0.9011 -0.4294 -0.0602
vn -0.9291 -0.3520 -0.1136
vn -0.9339 -0.3535 -0.0544
vn -0.9017 -0.3518 -0.2512
vn -0.8416 -0.3474 -0.4136
vn -0.7249 -0.3348 -0.6020
vn -0.3403 -0.2729 -0.8998
vn 0.0173 -0.2553 -0.9667
vn 0.3705 -0.2896 -0.8825
vn 0.7347 -0.3389 -0.5877
vn 0.8464 -0.3500 -0.4015
vn 0.9037 -0.3537 -0.2411
vn 0.9294 -0.3536 -0.1057
vn 0.9358 -0.3481 -0.0549
vn -0.9408 -0.3195 -0.1130
vn -0.9455 -0.3208 -0.0552
vn -0.9137 -0.3179 -0.2532
vn -0.8528 -0.3125 -0.4183
vn -0.7343 -0.3001 -0.6088
vn -0.3402 -0.2431 -0.9084
vn 0.0068 -0.2206 -0.9753
vn 0.3565 -0.2473 -0.9010
vn 0.7391 -0.3003 -0.6029
vn 0.8555 -0.3125 -0.4129
vn 0.9150 -0.3178 -0.2484
vn 0.9413 -0.3195 -0.1090
vn 0.9460 -0.3193 -0.0566
vn -0.9440 -0.3097 -0.1137
vn -0.9489 -0.3105 -0.0571
vn -0.9165 -0.3085 -0.2548
vn -0.8547 -0.3040 -0.4209
vn -0.7349 -0.2928 -0.6117
vn -0.3318 -0.2350 -0.9136
vn 0.0061 -0.2121 -0.9772
vn 0.3473 -0.2389 -0.9068
vn 0.7392 -0.2929 -0.6065
vn 0.8570 -0.3039 -0.4161
vn 0.9177 -0.3084 -0.2506
vn 0.9445 -0.3096 -0.1101
vn 0.9493 -0.3089 -0.0583
vn -0.9480 -0.2969 -0.1146
vn -0.9523 -0.2994 -0.0587
vn -0.9215 -0.2906 -0.2575
vn -0.8611 -0.2770 -0.4263
vn -0.7425 -0.2508 -0.6212
vn -0.3270 -0.1525 -0.9326
vn 0.0040 -0.1341 -0.9910
vn 0.3401 -0.1871 -0.9216
vn 0.7442 -0.2606 -0.6150
vn 0.8617 -0.2826 -0.4214
vn 0.9216 -0.2938 -0.2536
vn 0.9480 -0.2982 -0.1115
vn 0.9527 -0.2980 -0.0592
vn -0.9515 -0.2841 -0.1182
vn -0.9558 -0.2876 -0.0602
vn -0.9246 -0.2729 -0.2658
vn -0.8630 -0.2492 -0.4395
vn -0.7415 -0.2069 -0.6382
vn -0.3121 -0.0785 -0.9468
vn 0.0017 -0.0393 -0.9992
vn 0.3259 -0.0924 -0.9409
vn 0.7443 -0.2103 -0.6339
vn 0.8644 -0.2511 -0.4356
vn 0.9253 -0.2739 -0.2624
vn 0.9517 -0.2845 -0.1155
vn 0.9563 -0.2861 -0.0600
vn -0.9545 -0.2718 -0.1228
vn -0.9594 -0.2752 -0.0611
vn -0.9255 -0.2599 -0.2756
vn -0.8596 -0.2349 -0.4537
vn -0.7326 -0.1906 -0.6535
vn -0.2925 -0.0594 -0.9544
vn 0.0011 -0.0152 -0.9999
vn 0.3056 -0.0621 -0.9501
vn 0.7354 -0.1904 -0.6503
vn 0.8613 -0.2347 -0.4507
vn 0.9263 -0.2598 -0.2729
vn 0.9548 -0.2717 -0.1204
vn 0.9599 -0.2736 -0.0605
vn -0.9575 -0.2591 -0.1267
vn -0.9631 -0.2620 -0.0613
vn -0.9262 -0.2480 -0.2840
vn -0.8562 -0.2245 -0.4653
vn -0.7241 -0.1829 -0.6650
vn -0.2743 -0.0549 -0.9601
vn 0.0009 -0.0139 -0.9999
vn 0.2864 -0.0573 -0.9564
vn 0.7265 -0.1825 -0.6625
vn 0.8576 -0.2241 -0.4628
vn 0.9270 -0.2478 -0.2817
vn 0.9578 -0.2590 -0.1247
vn 0.9636 -0.2603 -0.0602
vn -0.9607 -0.2456 -0.1295
vn -0.9669 -0.2480 -0.0605
vn -0.9276 -0.2355 -0.2901
vn -0.8543 -0.2140 -0.4737
vn -0.7183 -0.1756 -0.6732
vn -0.2582 -0.0509 -0.9647
vn 0.0008 -0.0127 -0.9999
vn 0.2693 -0.0530 -0.9616
vn 0.7202 -0.1750 -0.6713
vn 0.8554 -0.2135 -0.4719
vn 0.9282 -0.2352 -0.2884
vn 0.9609 -0.2455 -0.1280
vn 0.9674 -0.2463 -0.0591
vn -0.9640 -0.2314 -0.1312
vn -0.9706 -0.2332 -0.0588
vn -0.9296 -0.2225 -0.2938
vn -0.8541 -0.2033 -0.4787
vn -0.7156 -0.1687 -0.6778
vn -0.2440 -0.0472 -0.9686
vn 0.0007 -0.0117 -0.9999
vn 0.2542 -0.0490 -0.9659
vn 0.7169 -0.1679 -0.6767
vn 0.8549 -0.2027 -0.4775
vn 0.9301 -0.2222 -0.2927
vn 0.9641 -0.2312 -0.1302
vn 0.9712 -0.2314 -0.0570
vn -0.9685 -0.2114 -0.1318
vn -0.9754 -0.2131 -0.0562
vn -0.9334 -0.2043 -0.2951
vn -0.8566 -0.1884 -0.4804
vn -0.7165 -0.1589 -0.6792
vn -0.2315 -0.0432 -0.9719
vn 0.0006 -0.0106 -0.9999
vn 0.2409 -0.0444 -0.9695
vn 0.7171 -0.1576 -0.6789
vn 0.8570 -0.1875 -0.4800
vn 0.9336 -0.2037 -0.2947
vn 0.9686 -0.2111 -0.1314
vn 0.9760 -0.2106 -0.0545
vn -0.9750 -0.1796 -0.1309
vn -0.9819 -0.1816 -0.0538
vn -0.9398 -0.1751 -0.2936
vn -0.8627 -0.1641 -0.4783
vn -0.7223 -0.1422 -0.6768
vn -0.2210 -0.0379 -0.9745
vn 0.0005 -0.0092 -1.0000
vn 0.2295 -0.0383 -0.9726
vn 0.7221 -0.1405 -0.6773
vn 0.8627 -0.1629 -0.4788
vn 0.9398 -0.1744 -0.2940
vn 0.9750 -0.1793 -0.1312
vn 0.9825 -0.1785 -0.0538
vn -0.9802 -0.1507 -0.1281
vn -0.9869 -0.1520 -0.0537
vn -0.9460 -0.1485 -0.2880
vn -0.8708 -0.1422 -0.4706
vn -0.7324 -0.1275 -0.6688
vn -0.2125 -0.0331 -0.9766
vn 0.0004 -0.0080 -1.0000
vn 0.2201 -0.0338 -0.9749
vn 0.7313 -0.1262 -0.6702
vn 0.8703 -0.1413 -0.4719
vn 0.9458 -0.1480 -0.2892
vn 0.9802 -0.1505 -0.1291
vn 0.9872 -0.1498 -0.0549
vn -0.9837 -0.1297 -0.1247
vn -0.9898 -0.1313 -0.0544
vn -0.9512 -0.1275 -0.2809
vn -0.8791 -0.1216 -0.4608
vn -0.7441 -0.1084 -0.6592
vn -0.2057 -0.0275 -0.9782
vn 0.0004 -0.0064 -1.0000
vn 0.2119 -0.0271 -0.9769
vn 0.7430 -0.1108 -0.6600
vn 0.8784 -0.1232 -0.4617
vn 0.9508 -0.1285 -0.2818
vn 0.9835 -0.1302 -0.1255
vn 0.9901 -0.1292 -0.0554
vn -0.9864 -0.1077 -0.1243
vn -0.9924 -0.1101 -0.0555
vn -0.9546 -0.1035 -0.2795
vn -0.8835 -0.0948 -0.4588
vn -0.7492 -0.0789 -0.6576
vn -0.2012 -0.0185 -0.9794
vn 0.0003 -0.0041 -1.0000
vn 0.2050 -0.0175 -0.9786
vn 0.7497 -0.0823 -0.6567
vn 0.8836 -0.0971 -0.4580
vn 0.9546 -0.1049 -0.2788
vn 0.9864 -0.1083 -0.1238
vn 0.9926 -0.1079 -0.0560
vn -0.9882 -0.0860 -0.1265
vn -0.9945 -0.0885 -0.0568
vn -0.9554 -0.0817 -0.2839
vn -0.8823 -0.0727 -0.4650
vn -0.7455 -0.0574 -0.6640
vn -0.1980 -0.0119 -0.9801
vn 0.0003 -0.0026 -1.0000
vn 0.2004 -0.0114 -0.9796
vn 0.7469 -0.0571 -0.6624
vn 0.8832 -0.0725 -0.4635
vn 0.9558 -0.0815 -0.2825
vn 0.9884 -0.0860 -0.1254
vn 0.9946 -0.0862 -0.0570
vn -0.9896 -0.0643 -0.1285
vn -0.9961 -0.0664 -0.0577
vn -0.9556 -0.0610 -0.2882
vn -0.8805 -0.0541 -0.4709
vn -0.7412 -0.0427 -0.6699
vn -0.1954 -0.0089 -0.9807
vn 0.0002 -0.0019 -1.0000
vn 0.1972 -0.0083 -0.9803
vn 0.7423 -0.0423 -0.6687
vn 0.8812 -0.0539 -0.4697
vn 0.9560 -0.0608 -0.2871
vn 0.9897 -0.0642 -0.1276
vn 0.9963 -0.0640 -0.0579
vn -0.9906 -0.0421 -0.1299
vn -0.9973 -0.0440 -0.0585
vn -0.9558 -0.0400 -0.2912
vn -0.8792 -0.0355 -0.4750
vn -0.7382 -0.0279 -0.6740
vn -0.1936 -0.0059 -0.9811
vn 0.0002 -0.0012 -1.0000
vn 0.1950 -0.0053 -0.9808
vn 0.7390 -0.0275 -0.6732
vn 0.8797 -0.0352 -0.4742
vn 0.9561 -0.0398 -0.2904
vn 0.9907 -0.0421 -0.1292
vn 0.9974 -0.0416 -0.0586
vn -0.9912 -0.0198 -0.1307
vn -0.9980 -0.0213 -0.0589
vn -0.9560 -0.0188 -0.2929
vn -0.8785 -0.0167 -0.4774
vn -0.7365 -0.0132 -0.6764
vn -0.1927 -0.0029 -0.9813
vn 0.0002 -0.0006 -1.0000
vn 0.1936 -0.0023 -0.9811
vn 0.7370 -0.0127 -0.6758
vn 0.8788 -0.0164 -0.4769
vn 0.9561 -0.0186 -0.2924
vn 0.9913 -0.0197 -0.1302
vn 0.9981 -0.0189 -0.0590
vn -0.9914 -0.0043 -0.1309
vn -0.9982 -0.0048 -0.0591
vn -0.9560 -0.0041 -0.2934
vn -0.8783 -0.0037 -0.4782
vn -0.7359 -0.0029 -0.6771
vn -0.1925 -0.0007 -0.9813
vn 0.0001 -0.0001 -1.0000
vn 0.1930 -0.0004 -0.9812
vn 0.7362 -0.0027 -0.6768
vn 0.8784 -0.0035 -0.4779
vn 0.9561 -0.0040 -0.2931
vn 0.9914 -0.0043 -0.1306
vn 0.9982 -0.0039 -0.0591
vn -0.9914 0.0000 -0.1309
vn -0.9983 0.0000 -0.0591
vn -0.9560 0.0000 -0.2934
vn -0.8782 0.0000 -0.4782
vn -0.7358 0.0000 -0.6772
vn -0.1925 0.0000 -0.9813
vn 0.0001 0.0000 -1.0000
vn 0.1928 0.0000 -0.9812
vn 0.7360 0.0000 -0.6770
vn 0.8783 0.0000 -0.4780
vn 0.9560 0.0000 -0.2932
vn 0.9914 0.0000 -0.1307
vn 0.9983 0.0000 -0.0591
vn -0.9914 0.0000 -0.1309
vn -0.9983 0.0000 -0.0591
vn -0.9560 0.0000 -0.2934
vn -0.8783 0.0000 -0.4782
vn -0.7359 0.0000 -0.6771
vn -0.1926 0.0000 -0.9813
vn 0.0001 0.0000 -1.0000
vn 0.1928 0.0000 -0.9812
vn 0.7360 0.0000 -0.6770
vn 0.8783 0.0000 -0.4780
vn 0.9560 0.0000 -0.2933
vn 0.9914 0.0000 -0.1307
vn 0.9983 0.0000 -0.0591
vn -0.9914 0.0000 -0.1308
vn -0.9983 0.0000 -0.0591
vn -0.9560 0.0000 -0.2934
vn -0.8783 0.0000 -0.4782
vn -0.7359 0.0000 -0.6771
vn -0.1926 0.0000 -0.9813
vn 0.0001 0.0000 -1.0000
vn 0.1927 0.0000 -0.9812
vn 0.7360 0.0000 -0.6770
vn 0.8783 0.0000 -0.4781
vn 0.9560 0.0000 -0.2933
vn 0.9914 0.0000 -0.1308
vn 0.9983 0.0000 -0.0591
vn -0.9914 0.0000 -0.1308
vn -0.9983 0.0000 -0.0591
vn -0.9560 0.0000 -0.2933
vn -0.8783 0.0000 -0.4781
vn -0.7359 0.0000 -0.6771
vn -0.1926 0.0000 -0.9813
vn 0.0000 0.0000 -1.0000
vn 0.1927 0.0000 -0.9813
vn 0.7360 0.0000 -0.6770
vn 0.8783 0.0000 -0.4781
vn 0.9560 0.0000 -0.2933
vn 0.9914 0.0000 -0.1308
vn 0.9983 0.0000 -0.0591
vn -0.9914 0.0000 -0.1308
vn -0.9983 0.0000 -0.0591
vn -0.9560 0.0000 -0.2933
vn -0.8783 0.0000 -0.4781
vn -0.7359 0.0000 -0.6771
vn -0.1927 0.0000 -0.9813
vn 0.0000 0.0000 -1.0000
vn 0.1927 0.0000 -0.9813
vn 0.7359 0.0000 -0.6771
vn 0.8783 0.0000 -0.4781
vn 0.9560 0.0000 -0.2933
vn 0.9914 0.0000 -0.1308
vn 0.9983 0.0000 -0.0591
vn -0.9914 0.0000 -0.1308
vn -0.9983 0.0000 -0.0591
vn -0.9560 0.0000 -0.2933
vn -0.8783 0.0000 -0.4781
vn -0.7360 0.0000 -0.6770
vn -0.1927 0.0000 -0.9813
vn -0.0000 0.0000 -1.0000
vn 0.1926 0.0000 -0.9813
vn 0.7359 0.0000 -0.6771
vn 0.8783 0.0000 -0.4781
vn 0.9560 0.0000 -0.2933
vn 0.9914 0.0000 -0.1308
vn 0.9983 0.0000 -0.0591
vn -0.9914 0.0000 -0.1308
vn -0.9983 0.0000 -0.0591
vn -0.9560 0.0000 -0.2933
vn -0.8783 0.0000 -0.4781
vn -0.7360 0.0000 -0.6770
vn -0.1927 0.0000 -0.9812
vn -0.0001 0.0000 -1.0000
vn 0.1926 0.0000 -0.9813
vn 0.7359 0.0000 -0.6771
vn 0.8783 0.0000 -0.4782
vn 0.9560 0.0000 -0.2934
vn 0.9914 0.0000 -0.1308
vn 0.9983 0.0000 -0.0591
vn -0.9914 0.0000 -0.1307
vn -0.9983 0.0000 -0.0591
vn -0.9560 0.0000 -0.2933
vn -0.8783 0.0000 -0.4780
vn -0.7360 0.0000 -0.6770
vn -0.1928 0.0000 -0.9812
vn -0.0001 0.0000 -1.0000
vn 0.1926 0.0000 -0.9813
vn 0.7359 0.0000 -0.6771
vn 0.8783 0.0000 -0.4782
vn 0.9560 0.0000 -0.2934
vn 0.9914 0.0000 -0.1309
vn 0.9983 0.0000 -0.0591
vn -0.9914 0.0000 -0.1307
vn -0.9983 0.0000 -0.0591
vn -0.9560 0.0000 -0.2932
vn -0.8783 0.0000 -0.4780
vn -0.7360 0.0000 -0.6770
vn -0.1928 0.0000 -0.9812
vn -0.0001 0.0000 -1.0000
vn 0.1925 0.0000 -0.9813
vn 0.7358 0.0000 -0.6772
vn 0.8782 0.0000 -0.4782
vn 0.9560 0.0000 -0.2934
vn 0.9914 0.0000 -0.1309
vn 0.9983 0.0000 -0.0591
vn -0.9914 0.0000 -0.1307
vn -0.9983 0.0000 -0.0591
vn -0.9560 0.0000 -0.2932
vn -0.8784 0.0000 -0.4780
vn -0.7360 0.0000 -0.6769
vn -0.1929 0.0000 -0.9812
vn -0.0001 0.0000 -1.0000
vn 0.1925 0.0000 -0.9813
vn 0.7358 0.0000 -0.6772
vn 0.8782 0.0000 -0.4782
vn 0.9560 0.0000 -0.2934
vn 0.9914 0.0000 -0.1309
vn 0.9983 0.0000 -0.0591
vn -0.9914 0.0000 -0.1307
vn -0.9983 0.0000 -0.0591
vn -0.9561 0.0000 -0.2932
vn -0.8784 0.0000 -0.4780
vn -0.7361 0.0000 -0.6769
vn -0.1929 0.0000 -0.9812
vn -0.0002 0.0000 -1.0000
vn 0.1924 0.0000 -0.9813
vn 0.7358 0.0000 -0.6772
vn 0.8782 0.0000 -0.4783
vn 0.9560 0.0000 -0.2935
vn 0.9914 0.0000 -0.1309
vn 0.9983 0.0000 -0.0591
vn -0.9914 0.0000 -0.1307
vn -0.9983 0.0000 -0.0591
vn -0.9561 0.0000 -0.2932
vn -0.8784 0.0000 -0.4779
vn -0.7361 0.0000 -0.6769
vn -0.1929 0.0000 -0.9812
vn -0.0002 0.0000 -1.0000
vn 0.1924 0.0000 -0.9813
vn 0.7358 0.0000 -0.6772
vn 0.8782 0.0000 -0.4783
vn 0.9560 0.0000 -0.2935
vn 0.9914 0.0000 -0.1309
vn 0.9983 0.0000 -0.0591
vn -0.9914 0.0000 -0.1306
vn -0.9983 0.0000 -0.0591
vn -0.9561 0.0000 -0.2931
vn -0.8784 0.0000 -0.4779
vn -0.7361 0.0000 -0.6769
vn -0.1930 0.0000 -0.9812
vn -0.0002 0.0000 -1.0000
vn 0.1924 0.0000 -0.9813
vn 0.7357 0.0000 -0.6773
vn 0.8782 0.0000 -0.4783
vn 0.9560 0.0000 -0.2935
vn 0.9914 0.0000 -0.1309
vn 0.9983 0.0000 -0.0591
vn -0.9914 0.0000 -0.1306
vn -0.9983 0.0000 -0.0591
vn -0.9561 0.0000 -0.2931
vn -0.8784 0.0000 -0.4779
vn -0.7361 0.0000 -0.6768
vn -0.1930 0.0000 -0.9812
vn -0.0003 0.0000 -1.0000
vn 0.1923 0.0000 -0.9813
vn 0.7357 0.0000 -0.6773
vn 0.8782 0.0000 -0.4783
vn 0.9559 0.0000 -0.2935
vn 0.9914 0.0000 -0.1310
vn 0.9983 0.0000 -0.0591
vn -0.9914 0.0010 -0.1312
vn -0.9982 0.0001 -0.0593
vn -0.9557 0.0033 -0.2943
vn -0.8775 0.0073 -0.4794
vn -0.7346 0.0130 -0.6783
vn -0.1928 0.0217 -0.9810
vn -0.0005 0.0177 -0.9998
vn 0.1918 0.0120 -0.9814
vn 0.7345 0.0091 -0.6786
vn 0.8774 0.0048 -0.4796
vn 0.9557 0.0019 -0.2945
vn 0.9913 0.0004 -0.1314
vn 0.9983 0.0000 -0.0591
vn -0.9909 0.0030 -0.1349
vn -0.9982 0.0002 -0.0600
vn -0.9534 0.0108 -0.3016
vn -0.8718 0.0244 -0.4893
vn -0.7248 0.0437 -0.6875
vn -0.1902 0.0689 -0.9793
vn -0.0012 0.0644 -0.9979
vn 0.1887 0.0533 -0.9806
vn 0.7255 0.0373 -0.6872
vn 0.8722 0.0203 -0.4888
vn 0.9535 0.0084 -0.3011
vn 0.9909 0.0020 -0.1345
vn 0.9982 0.0001 -0.0594
vn -0.9897 0.0045 -0.1428
vn -0.9981 0.0005 -0.0613
vn -0.9481 0.0161 -0.3176
vn -0.8591 0.0366 -0.5105
vn -0.7041 0.0652 -0.7071
vn -0.1847 0.0970 -0.9780
vn -0.0017 0.1004 -0.9949
vn 0.1826 0.0933 -0.9787
vn 0.7052 0.0637 -0.7061
vn 0.8598 0.0357 -0.5094
vn 0.9484 0.0156 -0.3166
vn 0.9899 0.0043 -0.1419
vn 0.9982 0.0006 -0.0604
vn -0.9882 0.0139 -0.1527
vn -0.9980 0.0085 -0.0627
vn -0.9409 0.0266 -0.3377
vn -0.8426 0.0488 -0.5363
vn -0.6788 0.0786 -0.7301
vn -0.1781 0.1077 -0.9781
vn -0.0019 0.1119 -0.9937
vn 0.1758 0.1058 -0.9787
vn 0.6798 0.0780 -0.7293
vn 0.8433 0.0484 -0.5353
vn 0.9413 0.0264 -0.3366
vn 0.9883 0.0138 -0.1518
vn 0.9980 0.0106 -0.0617
vn -0.9859 0.0344 -0.1635
vn -0.9975 0.0286 -0.0641
vn -0.9321 0.0472 -0.3592
vn -0.8236 0.0685 -0.5630
vn -0.6515 0.0960 -0.7526
vn -0.1716 0.1167 -0.9782
vn -0.0020 0.1200 -0.9928
vn 0.1689 0.1155 -0.9788
vn 0.6522 0.0959 -0.7520
vn 0.8241 0.0685 -0.5622
vn 0.9324 0.0472 -0.3584
vn 0.9861 0.0344 -0.1628
vn 0.9975 0.0316 -0.0630
vn -0.9829 0.0578 -0.1750
vn -0.9965 0.0520 -0.0652
vn -0.9217 0.0698 -0.3815
vn -0.8029 0.0892 -0.5895
vn -0.6235 0.1128 -0.7736
vn -0.1653 0.1243 -0.9784
vn -0.0021 0.1263 -0.9920
vn 0.1623 0.1233 -0.9790
vn 0.6239 0.1128 -0.7733
vn 0.8032 0.0893 -0.5890
vn 0.9219 0.0699 -0.3810
vn 0.9829 0.0578 -0.1746
vn 0.9964 0.0551 -0.0640
vn -0.9791 0.0803 -0.1870
vn -0.9950 0.0747 -0.0661
vn -0.9101 0.0912 -0.4043
vn -0.7808 0.1079 -0.6154
vn -0.5955 0.1272 -0.7932
vn -0.1593 0.1305 -0.9786
vn -0.0021 0.1315 -0.9913
vn 0.1561 0.1297 -0.9792
vn 0.5956 0.1274 -0.7931
vn 0.7809 0.1081 -0.6153
vn 0.9101 0.0913 -0.4042
vn 0.9791 0.0804 -0.1869
vn 0.9948 0.0779 -0.0649
vn -0.9746 0.1020 -0.1995
vn -0.9931 0.0967 -0.0668
vn -0.8972 0.1113 -0.4274
vn -0.7578 0.1248 -0.6405
vn -0.5679 0.1396 -0.8112
vn -0.1536 0.1359 -0.9787
vn -0.0022 0.1359 -0.9907
vn 0.1501 0.1351 -0.9794
vn 0.5676 0.1399 -0.8114
vn 0.7575 0.1251 -0.6407
vn 0.8970 0.1115 -0.4277
vn 0.9745 0.1021 -0.1999
vn 0.9928 0.0999 -0.0655
vn -0.9694 0.1227 -0.2126
vn -0.9908 0.1179 -0.0672
vn -0.8832 0.1300 -0.4507
vn -0.7339 0.1399 -0.6647
vn -0.5408 0.1501 -0.8277
vn -0.1480 0.1404 -0.9790
vn -0.0023 0.1397 -0.9902
vn 0.1444 0.1397 -0.9796
vn 0.5401 0.1504 -0.8281
vn 0.7333 0.1402 -0.6653
vn 0.8827 0.1302 -0.4515
vn 0.9692 0.1228 -0.2133
vn 0.9904 0.1211 -0.0659
vn -0.9636 0.1424 -0.2261
vn -0.9881 0.1382 -0.0673
vn -0.8680 0.1473 -0.4742
vn -0.7095 0.1532 -0.6879
vn -0.5143 0.1589 -0.8427
vn -0.1427 0.1444 -0.9792
vn -0.0023 0.1429 -0.9897
vn 0.1389 0.1437 -0.9798
vn 0.5133 0.1592 -0.8433
vn 0.7085 0.1535 -0.6888
vn 0.8673 0.1476 -0.4754
vn 0.9633 0.1425 -0.2273
vn 0.9877 0.1415 -0.0659
vn -0.9573 0.1611 -0.2401
vn -0.9852 0.1577 -0.0671
vn -0.8518 0.1632 -0.4977
vn -0.6846 0.1649 -0.7100
vn -0.4886 0.1662 -0.8565
vn -0.1375 0.1478 -0.9794
vn -0.0024 0.1458 -0.9893
vn 0.1336 0.1470 -0.9801
vn 0.4873 0.1665 -0.8572
vn 0.6833 0.1652 -0.7112
vn 0.8508 0.1634 -0.4994
vn 0.9568 0.1612 -0.2419
vn 0.9848 0.1610 -0.0658
vn -0.9504 0.1787 -0.2547
vn -0.9821 0.1762 -0.0666
vn -0.8347 0.1776 -0.5213
vn -0.6594 0.1749 -0.7312
vn -0.4638 0.1722 -0.8691
vn -0.1324 0.1507 -0.9797
vn -0.0024 0.1484 -0.9889
vn 0.1285 0.1499 -0.9803
vn 0.4621 0.1724 -0.8699
vn 0.6578 0.1751 -0.7326
vn 0.8333 0.1778 -0.5234
vn 0.9497 0.1788 -0.2571
vn 0.9816 0.1795 -0.0653
vn -0.9429 0.1952 -0.2698
vn -0.9788 0.1938 -0.0658
vn -0.8166 0.1905 -0.5449
vn -0.6341 0.1833 -0.7512
vn -0.4398 0.1769 -0.8805
vn -0.1273 0.1532 -0.9800
vn -0.0025 0.1507 -0.9886
vn 0.1234 0.1524 -0.9806
vn 0.4378 0.1771 -0.8814
vn 0.6321 0.1835 -0.7529
vn 0.8148 0.1906 -0.5474
vn 0.9420 0.1953 -0.2728
vn 0.9782 0.1971 -0.0647
vn -0.9349 0.2106 -0.2856
vn -0.9754 0.2105 -0.0649
vn -0.7976 0.2019 -0.5684
vn -0.6086 0.1902 -0.7703
vn -0.4166 0.1805 -0.8910
vn -0.1224 0.1553 -0.9803
vn -0.0025 0.1527 -0.9883
vn 0.1185 0.1545 -0.9809
vn 0.4144 0.1807 -0.8920
vn 0.6063 0.1903 -0.7721
vn 0.7954 0.2020 -0.5714
vn 0.9338 0.2106 -0.2893
vn 0.9748 0.2137 -0.0638
vn -0.9264 0.2248 -0.3022
vn -0.9720 0.2262 -0.0637
vn -0.7776 0.2118 -0.5920
vn -0.5832 0.1957 -0.7884
vn -0.3942 0.1831 -0.9006
vn -0.1175 0.1570 -0.9806
vn -0.0025 0.1545 -0.9880
vn 0.1136 0.1563 -0.9812
vn 0.3918 0.1832 -0.9016
vn 0.5805 0.1957 -0.7904
vn 0.7750 0.2117 -0.5954
vn 0.9249 0.2247 -0.3066
vn 0.9713 0.2294 -0.0627
vn -0.9173 0.2377 -0.3195
vn -0.9685 0.2409 -0.0623
vn -0.7568 0.2201 -0.6154
vn -0.5578 0.1999 -0.8056
vn -0.3726 0.1849 -0.9094
vn -0.1126 0.1585 -0.9809
vn -0.0026 0.1560 -0.9877
vn 0.1087 0.1578 -0.9815
vn 0.3700 0.1849 -0.9104
vn 0.5547 0.1998 -0.8077
vn 0.7538 0.2199 -0.6192
vn 0.9155 0.2376 -0.3247
vn 0.9678 0.2440 -0.0615
vn -0.9076 0.2495 -0.3376
vn -0.9651 0.2547 -0.0608
vn -0.7352 0.2269 -0.6388
vn -0.5324 0.2027 -0.8218
vn -0.3517 0.1858 -0.9175
vn -0.1077 0.1597 -0.9813
vn -0.0026 0.1574 -0.9875
vn 0.1039 0.1590 -0.9818
vn 0.3489 0.1858 -0.9185
vn 0.5291 0.2026 -0.8240
vn 0.7316 0.2266 -0.6430
vn 0.9054 0.2493 -0.3436
vn 0.9644 0.2577 -0.0602
vn -0.8973 0.2599 -0.3567
vn -0.9617 0.2675 -0.0592
vn -0.7126 0.2322 -0.6620
vn -0.5072 0.2044 -0.8372
vn -0.3316 0.1861 -0.9249
vn -0.1028 0.1606 -0.9816
vn -0.0026 0.1587 -0.9873
vn 0.0991 0.1600 -0.9821
vn 0.3287 0.1860 -0.9259
vn 0.5036 0.2042 -0.8394
vn 0.7085 0.2318 -0.6665
vn 0.8946 0.2596 -0.3636
vn 0.9610 0.2703 -0.0587
vn -0.8863 0.2691 -0.3768
vn -0.9585 0.2793 -0.0576
vn -0.6892 0.2360 -0.6850
vn -0.4823 0.2050 -0.8517
vn -0.3122 0.1857 -0.9317
vn -0.0979 0.1613 -0.9820
vn -0.0026 0.1598 -0.9872
vn 0.0943 0.1607 -0.9825
vn 0.3092 0.1856 -0.9327
vn 0.4784 0.2047 -0.8539
vn 0.6847 0.2354 -0.6898
vn 0.8831 0.2686 -0.3846
vn 0.9577 0.2820 -0.0572
vn -0.8746 0.2770 -0.3979
vn -0.9553 0.2902 -0.0559
vn -0.6651 0.2383 -0.7077
vn -0.4576 0.2046 -0.8653
vn -0.2935 0.1848 -0.9379
vn -0.0931 0.1618 -0.9824
vn -0.0026 0.1607 -0.9870
vn 0.0895 0.1612 -0.9829
vn 0.2904 0.1847 -0.9389
vn 0.4535 0.2042 -0.8675
vn 0.6600 0.2375 -0.7127
vn 0.8708 0.2763 -0.4066
vn 0.9546 0.2927 -0.0557
vn -0.8622 0.2835 -0.4199
vn -0.9524 0.3000 -0.0541
vn -0.6404 0.2392 -0.7298
vn -0.4334 0.2033 -0.8779
vn -0.2757 0.1834 -0.9436
vn -0.0883 0.1621 -0.9828
vn -0.0026 0.1615 -0.9869
vn 0.0849 0.1616 -0.9832
vn 0.2725 0.1834 -0.9445
vn 0.4291 0.2029 -0.8802
vn 0.6348 0.2383 -0.7350
vn 0.8576 0.2827 -0.4296
vn 0.9516 0.3024 -0.0542
vn -0.8489 0.2887 -0.4427
vn -0.9496 0.3090 -0.0524
vn -0.6153 0.2388 -0.7512
vn -0.4099 0.2013 -0.8896
vn -0.2587 0.1817 -0.9487
vn -0.0837 0.1622 -0.9832
vn -0.0025 0.1622 -0.9868
vn 0.0803 0.1618 -0.9836
vn 0.2554 0.1816 -0.9496
vn 0.4054 0.2009 -0.8918
vn 0.6091 0.2378 -0.7566
vn 0.8436 0.2876 -0.4535
vn 0.9489 0.3111 -0.0528
vn -0.8350 0.2925 -0.4660
vn -0.9471 0.3169 -0.0508
vn -0.5902 0.2373 -0.7716
vn -0.3873 0.1987 -0.9003
vn -0.2427 0.1797 -0.9533
vn -0.0792 0.1622 -0.9836
vn -0.0025 0.1628 -0.9867
vn 0.0759 0.1618 -0.9839
vn 0.2393 0.1797 -0.9542
vn 0.3826 0.1982 -0.9024
vn 0.5834 0.2361 -0.7771
vn 0.8287 0.2912 -0.4780
vn 0.9464 0.3189 -0.0514
vn -0.8206 0.2951 -0.4895
vn -0.9448 0.3240 -0.0492
vn -0.5654 0.2348 -0.7906
vn -0.3659 0.1956 -0.9098
vn -0.2279 0.1776 -0.9574
vn -0.0749 0.1620 -0.9839
vn -0.0025 0.1633 -0.9866
vn 0.0716 0.1618 -0.9842
vn 0.2244 0.1776 -0.9582
vn 0.3610 0.1951 -0.9119
vn 0.5580 0.2335 -0.7963
vn 0.8131 0.2934 -0.5028
vn 0.9442 0.3257 -0.0502
vn -0.8060 0.2965 -0.5123
vn -0.9427 0.3301 -0.0478
vn -0.5418 0.2317 -0.8079
vn -0.3462 0.1923 -0.9182
vn -0.2144 0.1753 -0.9609
vn -0.0710 0.1618 -0.9843
vn -0.0024 0.1636 -0.9865
vn 0.0677 0.1617 -0.9845
vn 0.2107 0.1755 -0.9617
vn 0.3409 0.1919 -0.9203
vn 0.5336 0.2302 -0.8138
vn 0.7971 0.2944 -0.5273
vn 0.9422 0.3315 -0.0491
vn -0.7919 0.2970 -0.5336
vn -0.9410 0.3353 -0.0464
vn -0.5200 0.2281 -0.8231
vn -0.3286 0.1890 -0.9254
vn -0.2025 0.1732 -0.9638
vn -0.0675 0.1615 -0.9846
vn -0.0024 0.1640 -0.9865
vn 0.0641 0.1616 -0.9848
vn 0.1986 0.1734 -0.9646
vn 0.3227 0.1886 -0.9275
vn 0.5107 0.2265 -0.8294
vn 0.7810 0.2944 -0.5508
vn 0.9405 0.3364 -0.0482
vn -0.7791 0.2968 -0.5523
vn -0.9395 0.3395 -0.0452
vn -0.5009 0.2246 -0.8358
vn -0.3135 0.1859 -0.9312
vn -0.1925 0.1711 -0.9663
vn -0.0646 0.1612 -0.9848
vn -0.0025 0.1642 -0.9864
vn 0.0608 0.1615 -0.9850
vn 0.1881 0.1716 -0.9671
vn 0.3069 0.1855 -0.9335
vn 0.4900 0.2227 -0.8428
vn 0.7654 0.2935 -0.5727
vn 0.9391 0.3404 -0.0476
vn -0.7688 0.2964 -0.5666
vn -0.9383 0.3429 -0.0439
vn -0.4858 0.2215 -0.8455
vn -0.3017 0.1832 -0.9356
vn -0.1848 0.1694 -0.9681
vn -0.0624 0.1608 -0.9850
vn -0.0028 0.1644 -0.9864
vn 0.0580 0.1615 -0.9852
vn 0.1793 0.1701 -0.9690
vn 0.2935 0.1829 -0.9383
vn 0.4720 0.2191 -0.8539
vn 0.7508 0.2920 -0.5925
vn 0.9380 0.3434 -0.0474
vn -0.7635 0.2965 -0.5737
vn -0.9375 0.3454 -0.0425
vn -0.4764 0.2193 -0.8514
vn -0.2941 0.1811 -0.9385
vn -0.1798 0.1679 -0.9693
vn -0.0615 0.1603 -0.9852
vn -0.0035 0.1645 -0.9864
vn 0.0554 0.1616 -0.9853
vn 0.1722 0.1691 -0.9704
vn 0.2826 0.1808 -0.9420
vn 0.4567 0.2160 -0.8630
vn 0.7366 0.2898 -0.6111
vn 0.9372 0.3455 -0.0480
vn -0.7707 0.2989 -0.5628
vn -0.9370 0.3470 -0.0398
vn -0.4784 0.2191 -0.8504
vn -0.2940 0.1797 -0.9387
vn -0.1798 0.1663 -0.9695
vn -0.0635 0.1593 -0.9852
vn -0.0063 0.1646 -0.9863
vn 0.0520 0.1621 -0.9854
vn 0.1652 0.1690 -0.9717
vn 0.2719 0.1795 -0.9454
vn 0.4401 0.2128 -0.8724
vn 0.7172 0.2857 -0.6356
vn 0.9367 0.3465 -0.0513
vn -0.0096 0.9999 -0.0063
vn -0.0152 0.9999 -0.0006
vn -0.0074 0.9999 -0.0126
vn -0.0056 0.9998 -0.0172
vn -0.0039 0.9998 -0.0205
vn -0.0015 0.9998 -0.0213
vn -0.0003 0.9996 -0.0273
vn 0.0015 0.9995 -0.0316
vn 0.0039 0.9997 -0.0244
vn 0.0056 0.9998 -0.0204
vn 0.0074 0.9999 -0.0156
vn 0.0096 0.9999 -0.0093
vn 0.0084 1.0000 -0.0005
vn 0.0000 1.0000 0.0000
vn 0.0560 0.7883 0.6127
vn -0.4096 0.7204 0.5598
vn 0.5309 0.6742 0.5134
vn 0.7740 0.5050 0.3819
vn -0.4206 0.7164 0.5566
vn -0.2317 0.7741 0.5891
vn -0.4323 0.7122 0.5531
vn -0.7580 0.5192 0.3949
vn 0.7164 0.5553 0.4224
vn 0.1166 0.7903 0.6015
vn -0.5919 0.6412 0.4884
vn -0.7744 0.5013 0.3859
vn 0.6932 0.5795 0.4285
vn 0.8019 0.4821 0.3529
vn 0.3666 0.7485 0.5527
vn -0.2079 0.7873 0.5805
vn 0.1676 0.7934 0.5851
vn -0.3966 0.7385 0.5453
vn -0.7056 0.5698 0.4213
vn -0.7991 0.4811 0.3605
vn 0.7447 0.5438 0.3869
vn 0.8164 0.4724 0.3321
vn 0.5569 0.6772 0.4808
vn 0.1914 0.8010 0.5673
vn -0.2121 0.7975 0.5649
vn -0.5681 0.6710 0.4765
vn -0.7499 0.5390 0.3836
vn -0.8129 0.4719 0.3412
vn 0.7738 0.5239 0.3561
vn 0.8278 0.4660 0.3125
vn 0.6451 0.6326 0.4286
vn 0.4037 0.7583 0.5119
vn -0.4139 0.7545 0.5094
vn -0.6504 0.6288 0.4261
vn -0.7765 0.5211 0.3543
vn -0.8239 0.4659 0.3228
vn 0.7948 0.5100 0.3289
vn 0.8381 0.4605 0.2925
vn 0.6986 0.6022 0.3865
vn 0.5272 0.7161 0.4574
vn -0.5327 0.7132 0.4556
vn -0.7015 0.5997 0.3850
vn -0.7964 0.5082 0.3278
vn -0.8338 0.4609 0.3038
vn 0.8120 0.4988 0.3030
vn 0.8479 0.4552 0.2720
vn 0.7366 0.5790 0.3496
vn 0.6083 0.6807 0.4082
vn -0.6114 0.6786 0.4070
vn -0.7383 0.5774 0.3486
vn -0.8130 0.4975 0.3023
vn -0.8435 0.4559 0.2841
vn 0.8271 0.4887 0.2776
vn 0.8574 0.4495 0.2508
vn 0.7662 0.5599 0.3154
vn 0.6666 0.6508 0.3634
vn -0.6685 0.6493 0.3627
vn -0.7673 0.5587 0.3148
vn -0.8278 0.4878 0.2772
vn -0.8530 0.4506 0.2635
vn 0.8358 0.4811 0.2645
vn 0.8291 0.4846 0.2789
vn 0.7906 0.5429 0.2831
vn 0.7114 0.6246 0.3220
vn -0.7126 0.6236 0.3215
vn -0.7913 0.5421 0.2827
vn -0.7615 0.5631 0.3210
vn -0.8179 0.4991 0.2863
vn -0.8573 -0.4671 -0.2164
vn -0.8757 -0.4363 -0.2068
vn -0.8281 -0.5136 -0.2248
vn 0.7405 0.6082 0.2858
vn -0.5817 0.7394 0.3391
vn 0.9705 -0.2345 -0.0570
vn 0.8884 -0.4185 -0.1889
vn 0.8715 -0.4382 -0.2204
vn -0.8651 -0.4591 -0.2021
vn -0.8845 -0.4286 -0.1843
vn -0.8299 -0.5120 -0.2217
vn -0.7823 -0.5732 -0.2439
vn 0.8400 -0.4979 -0.2158
vn 0.8514 -0.4806 -0.2099
vn 0.8653 -0.4587 -0.2019
vn 0.8804 -0.4308 -0.1981
vn -0.8761 -0.4485 -0.1772
vn -0.8930 -0.4200 -0.1618
vn -0.8461 -0.4971 -0.1924
vn -0.8024 -0.5581 -0.2112
vn 0.8028 -0.5577 -0.2111
vn 0.8463 -0.4967 -0.1923
vn 0.8762 -0.4482 -0.1771
vn 0.8891 -0.4227 -0.1758
vn -0.8863 -0.4373 -0.1527
vn -0.9011 -0.4106 -0.1393
vn -0.8607 -0.4820 -0.1640
vn -0.8241 -0.5378 -0.1779
vn 0.8243 -0.5375 -0.1778
vn 0.8608 -0.4818 -0.1639
vn 0.8864 -0.4371 -0.1526
vn 0.8974 -0.4137 -0.1534
vn -0.8958 -0.4255 -0.1287
vn -0.9088 -0.4004 -0.1172
vn -0.8738 -0.4668 -0.1366
vn -0.8429 -0.5179 -0.1462
vn 0.8430 -0.5176 -0.1461
vn 0.8739 -0.4665 -0.1365
vn 0.8959 -0.4253 -0.1286
vn 0.9054 -0.4038 -0.1312
vn -0.9047 -0.4129 -0.1053
vn -0.9162 -0.3893 -0.0956
vn -0.8856 -0.4512 -0.1102
vn -0.8593 -0.4981 -0.1161
vn 0.8594 -0.4979 -0.1161
vn 0.8857 -0.4510 -0.1102
vn 0.9047 -0.4128 -0.1053
vn 0.9130 -0.3930 -0.1094
vn -0.9129 -0.3997 -0.0827
vn -0.9231 -0.3773 -0.0746
vn -0.8963 -0.4353 -0.0850
vn -0.8737 -0.4785 -0.0877
vn 0.8738 -0.4783 -0.0877
vn 0.8964 -0.4351 -0.0850
vn 0.9130 -0.3996 -0.0827
vn 0.9202 -0.3814 -0.0882
vn -0.9261 -0.3719 -0.0635
vn -0.9317 -0.3583 -0.0593
vn -0.9183 -0.3908 -0.0637
vn -0.9088 -0.4123 -0.0639
vn 0.9049 -0.4208 -0.0640
vn 0.9150 -0.3983 -0.0638
vn 0.9234 -0.3786 -0.0636
vn 0.9270 -0.3689 -0.0677
vn -0.9368 -0.3452 -0.0574
vn -0.9379 -0.3422 -0.0571
vn -0.9363 -0.3465 -0.0574
vn -0.9358 -0.3479 -0.0573
vn 0.9344 -0.3515 -0.0573
vn 0.9350 -0.3500 -0.0573
vn 0.9355 -0.3486 -0.0573
vn 0.9350 -0.3499 -0.0576
vn -0.9423 -0.3293 -0.0593
vn -0.9423 -0.3293 -0.0602
vn -0.9435 -0.3260 -0.0594
vn -0.9446 -0.3227 -0.0594
vn 0.9447 -0.3224 -0.0594
vn 0.9436 -0.3258 -0.0594
vn 0.9424 -0.3291 -0.0593
vn 0.9409 -0.3335 -0.0583
vn -0.9466 -0.3164 -0.0620
vn -0.9468 -0.3156 -0.0627
vn -0.9474 -0.3140 -0.0620
vn -0.9482 -0.3117 -0.0621
vn 0.9483 -0.3114 -0.0621
vn 0.9475 -0.3137 -0.0620
vn 0.9467 -0.3161 -0.0620
vn 0.9454 -0.3201 -0.0612
vn -0.9510 -0.3027 -0.0639
vn -0.9514 -0.3011 -0.0644
vn -0.9514 -0.3013 -0.0640
vn -0.9518 -0.2999 -0.0640
vn 0.9519 -0.2996 -0.0640
vn 0.9515 -0.3009 -0.0640
vn 0.9511 -0.3023 -0.0640
vn 0.9500 -0.3058 -0.0635
vn -0.9554 -0.2881 -0.0651
vn -0.9561 -0.2857 -0.0652
vn -0.9555 -0.2877 -0.0651
vn -0.9556 -0.2874 -0.0651
vn 0.9557 -0.2870 -0.0651
vn 0.9556 -0.2874 -0.0651
vn 0.9555 -0.2877 -0.0651
vn 0.9546 -0.2907 -0.0649
vn -0.9599 -0.2727 -0.0652
vn -0.9608 -0.2694 -0.0650
vn -0.9597 -0.2734 -0.0652
vn -0.9595 -0.2741 -0.0652
vn 0.9596 -0.2737 -0.0652
vn 0.9598 -0.2730 -0.0652
vn 0.9600 -0.2723 -0.0652
vn 0.9593 -0.2747 -0.0654
vn -0.9644 -0.2565 -0.0643
vn -0.9655 -0.2524 -0.0638
vn -0.9639 -0.2583 -0.0642
vn -0.9635 -0.2600 -0.0642
vn 0.9636 -0.2596 -0.0642
vn 0.9640 -0.2579 -0.0643
vn 0.9645 -0.2561 -0.0643
vn 0.9640 -0.2579 -0.0648
vn -0.9689 -0.2395 -0.0622
vn -0.9702 -0.2345 -0.0613
vn -0.9682 -0.2423 -0.0622
vn -0.9675 -0.2451 -0.0621
vn 0.9676 -0.2448 -0.0621
vn 0.9683 -0.2420 -0.0622
vn 0.9690 -0.2391 -0.0622
vn 0.9686 -0.2403 -0.0632
vn -0.9733 -0.2217 -0.0589
vn -0.9747 -0.2159 -0.0576
vn -0.9724 -0.2256 -0.0589
vn -0.9715 -0.2295 -0.0588
vn 0.9716 -0.2291 -0.0588
vn 0.9725 -0.2252 -0.0589
vn 0.9734 -0.2213 -0.0589
vn 0.9732 -0.2220 -0.0603
vn -0.9780 -0.2014 -0.0549
vn -0.9792 -0.1957 -0.0536
vn -0.9772 -0.2051 -0.0548
vn -0.9764 -0.2088 -0.0548
vn 0.9763 -0.2093 -0.0548
vn 0.9771 -0.2056 -0.0548
vn 0.9779 -0.2019 -0.0549
vn 0.9776 -0.2028 -0.0562
vn -0.9827 -0.1776 -0.0525
vn -0.9834 -0.1737 -0.0523
vn -0.9826 -0.1782 -0.0525
vn -0.9825 -0.1788 -0.0525
vn 0.9822 -0.1803 -0.0525
vn 0.9823 -0.1797 -0.0525
vn 0.9824 -0.1791 -0.0525
vn 0.9819 -0.1821 -0.0527
vn -0.9864 -0.1552 -0.0537
vn -0.9868 -0.1527 -0.0543
vn -0.9867 -0.1537 -0.0537
vn -0.9869 -0.1521 -0.0538
vn 0.9869 -0.1520 -0.0538
vn 0.9867 -0.1536 -0.0537
vn 0.9864 -0.1552 -0.0537
vn 0.9857 -0.1598 -0.0531
vn -0.9894 -0.1339 -0.0555
vn -0.9898 -0.1311 -0.0561
vn -0.9896 -0.1326 -0.0556
vn -0.9898 -0.1313 -0.0556
vn 0.9898 -0.1312 -0.0556
vn 0.9896 -0.1325 -0.0556
vn 0.9894 -0.1338 -0.0555
vn 0.9889 -0.1383 -0.0550
vn -0.9921 -0.1121 -0.0571
vn -0.9924 -0.1091 -0.0575
vn -0.9922 -0.1110 -0.0571
vn -0.9923 -0.1099 -0.0571
vn 0.9923 -0.1098 -0.0571
vn 0.9922 -0.1109 -0.0571
vn 0.9921 -0.1120 -0.0571
vn 0.9916 -0.1164 -0.0566
vn -0.9943 -0.0898 -0.0583
vn -0.9945 -0.0866 -0.0587
vn -0.9943 -0.0889 -0.0583
vn -0.9944 -0.0881 -0.0583
vn 0.9944 -0.0880 -0.0583
vn 0.9943 -0.0889 -0.0583
vn 0.9943 -0.0897 -0.0583
vn 0.9939 -0.0941 -0.0580
vn -0.9960 -0.0671 -0.0593
vn -0.9962 -0.0637 -0.0596
vn -0.9960 -0.0665 -0.0593
vn -0.9961 -0.0658 -0.0593
vn 0.9961 -0.0657 -0.0593
vn 0.9960 -0.0664 -0.0593
vn 0.9960 -0.0670 -0.0593
vn 0.9957 -0.0713 -0.0590
vn -0.9972 -0.0440 -0.0600
vn -0.9974 -0.0404 -0.0602
vn -0.9972 -0.0436 -0.0600
vn -0.9973 -0.0432 -0.0600
vn 0.9973 -0.0431 -0.0600
vn 0.9972 -0.0435 -0.0600
vn 0.9972 -0.0439 -0.0600
vn 0.9970 -0.0481 -0.0599
vn -0.9980 -0.0207 -0.0605
vn -0.9980 -0.0169 -0.0605
vn -0.9980 -0.0205 -0.0605
vn -0.9980 -0.0203 -0.0605
vn 0.9980 -0.0202 -0.0605
vn 0.9980 -0.0204 -0.0605
vn 0.9980 -0.0206 -0.0605
vn 0.9979 -0.0247 -0.0604
vn -0.9982 -0.0045 -0.0606
vn -0.9982 -0.0030 -0.0606
vn -0.9982 -0.0045 -0.0606
vn -0.9982 -0.0044 -0.0606
vn 0.9982 -0.0044 -0.0606
vn 0.9982 -0.0044 -0.0606
vn 0.9982 -0.0045 -0.0606
vn 0.9981 -0.0060 -0.0606
vn -0.9982 0.0000 -0.0606
vn -0.9982 0.0000 -0.0606
vn -0.9982 0.0000 -0.0606
vn -0.9982 0.0000 -0.0606
vn 0.9982 0.0000 -0.0606
vn 0.9982 0.0000 -0.0606
vn 0.9982 0.0000 -0.0606
vn 0.9982 0.0000 -0.0606
vn -0.9982 0.0000 -0.0606
vn -0.9982 0.0000 -0.0606
vn -0.9982 0.0000 -0.0606
vn -0.9982 0.0000 -0.0606
vn 0.9982 0.0000 -0.0606
vn 0.9982 0.0000 -0.0606
vn 0.9982 0.0000 -0.0606
vn 0.9982 0.0000 -0.0606
vn -0.9982 0.0000 -0.0606
vn -0.9982 0.0000 -0.0606
vn -0.9982 0.0000 -0.0606
vn -0.9982 0.0000 -0.0606
vn 0.9982 0.0000 -0.0606
vn 0.9982 0.0000 -0.0606
vn 0.9982 0.0000 -0.0606
vn 0.9982 0.0000 -0.0606
vn -0.9982 0.0000 -0.0606
vn -0.9982 0.0000 -0.0606
vn -0.9982 0.0000 -0.0606
vn -0.9982 0.0000 -0.0606
vn 0.9982 0.0000 -0.0606
vn 0.9982 0.0000 -0.0606
vn 0.9982 0.0000 -0.0606
vn 0.9982 0.0000 -0.0606
vn -0.9982 0.0000 -0.0606
vn -0.9982 0.0000 -0.0606
vn -0.9982 0.0000 -0.0606
vn -0.9982 0.0000 -0.0606
vn 0.9982 0.0000 -0.0606
vn 0.9982 0.0000 -0.0606
vn 0.9982 0.0000 -0.0606
vn 0.9982 0.0000 -0.0606
vn -0.9982 0.0000 -0.0606
vn -0.9982 0.0000 -0.0606
vn -0.9982 0.0000 -0.0606
vn -0.9982 0.0000 -0.0606
vn 0.9982 0.0000 -0.0606
vn 0.9982 0.0000 -0.0606
vn 0.9982 0.0000 -0.0606
vn 0.9982 0.0000 -0.0606
vn -0.9982 0.0000 -0.0606
vn -0.9982 0.0000 -0.0606
vn -0.9982 0.0000 -0.0606
vn -0.9982 0.0000 -0.0606
vn 0.9982 0.0000 -0.0606
vn 0.9982 0.0000 -0.0606
vn 0.9982 0.0000 -0.0606
vn 0.9982 0.0000 -0.0606
vn -0.9982 0.0000 -0.0606
vn -0.9982 0.0000 -0.0606
vn -0.9982 0.0000 -0.0606
vn -0.9982 0.0000 -0.0606
vn 0.9982 0.0000 -0.0606
vn 0.9982 0.0000 -0.0606
vn 0.9982 0.0000 -0.0606
vn 0.9982 0.0000 -0.0606
vn -0.9982 0.0000 -0.0606
vn -0.9982 0.0000 -0.0606
vn -0.9982 0.0000 -0.0606
vn -0.9982 0.0000 -0.0606
vn 0.9982 0.0000 -0.0606
vn 0.9982 0.0000 -0.0606
vn 0.9982 0.0000 -0.0606
vn 0.9982 0.0000 -0.0606
vn -0.9982 0.0000 -0.0606
vn -0.9982 0.0000 -0.0606
vn -0.9982 0.0000 -0.0606
vn -0.9982 0.0000 -0.0606
vn 0.9982 0.0000 -0.0606
vn 0.9982 0.0000 -0.0606
vn 0.9982 0.0000 -0.0606
vn 0.9982 0.0000 -0.0606
vn -0.9982 0.0000 -0.0606
vn -0.9982 0.0000 -0.0606
vn -0.9982 0.0000 -0.0606
vn -0.9982 0.0000 -0.0606
vn 0.9982 0.0000 -0.0606
vn 0.9982 0.0000 -0.0606
vn 0.9982 0.0000 -0.0606
vn 0.9982 0.0000 -0.0606
vn -0.9982 0.0000 -0.0606
vn -0.9982 0.0000 -0.0606
vn -0.9982 0.0000 -0.0606
vn -0.9982 0.0000 -0.0606
vn 0.9982 0.0000 -0.0606
vn 0.9982 0.0000 -0.0606
vn 0.9982 0.0000 -0.0606
vn 0.9982 0.0000 -0.0606
vn -0.9982 0.0000 -0.0606
vn -0.9982 0.0000 -0.0606
vn -0.9982 0.0000 -0.0606
vn -0.9982 0.0000 -0.0606
vn 0.9982 0.0000 -0.0606
vn 0.9982 0.0000 -0.0606
vn 0.9982 0.0000 -0.0606
vn 0.9982 0.0000 -0.0606
vn -0.9982 0.0000 -0.0606
vn -0.9982 0.0000 -0.0606
vn -0.9982 0.0000 -0.0606
vn -0.9982 0.0000 -0.0606
vn 0.9982 0.0000 -0.0606
vn 0.9982 0.0000 -0.0606
vn 0.9982 0.0000 -0.0606
vn 0.9982 0.0000 -0.0606
vn -0.9982 0.0000 -0.0606
vn -0.9982 0.0000 -0.0606
vn -0.9982 0.0000 -0.0606
vn -0.9982 0.0000 -0.0606
vn 0.9982 0.0000 -0.0606
vn 0.9982 -0.0000 -0.0606
vn 0.9982 0.0000 -0.0606
vn 0.9982 0.0000 -0.0606
vn -0.9982 0.0000 -0.0606
vn -0.9982 0.0000 -0.0606
vn -0.9982 0.0000 -0.0606
vn -0.9982 0.0000 -0.0606
vn 0.9982 0.0000 -0.0606
vn 0.9982 0.0000 -0.0606
vn 0.9982 0.0000 -0.0606
vn 0.9982 0.0000 -0.0606
vn -0.9982 0.0004 -0.0606
vn -0.9982 0.0005 -0.0606
vn -0.9982 0.0004 -0.0606
vn -0.9982 0.0004 -0.0606
vn 0.9982 0.0004 -0.0606
vn 0.9982 0.0004 -0.0606
vn 0.9982 0.0004 -0.0606
vn 0.9982 0.0003 -0.0606
vn -0.9981 0.0096 -0.0606
vn -0.9981 0.0127 -0.0605
vn -0.9981 0.0095 -0.0606
vn -0.9981 0.0094 -0.0606
vn 0.9981 0.0095 -0.0606
vn 0.9981 0.0096 -0.0606
vn 0.9981 0.0097 -0.0606
vn 0.9981 0.0067 -0.0606
vn -0.9977 0.0307 -0.0603
vn -0.9976 0.0351 -0.0602
vn -0.9977 0.0304 -0.0603
vn -0.9977 0.0301 -0.0603
vn 0.9977 0.0302 -0.0603
vn 0.9977 0.0305 -0.0603
vn 0.9977 0.0308 -0.0603
vn 0.9978 0.0269 -0.0605
vn -0.9967 0.0548 -0.0599
vn -0.9965 0.0592 -0.0597
vn -0.9967 0.0543 -0.0599
vn -0.9968 0.0538 -0.0599
vn 0.9968 0.0538 -0.0599
vn 0.9967 0.0544 -0.0599
vn 0.9967 0.0549 -0.0599
vn 0.9969 0.0513 -0.0600
vn -0.9952 0.0782 -0.0591
vn -0.9948 0.0826 -0.0588
vn -0.9952 0.0775 -0.0591
vn -0.9953 0.0767 -0.0591
vn 0.9953 0.0768 -0.0591
vn 0.9952 0.0775 -0.0591
vn 0.9952 0.0783 -0.0591
vn 0.9954 0.0749 -0.0594
vn -0.9932 0.1009 -0.0581
vn -0.9928 0.1054 -0.0578
vn -0.9933 0.0999 -0.0581
vn -0.9934 0.0989 -0.0581
vn 0.9934 0.0990 -0.0581
vn 0.9933 0.1000 -0.0581
vn 0.9932 0.1010 -0.0581
vn 0.9935 0.0979 -0.0585
vn -0.9908 0.1229 -0.0569
vn -0.9903 0.1273 -0.0564
vn -0.9909 0.1216 -0.0569
vn -0.9911 0.1203 -0.0569
vn 0.9911 0.1204 -0.0569
vn 0.9909 0.1217 -0.0569
vn 0.9908 0.1229 -0.0569
vn 0.9911 0.1202 -0.0573
vn -0.9880 0.1439 -0.0554
vn -0.9874 0.1484 -0.0549
vn -0.9883 0.1424 -0.0554
vn -0.9885 0.1409 -0.0554
vn 0.9885 0.1410 -0.0554
vn 0.9882 0.1425 -0.0554
vn 0.9880 0.1440 -0.0554
vn 0.9884 0.1415 -0.0559
vn -0.9850 0.1640 -0.0538
vn -0.9843 0.1685 -0.0532
vn -0.9853 0.1623 -0.0538
vn -0.9856 0.1606 -0.0538
vn 0.9855 0.1606 -0.0538
vn 0.9853 0.1624 -0.0538
vn 0.9850 0.1641 -0.0538
vn 0.9853 0.1619 -0.0543
vn -0.9817 0.1832 -0.0520
vn -0.9809 0.1876 -0.0514
vn -0.9821 0.1812 -0.0520
vn -0.9824 0.1793 -0.0520
vn 0.9824 0.1793 -0.0520
vn 0.9821 0.1813 -0.0520
vn 0.9817 0.1832 -0.0520
vn 0.9820 0.1814 -0.0526
vn -0.9782 0.2013 -0.0501
vn -0.9774 0.2057 -0.0495
vn -0.9787 0.1992 -0.0501
vn -0.9791 0.1971 -0.0501
vn 0.9791 0.1971 -0.0501
vn 0.9787 0.1992 -0.0501
vn 0.9782 0.2013 -0.0501
vn 0.9785 0.1998 -0.0507
vn -0.9747 0.2184 -0.0481
vn -0.9737 0.2228 -0.0475
vn -0.9752 0.2161 -0.0481
vn -0.9757 0.2138 -0.0482
vn 0.9757 0.2139 -0.0482
vn 0.9752 0.2162 -0.0481
vn 0.9747 0.2185 -0.0481
vn 0.9749 0.2172 -0.0487
vn -0.9710 0.2345 -0.0461
vn -0.9700 0.2388 -0.0454
vn -0.9716 0.2321 -0.0461
vn -0.9722 0.2296 -0.0462
vn 0.9722 0.2297 -0.0462
vn 0.9716 0.2321 -0.0461
vn 0.9710 0.2346 -0.0461
vn 0.9712 0.2336 -0.0467
vn -0.9673 0.2496 -0.0441
vn -0.9663 0.2538 -0.0434
vn -0.9680 0.2470 -0.0441
vn -0.9687 0.2445 -0.0442
vn 0.9687 0.2445 -0.0442
vn 0.9680 0.2470 -0.0441
vn 0.9673 0.2496 -0.0441
vn 0.9675 0.2489 -0.0447
vn -0.9637 0.2637 -0.0421
vn -0.9626 0.2677 -0.0414
vn -0.9644 0.2610 -0.0421
vn -0.9652 0.2583 -0.0422
vn 0.9652 0.2583 -0.0422
vn 0.9644 0.2610 -0.0421
vn 0.9637 0.2637 -0.0421
vn 0.9638 0.2632 -0.0427
vn -0.9601 0.2767 -0.0402
vn -0.9590 0.2807 -0.0395
vn -0.9609 0.2739 -0.0402
vn -0.9617 0.2711 -0.0402
vn 0.9617 0.2710 -0.0402
vn 0.9609 0.2739 -0.0402
vn 0.9601 0.2767 -0.0402
vn 0.9602 0.2765 -0.0407
vn -0.9567 0.2887 -0.0383
vn -0.9555 0.2925 -0.0377
vn -0.9575 0.2858 -0.0383
vn -0.9584 0.2829 -0.0383
vn 0.9584 0.2828 -0.0383
vn 0.9575 0.2858 -0.0383
vn 0.9567 0.2887 -0.0383
vn 0.9566 0.2887 -0.0388
vn -0.9533 0.2997 -0.0365
vn -0.9522 0.3034 -0.0359
vn -0.9543 0.2967 -0.0365
vn -0.9552 0.2937 -0.0366
vn 0.9552 0.2936 -0.0366
vn 0.9543 0.2966 -0.0365
vn 0.9534 0.2996 -0.0365
vn 0.9533 0.2999 -0.0370
vn -0.9502 0.3096 -0.0348
vn -0.9491 0.3133 -0.0342
vn -0.9512 0.3066 -0.0348
vn -0.9522 0.3035 -0.0349
vn 0.9522 0.3035 -0.0349
vn 0.9512 0.3065 -0.0348
vn 0.9502 0.3096 -0.0348
vn 0.9501 0.3101 -0.0353
vn -0.9473 0.3186 -0.0332
vn -0.9461 0.3221 -0.0327
vn -0.9483 0.3155 -0.0333
vn -0.9494 0.3124 -0.0333
vn 0.9494 0.3123 -0.0333
vn 0.9484 0.3154 -0.0333
vn 0.9473 0.3185 -0.0332
vn 0.9471 0.3192 -0.0337
vn -0.9446 0.3266 -0.0318
vn -0.9435 0.3300 -0.0313
vn -0.9457 0.3235 -0.0318
vn -0.9468 0.3203 -0.0319
vn 0.9468 0.3202 -0.0319
vn 0.9457 0.3234 -0.0319
vn 0.9447 0.3265 -0.0318
vn 0.9443 0.3274 -0.0322
vn -0.9422 0.3337 -0.0305
vn -0.9411 0.3369 -0.0301
vn -0.9433 0.3305 -0.0306
vn -0.9444 0.3272 -0.0306
vn 0.9445 0.3271 -0.0306
vn 0.9434 0.3303 -0.0306
vn 0.9422 0.3335 -0.0305
vn 0.9418 0.3346 -0.0309
vn -0.9401 0.3397 -0.0294
vn -0.9390 0.3428 -0.0290
vn -0.9412 0.3365 -0.0294
vn -0.9424 0.3332 -0.0295
vn 0.9424 0.3331 -0.0295
vn 0.9413 0.3363 -0.0294
vn 0.9401 0.3396 -0.0294
vn 0.9396 0.3409 -0.0297
vn -0.9382 0.3449 -0.0284
vn -0.9372 0.3478 -0.0281
vn -0.9394 0.3416 -0.0285
vn -0.9406 0.3383 -0.0285
vn 0.9407 0.3381 -0.0285
vn 0.9395 0.3414 -0.0285
vn 0.9383 0.3447 -0.0284
vn 0.9378 0.3461 -0.0287
vn -0.9367 0.3491 -0.0276
vn -0.9357 0.3518 -0.0274
vn -0.9379 0.3458 -0.0277
vn -0.9391 0.3425 -0.0277
vn 0.9392 0.3422 -0.0277
vn 0.9380 0.3455 -0.0277
vn 0.9368 0.3488 -0.0276
vn 0.9362 0.3504 -0.0278
vn -0.9355 0.3523 -0.0270
vn -0.9345 0.3549 -0.0268
vn -0.9367 0.3490 -0.0271
vn -0.9379 0.3457 -0.0271
vn 0.9381 0.3454 -0.0271
vn 0.9369 0.3487 -0.0271
vn 0.9356 0.3520 -0.0270
vn 0.9349 0.3538 -0.0272
vn -0.9346 0.3547 -0.0266
vn -0.9337 0.3572 -0.0264
vn -0.9358 0.3514 -0.0266
vn -0.9371 0.3481 -0.0266
vn 0.9373 0.3475 -0.0266
vn 0.9360 0.3509 -0.0266
vn 0.9348 0.3542 -0.0266
vn 0.9340 0.3562 -0.0267
vn -0.9340 0.3564 -0.0263
vn -0.9331 0.3586 -0.0262
vn -0.9352 0.3531 -0.0263
vn -0.9365 0.3497 -0.0264
vn 0.9369 0.3486 -0.0264
vn 0.9356 0.3520 -0.0263
vn 0.9344 0.3553 -0.0263
vn 0.9335 0.3576 -0.0263
vn -0.0119 0.9999 -0.0003
vn -0.0011 1.0000 -0.0000
vn -0.0119 0.9999 -0.0003
vn -0.0119 0.9999 -0.0003
vn 0.0119 0.9999 -0.0003
vn 0.0119 0.9999 -0.0003
vn 0.0119 0.9999 -0.0003
vn 0.0021 1.0000 -0.0001
vn 0.0000 0.0885 0.9961
vn -0.0000 0.0883 0.9961
vn -0.0000 0.0871 0.9962
vn 0.0000 0.0871 0.9962
vn -0.0000 0.0862 0.9963
vn 0.0000 0.0862 0.9963
vn -0.0000 0.0851 0.9964
vn 0.0000 0.0851 0.9964
vn -0.0000 0.0838 0.9965
vn 0.0000 0.0838 0.9965
vn -0.0000 0.0822 0.9966
vn 0.0000 0.0822 0.9966
vn -0.0000 0.0804 0.9968
vn 0.0000 0.0804 0.9968
vn -0.0000 0.0784 0.9969
vn 0.0000 0.0784 0.9969
vn -0.0000 0.0762 0.9971
vn 0.0000 0.0762 0.9971
vn -0.0000 0.0738 0.9973
vn 0.0000 0.0738 0.9973
vn -0.0000 0.0712 0.9975
vn 0.0000 0.0712 0.9975
vn -0.0000 0.0684 0.9977
vn 0.0000 0.0684 0.9977
vn -0.0000 0.0653 0.9979
vn 0.0000 0.0653 0.9979
vn -0.0000 0.0621 0.9981
vn 0.0000 0.0621 0.9981
vn -0.0000 0.0587 0.9983
vn 0.0000 0.0587 0.9983
vn -0.0000 0.0552 0.9985
vn 0.0000 0.0552 0.9985
vn -0.0000 0.0514 0.9987
vn 0.0000 0.0514 0.9987
vn -0.0000 0.0475 0.9989
vn 0.0000 0.0475 0.9989
vn -0.0000 0.0434 0.9991
vn 0.0000 0.0434 0.9991
vn -0.0000 0.0391 0.9992
vn 0.0000 0.0391 0.9992
vn -0.0000 0.0347 0.9994
vn 0.0000 0.0347 0.9994
vn -0.0000 0.0301 0.9995
vn 0.0000 0.0301 0.9995
vn -0.0000 0.0254 0.9997
vn 0.0000 0.0254 0.9997
vn -0.0000 0.0206 0.9998
vn 0.0000 0.0206 0.9998
vn -0.0000 0.0156 0.9999
vn 0.0000 0.0156 0.9999
vn -0.0000 0.0106 0.9999
vn 0.0000 0.0106 0.9999
vn -0.0000 0.0054 1.0000
vn 0.0000 0.0054 1.0000
vn -0.0000 0.0007 1.0000
vn 0.0000 0.0007 1.0000
vn 0.0000 0.0000 1.0000
vn 0.0000 -0.0000 1.0000
vn -0.0000 0.0000 1.0000
vn 0.0000 -0.0008 1.0000
vn 0.0000 -0.0046 1.0000
vn 0.0000 -0.0085 1.0000
vn 0.0000 -0.0124 0.9999
vn 0.0000 -0.0161 0.9999
vn 0.0000 -0.0196 0.9998
vn 0.0000 -0.0230 0.9997
vn 0.0000 -0.0263 0.9997
vn 0.0000 -0.0294 0.9996
vn 0.0000 -0.0323 0.9995
vn 0.0000 -0.0350 0.9994
vn 0.0000 -0.0375 0.9993
vn 0.0000 -0.0399 0.9992
vn 0.0000 -0.0421 0.9991
vn 0.0000 -0.0441 0.9990
vn 0.0000 -0.0459 0.9989
vn 0.0000 -0.0475 0.9989
vn 0.0000 -0.0489 0.9988
vn 0.0000 -0.0501 0.9987
vn 0.0000 -0.0512 0.9987
vn 0.0000 -0.0520 0.9986
vn 0.0000 -0.0526 0.9986
vn 0.0000 -0.0000 -1.0000
vn 0.0000 0.0000 -1.0000
vn 0.0000 -1.0000 0.0000
vn 0.0000 1.0000 0.0000
vn -0.0000 1.0000 0.0000
vn -1.0000 0.0000 -0.0000
vn -1.0000 0.0000 0.0000
vn 1.0000 0.0000 0.0000
vn 0.9863 0.1651 0.0000
vn 0.9863 0.1651 -0.0000
vn 0.8632 0.5048 0.0000
vn 0.8632 0.5048 -0.0000
vn 0.5489 0.8359 0.0000
vn 0.5489 0.8359 -0.0000
vn 0.0000 1.0000 -0.0000
vn -0.5489 0.8359 0.0000
vn -0.8632 0.5048 0.0000
vn -0.9863 0.1651 0.0000
vn -0.9863 -0.1651 0.0000
vn -0.8632 -0.5048 0.0000
vn -0.5489 -0.8359 0.0000
vn 0.5489 -0.8359 0.0000
vn 0.8632 -0.5048 0.0000
vn 0.9863 -0.1651 0.0000
vn -0.0000 0.0000 -1.0000
vn 0.9860 0.1670 0.0000
vn 0.9860 0.1670 -0.0000
vn 0.8606 0.5092 0.0000
vn 0.8606 0.5092 -0.0000
vn 0.5444 0.8388 0.0000
vn 0.5444 0.8388 -0.0000
vn -0.5444 0.8388 0.0000
vn -0.8606 0.5092 0.0000
vn -0.9860 0.1670 0.0000
vn -0.9860 -0.1670 0.0000
vn -0.8606 -0.5092 0.0000
vn -0.5444 -0.8388 0.0000
vn 0.5444 -0.8388 0.0000
vn 0.8606 -0.5092 0.0000
vn 0.9860 -0.1670 0.0000
vn 0.9511 0.0000 0.3090
vn 0.5878 0.0000 0.8090
vn -0.5878 0.0000 0.8090
vn -0.9511 0.0000 0.3090
vn -0.9511 -0.0000 -0.3090
vn -0.5878 -0.0000 -0.8090
vn 0.5878 0.0000 -0.8090
vn 0.9511 0.0000 -0.3090
vn -0.0000 -1.0000 0.0000
vn 0.0000 -1.0000 -0.0000
vn 0.9659 0.0000 0.2588
vn 0.7071 0.0000 0.7071
vn 0.2588 0.0000 0.9659
vn -0.2588 0.0000 0.9659
vn -0.7071 0.0000 0.7071
vn -0.9659 0.0000 0.2588
vn -0.9659 -0.0000 -0.2588
vn -0.7071 -0.0000 -0.7071
vn -0.2588 -0.0000 -0.9659
vn 0.2588 0.0000 -0.9659
vn 0.7071 0.0000 -0.7071
vn 0.9659 0.0000 -0.2588
vn 0.2646 -0.7067 0.6561
vn -0.4013 -0.7797 0.4806
vn 0.1229 -0.8373 0.5328
vn -0.2914 -0.8693 0.3993
vn 0.0412 -0.9000 0.4340
vn -0.2250 -0.9154 0.3338
vn -0.0071 -0.9328 0.3602
vn -0.1855 -0.9410 0.2832
vn -0.0438 -0.9517 0.3038
vn -0.1611 -0.9564 0.2437
vn -0.0872 -0.9626 0.2567
vn -0.1393 -0.9669 0.2135
vn -0.6561 -0.7067 0.2646
vn -0.4806 -0.7797 -0.4013
vn -0.5328 -0.8373 0.1229
vn -0.3993 -0.8693 -0.2914
vn -0.4340 -0.9000 0.0412
vn -0.3338 -0.9154 -0.2250
vn -0.3602 -0.9328 -0.0071
vn -0.2832 -0.9410 -0.1855
vn -0.3038 -0.9517 -0.0438
vn -0.2437 -0.9564 -0.1611
vn -0.2567 -0.9626 -0.0872
vn -0.2135 -0.9669 -0.1393
vn -0.2646 -0.7067 -0.6561
vn 0.4013 -0.7797 -0.4806
vn -0.1229 -0.8373 -0.5328
vn 0.2914 -0.8693 -0.3993
vn -0.0412 -0.9000 -0.4340
vn 0.2250 -0.9154 -0.3338
vn 0.0071 -0.9328 -0.3602
vn 0.1855 -0.9410 -0.2832
vn 0.0438 -0.9517 -0.3038
vn 0.1611 -0.9564 -0.2437
vn 0.0872 -0.9626 -0.2567
vn 0.1393 -0.9669 -0.2135
vn 0.6561 -0.7067 -0.2646
vn 0.4806 -0.7797 0.4013
vn 0.5328 -0.8373 -0.1229
vn 0.3993 -0.8693 0.2914
vn 0.4340 -0.9000 -0.0412
vn 0.3338 -0.9154 0.2250
vn 0.3602 -0.9328 0.0071
vn 0.2832 -0.9410 0.1855
vn 0.3038 -0.9517 0.0438
vn 0.2437 -0.9564 0.1611
vn 0.2567 -0.9626 0.0872
vn 0.2135 -0.9669 0.1393
g HullBelow
usemtl hull_red
f 5//1 11//2 10//3
f 5//1 12//4 11//2
f 5//1 13//5 12//4
f 5//1 14//6 13//5
f 5//1 15//7 14//6
f 5//1 16//8 15//7
f 5//1 17//9 16//8
f 5//1 18//10 17//9
f 5//1 19//11 18//10
f 5//1 20//12 19//11
f 5//1 21//13 20//12
f 5//1 22//14 21//13
f 10//3 11//2 32//15
f 10//3 32//15 31//16
f 11//2 12//4 33//17
f 11//2 33//17 32//15
f 12//4 13//5 34//18
f 12//4 34//18 33//17
f 13//5 14//6 35//19
f 13//5 35//19 34//18
f 14//6 15//7 36//20
f 14//6 36//20 35//19
f 15//7 16//8 37//21
f 15//7 37//21 36//20
f 16//8 17//9 38//22
f 16//8 38//22 37//21
f 17//9 18//10 39//23
f 17//9 39//23 38//22
f 18//10 19//11 40//24
f 18//10 40//24 39//23
f 19//11 20//12 41//25
f 19//11 41//25 40//24
f 20//12 21//13 42//26
f 20//12 42//26 41//25
f 21//13 22//14 43//27
f 21//13 43//27 42//26
f 31//16 32//15 53//28
f 31//16 53//28 52//29
f 32//15 33//17 54//30
f 32//15 54//30 53//28
f 33//17 34//18 55//31
f 33//17 55//31 54//30
f 34//18 35//19 56//32
f 34//18 56//32 55//31
f 35//19 36//20 57//33
f 35//19 57//33 56//32
f 36//20 37//21 58//34
f 36//20 58//34 57//33
f 37//21 38//22 59//35
f 37//21 59//35 58//34
f 38//22 39//23 60//36
f 38//22 60//36 59//35
f 39//23 40//24 61//37
f 39//23 61//37 60//36
f 40//24 41//25 62//38
f 40//24 62//38 61//37
f 41//25 42//26 63//39
f 41//25 63//39 62//38
f 42//26 43//27 64//40
f 42//26 64//40 63//39
f 52//29 53//28 74//41
f 52//29 74//41 73//42
f 53//28 54//30 75//43
f 53//28 75//43 74//41
f 54//30 55//31 76//44
f 54//30 76//44 75//43
f 55//31 56//32 77//45
f 55//31 77//45 76//44
f 56//32 57//33 78//46
f 56//32 78//46 77//45
f 57//33 58//34 79//47
f 57//33 79//47 78//46
f 58//34 59//35 80//48
f 58//34 80//48 79//47
f 59//35 60//36 81//49
f 59//35 81//49 80//48
f 60//36 61//37 82//50
f 60//36 82//50 81//49
f 61//37 62//38 83//51
f 61//37 83//51 82//50
f 62//38 63//39 84//52
f 62//38 84//52 83//51
f 63//39 64//40 85//53
f 63//39 85//53 84//52
f 73//42 74//41 95//54
f 73//42 95//54 94//55
f 74//41 75//43 96//56
f 74//41 96//56 95//54
f 75//43 76//44 97//57
f 75//43 97//57 96//56
f 76//44 77//45 98//58
f 76//44 98//58 97//57
f 77//45 78//46 99//59
f 77//45 99//59 98//58
f 78//46 79//47 100//60
f 78//46 100//60 99//59
f 79//47 80//48 101//61
f 79//47 101//61 100//60
f 80//48 81//49 102//62
f 80//48 102//62 101//61
f 81//49 82//50 103//63
f 81//49 103//63 102//62
f 82//50 83//51 104//64
f 82//50 104//64 103//63
f 83//51 84//52 105//65
f 83//51 105//65 104//64
f 84//52 85//53 106//66
f 84//52 106//66 105//65
f 94//55 95//54 116//67
f 94//55 116//67 115//68
f 95//54 96//56 117//69
f 95//54 117//69 116//67
f 96//56 97//57 118//70
f 96//56 118//70 117//69
f 97//57 98//58 119//71
f 97//57 119//71 118//70
f 98//58 99//59 120//72
f 98//58 120//72 119//71
f 99//59 100//60 121//73
f 99//59 121//73 120//72
f 100//60 101//61 122//74
f 100//60 122//74 121//73
f 101//61 102//62 123//75
f 101//61 123//75 122//74
f 102//62 103//63 124//76
f 102//62 124//76 123//75
f 103//63 104//64 125//77
f 103//63 125//77 124//76
f 104//64 105//65 126//78
f 104//64 126//78 125//77
f 105//65 106//66 127//79
f 105//65 127//79 126//78
f 115//68 116//67 137//80
f 115//68 137//80 136//81
f 116//67 117//69 138//82
f 116//67 138//82 137//80
f 117//69 118//70 139//83
f 117//69 139//83 138//82
f 118//70 119//71 140//84
f 118//70 140//84 139//83
f 119//71 120//72 141//85
f 119//71 141//85 140//84
f 120//72 121//73 142//86
f 120//72 142//86 141//85
f 121//73 122//74 143//87
f 121//73 143//87 142//86
f 122//74 123//75 144//88
f 122//74 144//88 143//87
f 123//75 124//76 145//89
f 123//75 145//89 144//88
f 124//76 125//77 146//90
f 124//76 146//90 145//89
f 125//77 126//78 147//91
f 125//77 147//91 146//90
f 126//78 127//79 148//92
f 126//78 148//92 147//91
f 136//81 137//80 158//93
f 136//81 158//93 157//94
f 137//80 138//82 159//95
f 137//80 159//95 158//93
f 138//82 139//83 160//96
f 138//82 160//96 159//95
f 139//83 140//84 161//97
f 139//83 161//97 160//96
f 140//84 141//85 162//98
f 140//84 162//98 161//97
f 141//85 142//86 163//99
f 141//85 163//99 162//98
f 142//86 143//87 164//100
f 142//86 164//100 163//99
f 143//87 144//88 165//101
f 143//87 165//101 164//100
f 144//88 145//89 166//102
f 144//88 166//102 165//101
f 145//89 146//90 167//103
f 145//89 167//103 166//102
f 146//90 147//91 168//104
f 146//90 168//104 167//103
f 147//91 148//92 169//105
f 147//91 169//105 168//104
f 157//94 158//93 179//106
f 157//94 179//106 178//107
f 158//93 159//95 180//108
f 158//93 180//108 179//106
f 159//95 160//96 181//109
f 159//95 181//109 180//108
f 160//96 161//97 182//110
f 160//96 182//110 181//109
f 161//97 162//98 183//111
f 161//97 183//111 182//110
f 184//112 163//99 162//98
f 183//111 184//112 162//98
f 185//113 164//100 163//99
f 184//112 185//113 163//99
f 164//100 165//101 186//114
f 164//100 186//114 185//113
f 165//101 166//102 187//115
f 165//101 187//115 186//114
f 166//102 167//103 188//116
f 166//102 188//116 187//115
f 167//103 168//104 189//117
f 167//103 189//117 188//116
f 168//104 169//105 190//118
f 168//104 190//118 189//117
f 178//107 179//106 200//119
f 178//107 200//119 199//120
f 179//106 180//108 201//121
f 179//106 201//121 200//119
f 180//108 181//109 202//122
f 180//108 202//122 201//121
f 203//123 182//110 181//109
f 202//122 203//123 181//109
f 204//124 183//111 182//110
f 203//123 204//124 182//110
f 205//125 184//112 183//111
f 204//124 205//125 183//111
f 206//126 185//113 184//112
f 205//125 206//126 184//112
f 207//127 186//114 185//113
f 206//126 207//127 185//113
f 208//128 187//115 186//114
f 207//127 208//128 186//114
f 187//115 188//116 209//129
f 187//115 209//129 208//128
f 188//116 189//117 210//130
f 188//116 210//130 209//129
f 189//117 190//118 211//131
f 189//117 211//131 210//130
f 221//132 200//119 199//120
f 220//133 221//132 199//120
f 222//134 201//121 200//119
f 221//132 222//134 200//119
f 223//135 202//122 201//121
f 222//134 223//135 201//121
f 224//136 203//123 202//122
f 223//135 224//136 202//122
f 225//137 204//124 203//123
f 224//136 225//137 203//123
f 226//138 205//125 204//124
f 225//137 226//138 204//124
f 227//139 206//126 205//125
f 226//138 227//139 205//125
f 228//140 207//127 206//126
f 227//139 228//140 206//126
f 229//141 208//128 207//127
f 228//140 229//141 207//127
f 230//142 209//129 208//128
f 229//141 230//142 208//128
f 231//143 210//130 209//129
f 230//142 231//143 209//129
f 232//144 211//131 210//130
f 231//143 232//144 210//130
f 242//145 221//132 220//133
f 241//146 242//145 220//133
f 243//147 222//134 221//132
f 242//145 243//147 221//132
f 244//148 223//135 222//134
f 243//147 244//148 222//134
f 245//149 224//136 223//135
f 244//148 245//149 223//135
f 246//150 225//137 224//136
f 245//149 246//150 224//136
f 247//151 226//138 225//137
f 246//150 247//151 225//137
f 248//152 227//139 226//138
f 247//151 248//152 226//138
f 249//153 228//140 227//139
f 248//152 249//153 227//139
f 250//154 229//141 228//140
f 249//153 250//154 228//140
f 251//155 230//142 229//141
f 250//154 251//155 229//141
f 252//156 231//143 230//142
f 251//155 252//156 230//142
f 253//157 232//144 231//143
f 252//156 253//157 231//143
f 263//158 242//145 241//146
f 262//159 263//158 241//146
f 264//160 243//147 242//145
f 263//158 264//160 242//145
f 265//161 244//148 243//147
f 264//160 265//161 243//147
f 266//162 245//149 244//148
f 265//161 266//162 244//148
f 267//163 246//150 245//149
f 266//162 267//163 245//149
f 268//164 247//151 246//150
f 267//163 268//164 246//150
f 269//165 248//152 247//151
f 268//164 269//165 247//151
f 270//166 249//153 248//152
f 269//165 270//166 248//152
f 271//167 250//154 249//153
f 270//166 271//167 249//153
f 272//168 251//155 250//154
f 271//167 272//168 250//154
f 273//169 252//156 251//155
f 272//168 273//169 251//155
f 274//170 253//157 252//156
f 273//169 274//170 252//156
f 284//171 263//158 262//159
f 283//172 284//171 262//159
f 285//173 264//160 263//158
f 284//171 285//173 263//158
f 286//174 265//161 264//160
f 285//173 286//174 264//160
f 287//175 266//162 265//161
f 286//174 287//175 265//161
f 288//176 267//163 266//162
f 287//175 288//176 266//162
f 289//177 268//164 267//163
f 288//176 289//177 267//163
f 290//178 269//165 268//164
f 289//177 290//178 268//164
f 291//179 270//166 269//165
f 290//178 291//179 269//165
f 292//180 271//167 270//166
f 291//179 292//180 270//166
f 293//181 272//168 271//167
f 292//180 293//181 271//167
f 294//182 273//169 272//168
f 293//181 294//182 272//168
f 295//183 274//170 273//169
f 294//182 295//183 273//169
f 305//184 284//171 283//172
f 304//185 305//184 283//172
f 306//186 285//173 284//171
f 305//184 306//186 284//171
f 307//187 286//174 285//173
f 306//186 307//187 285//173
f 308//188 287//175 286//174
f 307//187 308//188 286//174
f 309//189 288//176 287//175
f 308//188 309//189 287//175
f 310//190 289//177 288//176
f 309//189 310//190 288//176
f 311//191 290//178 289//177
f 310//190 311//191 289//177
f 312//192 291//179 290//178
f 311//191 312//192 290//178
f 313//193 292//180 291//179
f 312//192 313//193 291//179
f 314//194 293//181 292//180
f 313//193 314//194 292//180
f 315//195 294//182 293//181
f 314//194 315//195 293//181
f 316//196 295//183 294//182
f 315//195 316//196 294//182
f 326//197 305//184 304//185
f 325//198 326//197 304//185
f 327//199 306//186 305//184
f 326//197 327//199 305//184
f 328//200 307//187 306//186
f 327//199 328//200 306//186
f 329//201 308//188 307//187
f 328//200 329//201 307//187
f 330//202 309//189 308//188
f 329//201 330//202 308//188
f 331//203 310//190 309//189
f 330//202 331//203 309//189
f 332//204 311//191 310//190
f 331//203 332//204 310//190
f 333//205 312//192 311//191
f 332//204 333//205 311//191
f 334//206 313//193 312//192
f 333//205 334//206 312//192
f 335//207 314//194 313//193
f 334//206 335//207 313//193
f 336//208 315//195 314//194
f 335//207 336//208 314//194
f 337//209 316//196 315//195
f 336//208 337//209 315//195
f 347//210 326//197 325//198
f 346//211 347//210 325//198
f 348//212 327//199 326//197
f 347//210 348//212 326//197
f 349//213 328//200 327//199
f 348//212 349//213 327//199
f 350//214 329//201 328//200
f 349//213 350//214 328//200
f 351//215 330//202 329//201
f 350//214 351//215 329//201
f 352//216 331//203 330//202
f 351//215 352//216 330//202
f 353//217 332//204 331//203
f 352//216 353//217 331//203
f 354//218 333//205 332//204
f 353//217 354//218 332//204
f 355//219 334//206 333//205
f 354//218 355//219 333//205
f 356//220 335//207 334//206
f 355//219 356//220 334//206
f 357//221 336//208 335//207
f 356//220 357//221 335//207
f 358//222 337//209 336//208
f 357//221 358//222 336//208
f 368//223 347//210 346//211
f 367//224 368//223 346//211
f 369//225 348//212 347//210
f 368//223 369//225 347//210
f 370//226 349//213 348//212
f 369//225 370//226 348//212
f 371//227 350//214 349//213
f 370//226 371//227 349//213
f 372//228 351//215 350//214
f 371//227 372//228 350//214
f 373//229 352//216 351//215
f 372//228 373//229 351//215
f 374//230 353//217 352//216
f 373//229 374//230 352//216
f 375//231 354//218 353//217
f 374//230 375//231 353//217
f 376//232 355//219 354//218
f 375//231 376//232 354//218
f 377//233 356//220 355//219
f 376//232 377//233 355//219
f 378//234 357//221 356//220
f 377//233 378//234 356//220
f 379//235 358//222 357//221
f 378//234 379//235 357//221
f 389//236 368//223 367//224
f 388//237 389//236 367//224
f 390//238 369//225 368//223
f 389//236 390//238 368//223
f 391//239 370//226 369//225
f 390//238 391//239 369//225
f 392//240 371//227 370//226
f 391//239 392//240 370//226
f 393//241 372//228 371//227
f 392//240 393//241 371//227
f 394//242 373//229 372//228
f 393//241 394//242 372//228
f 395//243 374//230 373//229
f 394//242 395//243 373//229
f 396//244 375//231 374//230
f 395//243 396//244 374//230
f 397//245 376//232 375//231
f 396//244 397//245 375//231
f 398//246 377//233 376//232
f 397//245 398//246 376//232
f 399//247 378//234 377//233
f 398//246 399//247 377//233
f 400//248 379//235 378//234
f 399//247 400//248 378//234
f 410//249 389//236 388//237
f 409//250 410//249 388//237
f 411//251 390//238 389//236
f 410//249 411//251 389//236
f 412//252 391//239 390//238
f 411//251 412//252 390//238
f 413//253 392//240 391//239
f 412//252 413//253 391//239
f 414//254 393//241 392//240
f 413//253 414//254 392//240
f 415//255 394//242 393//241
f 414//254 415//255 393//241
f 416//256 395//243 394//242
f 415//255 416//256 394//242
f 417//257 396//244 395//243
f 416//256 417//257 395//243
f 418//258 397//245 396//244
f 417//257 418//258 396//244
f 419//259 398//246 397//245
f 418//258 419//259 397//245
f 420//260 399//247 398//246
f 419//259 420//260 398//246
f 421//261 400//248 399//247
f 420//260 421//261 399//247
f 431//262 410//249 409//250
f 430//263 431//262 409//250
f 432//264 411//251 410//249
f 431//262 432//264 410//249
f 433//265 412//252 411//251
f 432//264 433//265 411//251
f 434//266 413//253 412//252
f 433//265 434//266 412//252
f 435//267 414//254 413//253
f 434//266 435//267 413//253
f 436//268 415//255 414//254
f 435//267 436//268 414//254
f 437//269 416//256 415//255
f 436//268 437//269 415//255
f 438//270 417//257 416//256
f 437//269 438//270 416//256
f 439//271 418//258 417//257
f 438//270 439//271 417//257
f 440//272 419//259 418//258
f 439//271 440//272 418//258
f 441//273 420//260 419//259
f 440//272 441//273 419//259
f 442//274 421//261 420//260
f 441//273 442//274 420//260
f 452//275 431//262 430//263
f 451//276 452//275 430//263
f 453//277 432//264 431//262
f 452//275 453//277 431//262
f 454//278 433//265 432//264
f 453//277 454//278 432//264
f 455//279 434//266 433//265
f 454//278 455//279 433//265
f 456//280 435//267 434//266
f 455//279 456//280 434//266
f 457//281 436//268 435//267
f 456//280 457//281 435//267
f 458//282 437//269 436//268
f 457//281 458//282 436//268
f 459//283 438//270 437//269
f 458//282 459//283 437//269
f 460//284 439//271 438//270
f 459//283 460//284 438//270
f 461//285 440//272 439//271
f 460//284 461//285 439//271
f 462//286 441//273 440//272
f 461//285 462//286 440//272
f 463//287 442//274 441//273
f 462//286 463//287 441//273
f 473//288 452//275 451//276
f 472//289 473//288 451//276
f 474//290 453//277 452//275
f 473//288 474//290 452//275
f 475//291 454//278 453//277
f 474//290 475//291 453//277
f 476//292 455//279 454//278
f 475//291 476//292 454//278
f 477//293 456//280 455//279
f 476//292 477//293 455//279
f 478//294 457//281 456//280
f 477//293 478//294 456//280
f 479//295 458//282 457//281
f 478//294 479//295 457//281
f 480//296 459//283 458//282
f 479//295 480//296 458//282
f 481//297 460//284 459//283
f 480//296 481//297 459//283
f 482//298 461//285 460//284
f 481//297 482//298 460//284
f 483//299 462//286 461//285
f 482//298 483//299 461//285
f 484//300 463//287 462//286
f 483//299 484//300 462//286
f 494//301 473//288 472//289
f 493//302 494//301 472//289
f 495//303 474//290 473//288
f 494//301 495//303 473//288
f 496//304 475//291 474//290
f 495//303 496//304 474//290
f 497//305 476//292 475//291
f 496//304 497//305 475//291
f 498//306 477//293 476//292
f 497//305 498//306 476//292
f 499//307 478//294 477//293
f 498//306 499//307 477//293
f 500//308 479//295 478//294
f 499//307 500//308 478//294
f 501//309 480//296 479//295
f 500//308 501//309 479//295
f 502//310 481//297 480//296
f 501//309 502//310 480//296
f 503//311 482//298 481//297
f 502//310 503//311 481//297
f 504//312 483//299 482//298
f 503//311 504//312 482//298
f 505//313 484//300 483//299
f 504//312 505//313 483//299
f 515//314 494//301 493//302
f 514//315 515//314 493//302
f 516//316 495//303 494//301
f 515//314 516//316 494//301
f 517//317 496//304 495//303
f 516//316 517//317 495//303
f 518//318 497//305 496//304
f 517//317 518//318 496//304
f 519//319 498//306 497//305
f 518//318 519//319 497//305
f 520//320 499//307 498//306
f 519//319 520//320 498//306
f 521//321 500//308 499//307
f 520//320 521//321 499//307
f 522//322 501//309 500//308
f 521//321 522//322 500//308
f 523//323 502//310 501//309
f 522//322 523//323 501//309
f 524//324 503//311 502//310
f 523//323 524//324 502//310
f 525//325 504//312 503//311
f 524//324 525//325 503//311
f 526//326 505//313 504//312
f 525//325 526//326 504//312
f 536//327 515//314 514//315
f 535//328 536//327 514//315
f 537//329 516//316 515//314
f 536//327 537//329 515//314
f 538//330 517//317 516//316
f 537//329 538//330 516//316
f 539//331 518//318 517//317
f 538//330 539//331 517//317
f 540//332 519//319 518//318
f 539//331 540//332 518//318
f 541//333 520//320 519//319
f 540//332 541//333 519//319
f 542//334 521//321 520//320
f 541//333 542//334 520//320
f 543//335 522//322 521//321
f 542//334 543//335 521//321
f 544//336 523//323 522//322
f 543//335 544//336 522//322
f 545//337 524//324 523//323
f 544//336 545//337 523//323
f 546//338 525//325 524//324
f 545//337 546//338 524//324
f 547//339 526//326 525//325
f 546//338 547//339 525//325
f 557//340 536//327 535//328
f 556//341 557//340 535//328
f 558//342 537//329 536//327
f 557//340 558//342 536//327
f 559//343 538//330 537//329
f 558//342 559//343 537//329
f 560//344 539//331 538//330
f 559//343 560//344 538//330
f 561//345 540//332 539//331
f 560//344 561//345 539//331
f 562//346 541//333 540//332
f 561//345 562//346 540//332
f 563//347 542//334 541//333
f 562//346 563//347 541//333
f 564//348 543//335 542//334
f 563//347 564//348 542//334
f 565//349 544//336 543//335
f 564//348 565//349 543//335
f 566//350 545//337 544//336
f 565//349 566//350 544//336
f 567//351 546//338 545//337
f 566//350 567//351 545//337
f 568//352 547//339 546//338
f 567//351 568//352 546//338
f 578//353 557//340 556//341
f 577//354 578//353 556//341
f 579//355 558//342 557//340
f 578//353 579//355 557//340
f 580//356 559//343 558//342
f 579//355 580//356 558//342
f 581//357 560//344 559//343
f 580//356 581//357 559//343
f 582//358 561//345 560//344
f 581//357 582//358 560//344
f 583//359 562//346 561//345
f 582//358 583//359 561//345
f 584//360 563//347 562//346
f 583//359 584//360 562//346
f 585//361 564//348 563//347
f 584//360 585//361 563//347
f 586//362 565//349 564//348
f 585//361 586//362 564//348
f 587//363 566//350 565//349
f 586//362 587//363 565//349
f 588//364 567//351 566//350
f 587//363 588//364 566//350
f 589//365 568//352 567//351
f 588//364 589//365 567//351
f 599//366 578//353 577//354
f 598//367 599//366 577//354
f 600//368 579//355 578//353
f 599//366 600//368 578//353
f 601//369 580//356 579//355
f 600//368 601//369 579//355
f 602//370 581//357 580//356
f 601//369 602//370 580//356
f 603//371 582//358 581//357
f 602//370 603//371 581//357
f 604//372 583//359 582//358
f 603//371 604//372 582//358
f 605//373 584//360 583//359
f 604//372 605//373 583//359
f 606//374 585//361 584//360
f 605//373 606//374 584//360
f 607//375 586//362 585//361
f 606//374 607//375 585//361
f 608//376 587//363 586//362
f 607//375 608//376 586//362
f 609//377 588//364 587//363
f 608//376 609//377 587//363
f 610//378 589//365 588//364
f 609//377 610//378 588//364
f 620//379 599//366 598//367
f 619//380 620//379 598//367
f 621//381 600//368 599//366
f 620//379 621//381 599//366
f 622//382 601//369 600//368
f 621//381 622//382 600//368
f 623//383 602//370 601//369
f 622//382 623//383 601//369
f 624//384 603//371 602//370
f 623//383 624//384 602//370
f 625//385 604//372 603//371
f 624//384 625//385 603//371
f 626//386 605//373 604//372
f 625//385 626//386 604//372
f 627//387 606//374 605//373
f 626//386 627//387 605//373
f 628//388 607//375 606//374
f 627//387 628//388 606//374
f 629//389 608//376 607//375
f 628//388 629//389 607//375
f 630//390 609//377 608//376
f 629//389 630//390 608//376
f 631//391 610//378 609//377
f 630//390 631//391 609//377
f 641//392 620//379 619//380
f 640//393 641//392 619//380
f 642//394 621//381 620//379
f 641//392 642//394 620//379
f 643//395 622//382 621//381
f 642//394 643//395 621//381
f 644//396 623//383 622//382
f 643//395 644//396 622//382
f 645//397 624//384 623//383
f 644//396 645//397 623//383
f 646//398 625//385 624//384
f 645//397 646//398 624//384
f 647//399 626//386 625//385
f 646//398 647//399 625//385
f 648//400 627//387 626//386
f 647//399 648//400 626//386
f 649//401 628//388 627//387
f 648//400 649//401 627//387
f 650//402 629//389 628//388
f 649//401 650//402 628//388
f 651//403 630//390 629//389
f 650//402 651//403 629//389
f 652//404 631//391 630//390
f 651//403 652//404 630//390
f 662//405 641//392 640//393
f 661//406 662//405 640//393
f 663//407 642//394 641//392
f 662//405 663//407 641//392
f 664//408 643//395 642//394
f 663//407 664//408 642//394
f 665//409 644//396 643//395
f 664//408 665//409 643//395
f 666//410 645//397 644//396
f 665//409 666//410 644//396
f 667//411 646//398 645//397
f 666//410 667//411 645//397
f 668//412 647//399 646//398
f 667//411 668//412 646//398
f 669//413 648//400 647//399
f 668//412 669//413 647//399
f 670//414 649//401 648//400
f 669//413 670//414 648//400
f 671//415 650//402 649//401
f 670//414 671//415 649//401
f 672//416 651//403 650//402
f 671//415 672//416 650//402
f 673//417 652//404 651//403
f 672//416 673//417 651//403
f 683//418 662//405 661//406
f 682//419 683//418 661//406
f 684//420 663//407 662//405
f 683//418 684//420 662//405
f 685//421 664//408 663//407
f 684//420 685//421 663//407
f 686//422 665//409 664//408
f 685//421 686//422 664//408
f 687//423 666//410 665//409
f 686//422 687//423 665//409
f 688//424 667//411 666//410
f 687//423 688//424 666//410
f 689//425 668//412 667//411
f 688//424 689//425 667//411
f 690//426 669//413 668//412
f 689//425 690//426 668//412
f 691//427 670//414 669//413
f 690//426 691//427 669//413
f 692//428 671//415 670//414
f 691//427 692//428 670//414
f 693//429 672//416 671//415
f 692//428 693//429 671//415
f 694//430 673//417 672//416
f 693//429 694//430 672//416
f 704//431 683//418 682//419
f 703//432 704//431 682//419
f 705//433 684//420 683//418
f 704//431 705//433 683//418
f 706//434 685//421 684//420
f 705//433 706//434 684//420
f 707//435 686//422 685//421
f 706//434 707//435 685//421
f 708//436 687//423 686//422
f 707//435 708//436 686//422
f 709//437 688//424 687//423
f 708//436 709//437 687//423
f 710//438 689//425 688//424
f 709//437 710//438 688//424
f 711//439 690//426 689//425
f 710//438 711//439 689//425
f 712//440 691//427 690//426
f 711//439 712//440 690//426
f 713//441 692//428 691//427
f 712//440 713//441 691//427
f 714//442 693//429 692//428
f 713//441 714//442 692//428
f 715//443 694//430 693//429
f 714//442 715//443 693//429
f 725//444 704//431 703//432
f 724//445 725//444 703//432
f 726//446 705//433 704//431
f 725//444 726//446 704//431
f 727//447 706//434 705//433
f 726//446 727//447 705//433
f 728//448 707//435 706//434
f 727//447 728//448 706//434
f 729//449 708//436 707//435
f 728//448 729//449 707//435
f 730//450 709//437 708//436
f 729//449 730//450 708//436
f 731//451 710//438 709//437
f 730//450 731//451 709//437
f 732//452 711//439 710//438
f 731//451 732//452 710//438
f 733//453 712//440 711//439
f 732//452 733//453 711//439
f 734//454 713//441 712//440
f 733//453 734//454 712//440
f 735//455 714//442 713//441
f 734//454 735//455 713//441
f 736//456 715//443 714//442
f 735//455 736//456 714//442
f 746//457 725//444 724//445
f 745//458 746//457 724//445
f 747//459 726//446 725//444
f 746//457 747//459 725//444
f 748//460 727//447 726//446
f 747//459 748//460 726//446
f 749//461 728//448 727//447
f 748//460 749//461 727//447
f 750//462 729//449 728//448
f 749//461 750//462 728//448
f 751//463 730//450 729//449
f 750//462 751//463 729//449
f 752//464 731//451 730//450
f 751//463 752//464 730//450
f 753//465 732//452 731//451
f 752//464 753//465 731//451
f 754//466 733//453 732//452
f 753//465 754//466 732//452
f 755//467 734//454 733//453
f 754//466 755//467 733//453
f 756//468 735//455 734//454
f 755//467 756//468 734//454
f 757//469 736//456 735//455
f 756//468 757//469 735//455
f 767//470 746//457 745//458
f 766//471 767//470 745//458
f 768//472 747//459 746//457
f 767//470 768//472 746//457
f 769//473 748//460 747//459
f 768//472 769//473 747//459
f 770//474 749//461 748//460
f 769//473 770//474 748//460
f 771//475 750//462 749//461
f 770//474 771//475 749//461
f 772//476 751//463 750//462
f 771//475 772//476 750//462
f 773//477 752//464 751//463
f 772//476 773//477 751//463
f 774//478 753//465 752//464
f 773//477 774//478 752//464
f 775//479 754//466 753//465
f 774//478 775//479 753//465
f 776//480 755//467 754//466
f 775//479 776//480 754//466
f 777//481 756//468 755//467
f 776//480 777//481 755//467
f 778//482 757//469 756//468
f 777//481 778//482 756//468
f 788//483 767//470 766//471
f 787//484 788//483 766//471
f 789//485 768//472 767//470
f 788//483 789//485 767//470
f 790//486 769//473 768//472
f 789//485 790//486 768//472
f 791//487 770//474 769//473
f 790//486 791//487 769//473
f 792//488 771//475 770//474
f 791//487 792//488 770//474
f 793//489 772//476 771//475
f 792//488 793//489 771//475
f 794//490 773//477 772//476
f 793//489 794//490 772//476
f 795//491 774//478 773//477
f 794//490 795//491 773//477
f 796//492 775//479 774//478
f 795//491 796//492 774//478
f 797//493 776//480 775//479
f 796//492 797//493 775//479
f 798//494 777//481 776//480
f 797//493 798//494 776//480
f 799//495 778//482 777//481
f 798//494 799//495 777//481
f 809//496 788//483 787//484
f 808//497 809//496 787//484
f 810//498 789//485 788//483
f 809//496 810//498 788//483
f 811//499 790//486 789//485
f 810//498 811//499 789//485
f 812//500 791//487 790//486
f 811//499 812//500 790//486
f 813//501 792//488 791//487
f 812//500 813//501 791//487
f 814//502 793//489 792//488
f 813//501 814//502 792//488
f 815//503 794//490 793//489
f 814//502 815//503 793//489
f 816//504 795//491 794//490
f 815//503 816//504 794//490
f 817//505 796//492 795//491
f 816//504 817//505 795//491
f 818//506 797//493 796//492
f 817//505 818//506 796//492
f 819//507 798//494 797//493
f 818//506 819//507 797//493
f 820//508 799//495 798//494
f 819//507 820//508 798//494
f 830//509 809//496 808//497
f 829//510 830//509 808//497
f 831//511 810//498 809//496
f 830//509 831//511 809//496
f 832//512 811//499 810//498
f 831//511 832//512 810//498
f 833//513 812//500 811//499
f 832//512 833//513 811//499
f 834//514 813//501 812//500
f 833//513 834//514 812//500
f 835//515 814//502 813//501
f 834//514 835//515 813//501
f 836//516 815//503 814//502
f 835//515 836//516 814//502
f 837//517 816//504 815//503
f 836//516 837//517 815//503
f 838//518 817//505 816//504
f 837//517 838//518 816//504
f 839//519 818//506 817//505
f 838//518 839//519 817//505
f 840//520 819//507 818//506
f 839//519 840//520 818//506
f 841//521 820//508 819//507
f 840//520 841//521 819//507
f 851//522 830//509 829//510
f 850//523 851//522 829//510
f 852//524 831//511 830//509
f 851//522 852//524 830//509
f 853//525 832//512 831//511
f 852//524 853//525 831//511
f 854//526 833//513 832//512
f 853//525 854//526 832//512
f 855//527 834//514 833//513
f 854//526 855//527 833//513
f 856//528 835//515 834//514
f 855//527 856//528 834//514
f 857//529 836//516 835//515
f 856//528 857//529 835//515
f 858//530 837//517 836//516
f 857//529 858//530 836//516
f 859//531 838//518 837//517
f 858//530 859//531 837//517
f 860//532 839//519 838//518
f 859//531 860//532 838//518
f 861//533 840//520 839//519
f 860//532 861//533 839//519
f 862//534 841//521 840//520
f 861//533 862//534 840//520
f 872//535 851//522 850//523
f 871//536 872//535 850//523
f 873//537 852//524 851//522
f 872//535 873//537 851//522
f 874//538 853//525 852//524
f 873//537 874//538 852//524
f 875//539 854//526 853//525
f 874//538 875//539 853//525
f 876//540 855//527 854//526
f 875//539 876//540 854//526
f 877//541 856//528 855//527
f 876//540 877//541 855//527
f 878//542 857//529 856//528
f 877//541 878//542 856//528
f 879//543 858//530 857//529
f 878//542 879//543 857//529
f 880//544 859//531 858//530
f 879//543 880//544 858//530
f 881//545 860//532 859//531
f 880//544 881//545 859//531
f 882//546 861//533 860//532
f 881//545 882//546 860//532
f 883//547 862//534 861//533
f 882//546 883//547 861//533
f 893//548 872//535 871//536
f 892//549 893//548 871//536
f 894//550 873//537 872//535
f 893//548 894//550 872//535
f 895//551 874//538 873//537
f 894//550 895//551 873//537
f 896//552 875//539 874//538
f 895//551 896//552 874//538
f 897//553 876//540 875//539
f 896//552 897//553 875//539
f 898//554 877//541 876//540
f 897//553 898//554 876//540
f 899//555 878//542 877//541
f 898//554 899//555 877//541
f 900//556 879//543 878//542
f 899//555 900//556 878//542
f 901//557 880//544 879//543
f 900//556 901//557 879//543
f 902//558 881//545 880//544
f 901//557 902//558 880//544
f 903//559 882//546 881//545
f 902//558 903//559 881//545
f 904//560 883//547 882//546
f 903//559 904//560 882//546
f 914//561 893//548 892//549
f 913//562 914//561 892//549
f 915//563 894//550 893//548
f 914//561 915//563 893//548
f 916//564 895//551 894//550
f 915//563 916//564 894//550
f 917//565 896//552 895//551
f 916//564 917//565 895//551
f 918//566 897//553 896//552
f 917//565 918//566 896//552
f 919//567 898//554 897//553
f 918//566 919//567 897//553
f 920//568 899//555 898//554
f 919//567 920//568 898//554
f 921//569 900//556 899//555
f 920//568 921//569 899//555
f 922//570 901//557 900//556
f 921//569 922//570 900//556
f 923//571 902//558 901//557
f 922//570 923//571 901//557
f 924//572 903//559 902//558
f 923//571 924//572 902//558
f 925//573 904//560 903//559
f 924//572 925//573 903//559
f 935//574 914//561 913//562
f 934//575 935//574 913//562
f 936//576 915//563 914//561
f 935//574 936//576 914//561
f 937//577 916//564 915//563
f 936//576 937//577 915//563
f 938//578 917//565 916//564
f 937//577 938//578 916//564
f 939//579 918//566 917//565
f 938//578 939//579 917//565
f 940//580 919//567 918//566
f 939//579 940//580 918//566
f 941//581 920//568 919//567
f 940//580 941//581 919//567
f 942//582 921//569 920//568
f 941//581 942//582 920//568
f 943//583 922//570 921//569
f 942//582 943//583 921//569
f 944//584 923//571 922//570
f 943//583 944//584 922//570
f 945//585 924//572 923//571
f 944//584 945//585 923//571
f 946//586 925//573 924//572
f 945//585 946//586 924//572
f 956//587 935//574 934//575
f 955//588 956//587 934//575
f 957//589 936//576 935//574
f 956//587 957//589 935//574
f 958//590 937//577 936//576
f 957//589 958//590 936//576
f 959//591 938//578 937//577
f 958//590 959//591 937//577
f 960//592 939//579 938//578
f 959//591 960//592 938//578
f 961//593 940//580 939//579
f 960//592 961//593 939//579
f 962//594 941//581 940//580
f 961//593 962//594 940//580
f 963//595 942//582 941//581
f 962//594 963//595 941//581
f 964//596 943//583 942//582
f 963//595 964//596 942//582
f 965//597 944//584 943//583
f 964//596 965//597 943//583
f 966//598 945//585 944//584
f 965//597 966//598 944//584
f 967//599 946//586 945//585
f 966//598 967//599 945//585
f 977//600 956//587 955//588
f 976//601 977//600 955//588
f 978//602 957//589 956//587
f 977//600 978//602 956//587
f 979//603 958//590 957//589
f 978//602 979//603 957//589
f 980//604 959//591 958//590
f 979//603 980//604 958//590
f 981//605 960//592 959//591
f 980//604 981//605 959//591
f 982//606 961//593 960//592
f 981//605 982//606 960//592
f 983//607 962//594 961//593
f 982//606 983//607 961//593
f 984//608 963//595 962//594
f 983//607 984//608 962//594
f 985//609 964//596 963//595
f 984//608 985//609 963//595
f 986//610 965//597 964//596
f 985//609 986//610 964//596
f 987//611 966//598 965//597
f 986//610 987//611 965//597
f 988//612 967//599 966//598
f 987//611 988//612 966//598
f 998//613 977//600 976//601
f 997//614 998//613 976//601
f 999//615 978//602 977//600
f 998//613 999//615 977//600
f 1000//616 979//603 978//602
f 999//615 1000//616 978//602
f 1001//617 980//604 979//603
f 1000//616 1001//617 979//603
f 1002//618 981//605 980//604
f 1001//617 1002//618 980//604
f 1003//619 982//606 981//605
f 1002//618 1003//619 981//605
f 1004//620 983//607 982//606
f 1003//619 1004//620 982//606
f 1005//621 984//608 983//607
f 1004//620 1005//621 983//607
f 1006//622 985//609 984//608
f 1005//621 1006//622 984//608
f 1007//623 986//610 985//609
f 1006//622 1007//623 985//609
f 1008//624 987//611 986//610
f 1007//623 1008//624 986//610
f 1009//625 988//612 987//611
f 1008//624 1009//625 987//611
f 1019//626 998//613 997//614
f 1018//627 1019//626 997//614
f 1020//628 999//615 998//613
f 1019//626 1020//628 998//613
f 1021//629 1000//616 999//615
f 1020//628 1021//629 999//615
f 1022//630 1001//617 1000//616
f 1021//629 1022//630 1000//616
f 1023//631 1002//618 1001//617
f 1022//630 1023//631 1001//617
f 1024//632 1003//619 1002//618
f 1023//631 1024//632 1002//618
f 1025//633 1004//620 1003//619
f 1024//632 1025//633 1003//619
f 1026//634 1005//621 1004//620
f 1025//633 1026//634 1004//620
f 1027//635 1006//622 1005//621
f 1026//634 1027//635 1005//621
f 1028//636 1007//623 1006//622
f 1027//635 1028//636 1006//622
f 1029//637 1008//624 1007//623
f 1028//636 1029//637 1007//623
f 1030//638 1009//625 1008//624
f 1029//637 1030//638 1008//624
f 1040//639 1019//626 1018//627
f 1039//640 1040//639 1018//627
f 1041//641 1020//628 1019//626
f 1040//639 1041//641 1019//626
f 1042//642 1021//629 1020//628
f 1041//641 1042//642 1020//628
f 1043//643 1022//630 1021//629
f 1042//642 1043//643 1021//629
f 1044//644 1023//631 1022//630
f 1043//643 1044//644 1022//630
f 1045//645 1024//632 1023//631
f 1044//644 1045//645 1023//631
f 1046//646 1025//633 1024//632
f 1045//645 1046//646 1024//632
f 1047//647 1026//634 1025//633
f 1046//646 1047//647 1025//633
f 1048//648 1027//635 1026//634
f 1047//647 1048//648 1026//634
f 1049//649 1028//636 1027//635
f 1048//648 1049//649 1027//635
f 1050//650 1029//637 1028//636
f 1049//649 1050//650 1028//636
f 1051//651 1030//638 1029//637
f 1050//650 1051//651 1029//637
f 1061//652 1040//639 1039//640
f 1060//653 1061//652 1039//640
f 1062//654 1041//641 1040//639
f 1061//652 1062//654 1040//639
f 1063//655 1042//642 1041//641
f 1062//654 1063//655 1041//641
f 1064//656 1043//643 1042//642
f 1063//655 1064//656 1042//642
f 1065//657 1044//644 1043//643
f 1064//656 1065//657 1043//643
f 1066//658 1045//645 1044//644
f 1065//657 1066//658 1044//644
f 1067//659 1046//646 1045//645
f 1066//658 1067//659 1045//645
f 1068//660 1047//647 1046//646
f 1067//659 1068//660 1046//646
f 1069//661 1048//648 1047//647
f 1068//660 1069//661 1047//647
f 1070//662 1049//649 1048//648
f 1069//661 1070//662 1048//648
f 1071//663 1050//650 1049//649
f 1070//662 1071//663 1049//649
f 1072//664 1051//651 1050//650
f 1071//663 1072//664 1050//650
f 1082//665 1061//652 1060//653
f 1081//666 1082//665 1060//653
f 1083//667 1062//654 1061//652
f 1082//665 1083//667 1061//652
f 1084//668 1063//655 1062//654
f 1083//667 1084//668 1062//654
f 1085//669 1064//656 1063//655
f 1084//668 1085//669 1063//655
f 1086//670 1065//657 1064//656
f 1085//669 1086//670 1064//656
f 1087//671 1066//658 1065//657
f 1086//670 1087//671 1065//657
f 1088//672 1067//659 1066//658
f 1087//671 1088//672 1066//658
f 1089//673 1068//660 1067//659
f 1088//672 1089//673 1067//659
f 1090//674 1069//661 1068//660
f 1089//673 1090//674 1068//660
f 1091//675 1070//662 1069//661
f 1090//674 1091//675 1069//661
f 1092//676 1071//663 1070//662
f 1091//675 1092//676 1070//662
f 1093//677 1072//664 1071//663
f 1092//676 1093//677 1071//663
f 1103//678 1082//665 1081//666
f 1102//679 1103//678 1081//666
f 1104//680 1083//667 1082//665
f 1103//678 1104//680 1082//665
f 1105//681 1084//668 1083//667
f 1104//680 1105//681 1083//667
f 1106//682 1085//669 1084//668
f 1105//681 1106//682 1084//668
f 1107//683 1086//670 1085//669
f 1106//682 1107//683 1085//669
f 1108//684 1087//671 1086//670
f 1107//683 1108//684 1086//670
f 1109//685 1088//672 1087//671
f 1108//684 1109//685 1087//671
f 1110//686 1089//673 1088//672
f 1109//685 1110//686 1088//672
f 1111//687 1090//674 1089//673
f 1110//686 1111//687 1089//673
f 1112//688 1091//675 1090//674
f 1111//687 1112//688 1090//674
f 1113//689 1092//676 1091//675
f 1112//688 1113//689 1091//675
f 1114//690 1093//677 1092//676
f 1113//689 1114//690 1092//676
f 1124//691 1103//678 1102//679
f 1123//692 1124//691 1102//679
f 1125//693 1104//680 1103//678
f 1124//691 1125//693 1103//678
f 1126//694 1105//681 1104//680
f 1125//693 1126//694 1104//680
f 1127//695 1106//682 1105//681
f 1126//694 1127//695 1105//681
f 1128//696 1107//683 1106//682
f 1127//695 1128//696 1106//682
f 1129//697 1108//684 1107//683
f 1128//696 1129//697 1107//683
f 1130//698 1109//685 1108//684
f 1129//697 1130//698 1108//684
f 1131//699 1110//686 1109//685
f 1130//698 1131//699 1109//685
f 1132//700 1111//687 1110//686
f 1131//699 1132//700 1110//686
f 1133//701 1112//688 1111//687
f 1132//700 1133//701 1111//687
f 1134//702 1113//689 1112//688
f 1133//701 1134//702 1112//688
f 1135//703 1114//690 1113//689
f 1134//702 1135//703 1113//689
f 1145//704 1124//691 1123//692
f 1144//705 1145//704 1123//692
f 1146//706 1125//693 1124//691
f 1145//704 1146//706 1124//691
f 1147//707 1126//694 1125//693
f 1146//706 1147//707 1125//693
f 1148//708 1127//695 1126//694
f 1147//707 1148//708 1126//694
f 1149//709 1128//696 1127//695
f 1148//708 1149//709 1127//695
f 1150//710 1129//697 1128//696
f 1149//709 1150//710 1128//696
f 1151//711 1130//698 1129//697
f 1150//710 1151//711 1129//697
f 1152//712 1131//699 1130//698
f 1151//711 1152//712 1130//698
f 1153//713 1132//700 1131//699
f 1152//712 1153//713 1131//699
f 1154//714 1133//701 1132//700
f 1153//713 1154//714 1132//700
f 1155//715 1134//702 1133//701
f 1154//714 1155//715 1133//701
f 1156//716 1135//703 1134//702
f 1155//715 1156//716 1134//702
f 1166//717 1145//704 1144//705
f 1165//718 1166//717 1144//705
f 1167//719 1146//706 1145//704
f 1166//717 1167//719 1145//704
f 1168//720 1147//707 1146//706
f 1167//719 1168//720 1146//706
f 1169//721 1148//708 1147//707
f 1168//720 1169//721 1147//707
f 1170//722 1149//709 1148//708
f 1169//721 1170//722 1148//708
f 1171//723 1150//710 1149//709
f 1170//722 1171//723 1149//709
f 1172//724 1151//711 1150//710
f 1171//723 1172//724 1150//710
f 1173//725 1152//712 1151//711
f 1172//724 1173//725 1151//711
f 1174//726 1153//713 1152//712
f 1173//725 1174//726 1152//712
f 1175//727 1154//714 1153//713
f 1174//726 1175//727 1153//713
f 1176//728 1155//715 1154//714
f 1175//727 1176//728 1154//714
f 1177//729 1156//716 1155//715
f 1176//728 1177//729 1155//715
f 1187//730 1166//717 1165//718
f 1186//731 1187//730 1165//718
f 1188//732 1167//719 1166//717
f 1187//730 1188//732 1166//717
f 1189//733 1168//720 1167//719
f 1188//732 1189//733 1167//719
f 1190//734 1169//721 1168//720
f 1189//733 1190//734 1168//720
f 1191//735 1170//722 1169//721
f 1190//734 1191//735 1169//721
f 1192//736 1171//723 1170//722
f 1191//735 1192//736 1170//722
f 1193//737 1172//724 1171//723
f 1192//736 1193//737 1171//723
f 1194//738 1173//725 1172//724
f 1193//737 1194//738 1172//724
f 1195//739 1174//726 1173//725
f 1194//738 1195//739 1173//725
f 1196//740 1175//727 1174//726
f 1195//739 1196//740 1174//726
f 1197//741 1176//728 1175//727
f 1196//740 1197//741 1175//727
f 1198//742 1177//729 1176//728
f 1197//741 1198//742 1176//728
f 1208//743 1187//730 1186//731
f 1207//744 1208//743 1186//731
f 1209//745 1188//732 1187//730
f 1208//743 1209//745 1187//730
f 1210//746 1189//733 1188//732
f 1209//745 1210//746 1188//732
f 1211//747 1190//734 1189//733
f 1210//746 1211//747 1189//733
f 1212//748 1191//735 1190//734
f 1211//747 1212//748 1190//734
f 1213//749 1192//736 1191//735
f 1212//748 1213//749 1191//735
f 1214//750 1193//737 1192//736
f 1213//749 1214//750 1192//736
f 1215//751 1194//738 1193//737
f 1214//750 1215//751 1193//737
f 1216//752 1195//739 1194//738
f 1215//751 1216//752 1194//738
f 1217//753 1196//740 1195//739
f 1216//752 1217//753 1195//739
f 1218//754 1197//741 1196//740
f 1217//753 1218//754 1196//740
f 1219//755 1198//742 1197//741
f 1218//754 1219//755 1197//741
f 1229//756 1208//743 1207//744
f 1228//757 1229//756 1207//744
f 1230//758 1209//745 1208//743
f 1229//756 1230//758 1208//743
f 1231//759 1210//746 1209//745
f 1230//758 1231//759 1209//745
f 1232//760 1211//747 1210//746
f 1231//759 1232//760 1210//746
f 1233//761 1212//748 1211//747
f 1232//760 1233//761 1211//747
f 1234//762 1213//749 1212//748
f 1233//761 1234//762 1212//748
f 1235//763 1214//750 1213//749
f 1234//762 1235//763 1213//749
f 1236//764 1215//751 1214//750
f 1235//763 1236//764 1214//750
f 1237//765 1216//752 1215//751
f 1236//764 1237//765 1215//751
f 1238//766 1217//753 1216//752
f 1237//765 1238//766 1216//752
f 1239//767 1218//754 1217//753
f 1238//766 1239//767 1217//753
f 1240//768 1219//755 1218//754
f 1239//767 1240//768 1218//754
f 1250//769 1229//756 1228//757
f 1249//770 1250//769 1228//757
f 1251//771 1230//758 1229//756
f 1250//769 1251//771 1229//756
f 1252//772 1231//759 1230//758
f 1251//771 1252//772 1230//758
f 1253//773 1232//760 1231//759
f 1252//772 1253//773 1231//759
f 1254//774 1233//761 1232//760
f 1253//773 1254//774 1232//760
f 1255//775 1234//762 1233//761
f 1254//774 1255//775 1233//761
f 1256//776 1235//763 1234//762
f 1255//775 1256//776 1234//762
f 1257//777 1236//764 1235//763
f 1256//776 1257//777 1235//763
f 1258//778 1237//765 1236//764
f 1257//777 1258//778 1236//764
f 1259//779 1238//766 1237//765
f 1258//778 1259//779 1237//765
f 1260//780 1239//767 1238//766
f 1259//779 1260//780 1238//766
f 1261//781 1240//768 1239//767
f 1260//780 1261//781 1239//767
f 1271//782 1250//769 1249//770
f 1270//783 1271//782 1249//770
f 1272//784 1251//771 1250//769
f 1271//782 1272//784 1250//769
f 1273//785 1252//772 1251//771
f 1272//784 1273//785 1251//771
f 1274//786 1253//773 1252//772
f 1273//785 1274//786 1252//772
f 1275//787 1254//774 1253//773
f 1274//786 1275//787 1253//773
f 1276//788 1255//775 1254//774
f 1275//787 1276//788 1254//774
f 1277//789 1256//776 1255//775
f 1276//788 1277//789 1255//775
f 1278//790 1257//777 1256//776
f 1277//789 1278//790 1256//776
f 1279//791 1258//778 1257//777
f 1278//790 1279//791 1257//777
f 1280//792 1259//779 1258//778
f 1279//791 1280//792 1258//778
f 1281//793 1260//780 1259//779
f 1280//792 1281//793 1259//779
f 1282//794 1261//781 1260//780
f 1281//793 1282//794 1260//780
f 1292//795 1271//782 1270//783
f 1291//796 1292//795 1270//783
f 1293//797 1272//784 1271//782
f 1292//795 1293//797 1271//782
f 1294//798 1273//785 1272//784
f 1293//797 1294//798 1272//784
f 1295//799 1274//786 1273//785
f 1294//798 1295//799 1273//785
f 1296//800 1275//787 1274//786
f 1295//799 1296//800 1274//786
f 1297//801 1276//788 1275//787
f 1296//800 1297//801 1275//787
f 1298//802 1277//789 1276//788
f 1297//801 1298//802 1276//788
f 1299//803 1278//790 1277//789
f 1298//802 1299//803 1277//789
f 1300//804 1279//791 1278//790
f 1299//803 1300//804 1278//790
f 1301//805 1280//792 1279//791
f 1300//804 1301//805 1279//791
f 1302//806 1281//793 1280//792
f 1301//805 1302//806 1280//792
f 1303//807 1282//794 1281//793
f 1302//806 1303//807 1281//793
f 1313//808 1292//795 1291//796
f 1312//809 1313//808 1291//796
f 1314//810 1293//797 1292//795
f 1313//808 1314//810 1292//795
f 1315//811 1294//798 1293//797
f 1314//810 1315//811 1293//797
f 1316//812 1295//799 1294//798
f 1315//811 1316//812 1294//798
f 1317//813 1296//800 1295//799
f 1316//812 1317//813 1295//799
f 1318//814 1297//801 1296//800
f 1317//813 1318//814 1296//800
f 1319//815 1298//802 1297//801
f 1318//814 1319//815 1297//801
f 1320//816 1299//803 1298//802
f 1319//815 1320//816 1298//802
f 1321//817 1300//804 1299//803
f 1320//816 1321//817 1299//803
f 1322//818 1301//805 1300//804
f 1321//817 1322//818 1300//804
f 1323//819 1302//806 1301//805
f 1322//818 1323//819 1301//805
f 1324//820 1303//807 1302//806
f 1323//819 1324//820 1302//806
f 1334//821 1313//808 1312//809
f 1333//822 1334//821 1312//809
f 1335//823 1314//810 1313//808
f 1334//821 1335//823 1313//808
f 1336//824 1315//811 1314//810
f 1335//823 1336//824 1314//810
f 1337//825 1316//812 1315//811
f 1336//824 1337//825 1315//811
f 1338//826 1317//813 1316//812
f 1337//825 1338//826 1316//812
f 1339//827 1318//814 1317//813
f 1338//826 1339//827 1317//813
f 1340//828 1319//815 1318//814
f 1339//827 1340//828 1318//814
f 1341//829 1320//816 1319//815
f 1340//828 1341//829 1319//815
f 1342//830 1321//817 1320//816
f 1341//829 1342//830 1320//816
f 1343//831 1322//818 1321//817
f 1342//830 1343//831 1321//817
f 1344//832 1323//819 1322//818
f 1343//831 1344//832 1322//818
f 1345//833 1324//820 1323//819
f 1344//832 1345//833 1323//819
f 1355//834 1334//821 1333//822
f 1354//835 1355//834 1333//822
f 1356//836 1335//823 1334//821
f 1355//834 1356//836 1334//821
f 1357//837 1336//824 1335//823
f 1356//836 1357//837 1335//823
f 1358//838 1337//825 1336//824
f 1357//837 1358//838 1336//824
f 1359//839 1338//826 1337//825
f 1358//838 1359//839 1337//825
f 1360//840 1339//827 1338//826
f 1359//839 1360//840 1338//826
f 1361//841 1340//828 1339//827
f 1360//840 1361//841 1339//827
f 1362//842 1341//829 1340//828
f 1361//841 1362//842 1340//828
f 1363//843 1342//830 1341//829
f 1362//842 1363//843 1341//829
f 1364//844 1343//831 1342//830
f 1363//843 1364//844 1342//830
f 1365//845 1344//832 1343//831
f 1364//844 1365//845 1343//831
f 1366//846 1345//833 1344//832
f 1365//845 1366//846 1344//832
f 1376//847 1355//834 1354//835
f 1375//848 1376//847 1354//835
f 1377//849 1356//836 1355//834
f 1376//847 1377//849 1355//834
f 1378//850 1357//837 1356//836
f 1377//849 1378//850 1356//836
f 1379//851 1358//838 1357//837
f 1378//850 1379//851 1357//837
f 1380//852 1359//839 1358//838
f 1379//851 1380//852 1358//838
f 1381//853 1360//840 1359//839
f 1380//852 1381//853 1359//839
f 1382//854 1361//841 1360//840
f 1381//853 1382//854 1360//840
f 1383//855 1362//842 1361//841
f 1382//854 1383//855 1361//841
f 1384//856 1363//843 1362//842
f 1383//855 1384//856 1362//842
f 1385//857 1364//844 1363//843
f 1384//856 1385//857 1363//843
f 1386//858 1365//845 1364//844
f 1385//857 1386//858 1364//844
f 1387//859 1366//846 1365//845
f 1386//858 1387//859 1365//845
f 1397//860 1376//847 1375//848
f 1396//861 1397//860 1375//848
f 1398//862 1377//849 1376//847
f 1397//860 1398//862 1376//847
f 1399//863 1378//850 1377//849
f 1398//862 1399//863 1377//849
f 1400//864 1379//851 1378//850
f 1399//863 1400//864 1378//850
f 1401//865 1380//852 1379//851
f 1400//864 1401//865 1379//851
f 1402//866 1381//853 1380//852
f 1401//865 1402//866 1380//852
f 1403//867 1382//854 1381//853
f 1402//866 1403//867 1381//853
f 1404//868 1383//855 1382//854
f 1403//867 1404//868 1382//854
f 1405//869 1384//856 1383//855
f 1404//868 1405//869 1383//855
f 1406//870 1385//857 1384//856
f 1405//869 1406//870 1384//856
f 1407//871 1386//858 1385//857
f 1406//870 1407//871 1385//857
f 1408//872 1387//859 1386//858
f 1407//871 1408//872 1386//858
f 1418//873 1397//860 1396//861
f 1417//874 1418//873 1396//861
f 1419//875 1398//862 1397//860
f 1418//873 1419//875 1397//860
f 1420//876 1399//863 1398//862
f 1419//875 1420//876 1398//862
f 1421//877 1400//864 1399//863
f 1420//876 1421//877 1399//863
f 1422//878 1401//865 1400//864
f 1421//877 1422//878 1400//864
f 1423//879 1402//866 1401//865
f 1422//878 1423//879 1401//865
f 1424//880 1403//867 1402//866
f 1423//879 1424//880 1402//866
f 1425//881 1404//868 1403//867
f 1424//880 1425//881 1403//867
f 1426//882 1405//869 1404//868
f 1425//881 1426//882 1404//868
f 1427//883 1406//870 1405//869
f 1426//882 1427//883 1405//869
f 1428//884 1407//871 1406//870
f 1427//883 1428//884 1406//870
f 1429//885 1408//872 1407//871
f 1428//884 1429//885 1407//871
f 1439//886 1418//873 1417//874
f 1438//887 1439//886 1417//874
f 1440//888 1419//875 1418//873
f 1439//886 1440//888 1418//873
f 1441//889 1420//876 1419//875
f 1440//888 1441//889 1419//875
f 1442//890 1421//877 1420//876
f 1441//889 1442//890 1420//876
f 1443//891 1422//878 1421//877
f 1442//890 1443//891 1421//877
f 1444//892 1423//879 1422//878
f 1443//891 1444//892 1422//878
f 1445//893 1424//880 1423//879
f 1444//892 1445//893 1423//879
f 1446//894 1425//881 1424//880
f 1445//893 1446//894 1424//880
f 1447//895 1426//882 1425//881
f 1446//894 1447//895 1425//881
f 1448//896 1427//883 1426//882
f 1447//895 1448//896 1426//882
f 1449//897 1428//884 1427//883
f 1448//896 1449//897 1427//883
f 1450//898 1429//885 1428//884
f 1449//897 1450//898 1428//884
f 1460//899 1439//886 1438//887
f 1459//900 1460//899 1438//887
f 1461//901 1440//888 1439//886
f 1460//899 1461//901 1439//886
f 1462//902 1441//889 1440//888
f 1461//901 1462//902 1440//888
f 1463//903 1442//890 1441//889
f 1462//902 1463//903 1441//889
f 1464//904 1443//891 1442//890
f 1463//903 1464//904 1442//890
f 1465//905 1444//892 1443//891
f 1464//904 1465//905 1443//891
f 1466//906 1445//893 1444//892
f 1465//905 1466//906 1444//892
f 1467//907 1446//894 1445//893
f 1466//906 1467//907 1445//893
f 1468//908 1447//895 1446//894
f 1467//907 1468//908 1446//894
f 1469//909 1448//896 1447//895
f 1468//908 1469//909 1447//895
f 1470//910 1449//897 1448//896
f 1469//909 1470//910 1448//896
f 1471//911 1450//898 1449//897
f 1470//910 1471//911 1449//897
f 1481//912 1460//899 1459//900
f 1480//913 1481//912 1459//900
f 1482//914 1461//901 1460//899
f 1481//912 1482//914 1460//899
f 1483//915 1462//902 1461//901
f 1482//914 1483//915 1461//901
f 1484//916 1463//903 1462//902
f 1483//915 1484//916 1462//902
f 1485//917 1464//904 1463//903
f 1484//916 1485//917 1463//903
f 1486//918 1465//905 1464//904
f 1485//917 1486//918 1464//904
f 1487//919 1466//906 1465//905
f 1486//918 1487//919 1465//905
f 1488//920 1467//907 1466//906
f 1487//919 1488//920 1466//906
f 1489//921 1468//908 1467//907
f 1488//920 1489//921 1467//907
f 1490//922 1469//909 1468//908
f 1489//921 1490//922 1468//908
f 1491//923 1470//910 1469//909
f 1490//922 1491//923 1469//909
f 1492//924 1471//911 1470//910
f 1491//923 1492//924 1470//910
f 1502//925 1481//912 1480//913
f 1501//926 1502//925 1480//913
f 1503//927 1482//914 1481//912
f 1502//925 1503//927 1481//912
f 1504//928 1483//915 1482//914
f 1503//927 1504//928 1482//914
f 1505//929 1484//916 1483//915
f 1504//928 1505//929 1483//915
f 1506//930 1485//917 1484//916
f 1505//929 1506//930 1484//916
f 1507//931 1486//918 1485//917
f 1506//930 1507//931 1485//917
f 1508//932 1487//919 1486//918
f 1507//931 1508//932 1486//918
f 1509//933 1488//920 1487//919
f 1508//932 1509//933 1487//919
f 1510//934 1489//921 1488//920
f 1509//933 1510//934 1488//920
f 1511//935 1490//922 1489//921
f 1510//934 1511//935 1489//921
f 1512//936 1491//923 1490//922
f 1511//935 1512//936 1490//922
f 1513//937 1492//924 1491//923
f 1512//936 1513//937 1491//923
f 1523//938 1502//925 1501//926
f 1522//939 1523//938 1501//926
f 1524//940 1503//927 1502//925
f 1523//938 1524//940 1502//925
f 1525//941 1504//928 1503//927
f 1524//940 1525//941 1503//927
f 1526//942 1505//929 1504//928
f 1525//941 1526//942 1504//928
f 1527//943 1506//930 1505//929
f 1526//942 1527//943 1505//929
f 1528//944 1507//931 1506//930
f 1527//943 1528//944 1506//930
f 1529//945 1508//932 1507//931
f 1528//944 1529//945 1507//931
f 1530//946 1509//933 1508//932
f 1529//945 1530//946 1508//932
f 1531//947 1510//934 1509//933
f 1530//946 1531//947 1509//933
f 1532//948 1511//935 1510//934
f 1531//947 1532//948 1510//934
f 1533//949 1512//936 1511//935
f 1532//948 1533//949 1511//935
f 1534//950 1513//937 1512//936
f 1533//949 1534//950 1512//936
f 1544//951 1523//938 1522//939
f 1543//952 1544//951 1522//939
f 1545//953 1524//940 1523//938
f 1544//951 1545//953 1523//938
f 1546//954 1525//941 1524//940
f 1545//953 1546//954 1524//940
f 1547//955 1526//942 1525//941
f 1546//954 1547//955 1525//941
f 1548//956 1527//943 1526//942
f 1547//955 1548//956 1526//942
f 1549//957 1528//944 1527//943
f 1548//956 1549//957 1527//943
f 1550//958 1529//945 1528//944
f 1549//957 1550//958 1528//944
f 1551//959 1530//946 1529//945
f 1550//958 1551//959 1529//945
f 1552//960 1531//947 1530//946
f 1551//959 1552//960 1530//946
f 1553//961 1532//948 1531//947
f 1552//960 1553//961 1531//947
f 1554//962 1533//949 1532//948
f 1553//961 1554//962 1532//948
f 1555//963 1534//950 1533//949
f 1554//962 1555//963 1533//949
f 1565//964 1544//951 1543//952
f 1564//965 1565//964 1543//952
f 1566//966 1545//953 1544//951
f 1565//964 1566//966 1544//951
f 1567//967 1546//954 1545//953
f 1566//966 1567//967 1545//953
f 1568//968 1547//955 1546//954
f 1567//967 1568//968 1546//954
f 1569//969 1548//956 1547//955
f 1568//968 1569//969 1547//955
f 1570//970 1549//957 1548//956
f 1569//969 1570//970 1548//956
f 1571//971 1550//958 1549//957
f 1570//970 1571//971 1549//957
f 1572//972 1551//959 1550//958
f 1571//971 1572//972 1550//958
f 1573//973 1552//960 1551//959
f 1572//972 1573//973 1551//959
f 1574//974 1553//961 1552//960
f 1573//973 1574//974 1552//960
f 1575//975 1554//962 1553//961
f 1574//974 1575//975 1553//961
f 1576//976 1555//963 1554//962
f 1575//975 1576//976 1554//962
f 1586//977 1565//964 1564//965
f 1585//978 1586//977 1564//965
f 1587//979 1566//966 1565//964
f 1586//977 1587//979 1565//964
f 1588//980 1567//967 1566//966
f 1587//979 1588//980 1566//966
f 1589//981 1568//968 1567//967
f 1588//980 1589//981 1567//967
f 1590//982 1569//969 1568//968
f 1589//981 1590//982 1568//968
f 1591//983 1570//970 1569//969
f 1590//982 1591//983 1569//969
f 1592//984 1571//971 1570//970
f 1591//983 1592//984 1570//970
f 1593//985 1572//972 1571//971
f 1592//984 1593//985 1571//971
f 1594//986 1573//973 1572//972
f 1593//985 1594//986 1572//972
f 1595//987 1574//974 1573//973
f 1594//986 1595//987 1573//973
f 1596//988 1575//975 1574//974
f 1595//987 1596//988 1574//974
f 1597//989 1576//976 1575//975
f 1596//988 1597//989 1575//975
f 1607//990 1586//977 1585//978
f 1606//991 1607//990 1585//978
f 1608//992 1587//979 1586//977
f 1607//990 1608//992 1586//977
f 1609//993 1588//980 1587//979
f 1608//992 1609//993 1587//979
f 1610//994 1589//981 1588//980
f 1609//993 1610//994 1588//980
f 1611//995 1590//982 1589//981
f 1610//994 1611//995 1589//981
f 1612//996 1591//983 1590//982
f 1611//995 1612//996 1590//982
f 1613//997 1592//984 1591//983
f 1612//996 1613//997 1591//983
f 1614//998 1593//985 1592//984
f 1613//997 1614//998 1592//984
f 1615//999 1594//986 1593//985
f 1614//998 1615//999 1593//985
f 1616//1000 1595//987 1594//986
f 1615//999 1616//1000 1594//986
f 1617//1001 1596//988 1595//987
f 1616//1000 1617//1001 1595//987
f 1618//1002 1597//989 1596//988
f 1617//1001 1618//1002 1596//988
f 1628//1003 1607//990 1606//991
f 1627//1004 1628//1003 1606//991
f 1629//1005 1608//992 1607//990
f 1628//1003 1629//1005 1607//990
f 1630//1006 1609//993 1608//992
f 1629//1005 1630//1006 1608//992
f 1631//1007 1610//994 1609//993
f 1630//1006 1631//1007 1609//993
f 1632//1008 1611//995 1610//994
f 1631//1007 1632//1008 1610//994
f 1633//1009 1612//996 1611//995
f 1632//1008 1633//1009 1611//995
f 1634//1010 1613//997 1612//996
f 1633//1009 1634//1010 1612//996
f 1635//1011 1614//998 1613//997
f 1634//1010 1635//1011 1613//997
f 1636//1012 1615//999 1614//998
f 1635//1011 1636//1012 1614//998
f 1637//1013 1616//1000 1615//999
f 1636//1012 1637//1013 1615//999
f 1638//1014 1617//1001 1616//1000
f 1637//1013 1638//1014 1616//1000
f 1639//1015 1618//1002 1617//1001
f 1638//1014 1639//1015 1617//1001
f 1649//1016 1628//1003 1627//1004
f 1648//1017 1649//1016 1627//1004
f 1650//1018 1629//1005 1628//1003
f 1649//1016 1650//1018 1628//1003
f 1651//1019 1630//1006 1629//1005
f 1650//1018 1651//1019 1629//1005
f 1652//1020 1631//1007 1630//1006
f 1651//1019 1652//1020 1630//1006
f 1653//1021 1632//1008 1631//1007
f 1652//1020 1653//1021 1631//1007
f 1654//1022 1633//1009 1632//1008
f 1653//1021 1654//1022 1632//1008
f 1655//1023 1634//1010 1633//1009
f 1654//1022 1655//1023 1633//1009
f 1656//1024 1635//1011 1634//1010
f 1655//1023 1656//1024 1634//1010
f 1657//1025 1636//1012 1635//1011
f 1656//1024 1657//1025 1635//1011
f 1658//1026 1637//1013 1636//1012
f 1657//1025 1658//1026 1636//1012
f 1659//1027 1638//1014 1637//1013
f 1658//1026 1659//1027 1637//1013
f 1660//1028 1639//1015 1638//1014
f 1659//1027 1660//1028 1638//1014
f 1670//1029 1649//1016 1648//1017
f 1669//1030 1670//1029 1648//1017
f 1671//1031 1650//1018 1649//1016
f 1670//1029 1671//1031 1649//1016
f 1672//1032 1651//1019 1650//1018
f 1671//1031 1672//1032 1650//1018
f 1673//1033 1652//1020 1651//1019
f 1672//1032 1673//1033 1651//1019
f 1674//1034 1653//1021 1652//1020
f 1673//1033 1674//1034 1652//1020
f 1675//1035 1654//1022 1653//1021
f 1674//1034 1675//1035 1653//1021
f 1676//1036 1655//1023 1654//1022
f 1675//1035 1676//1036 1654//1022
f 1677//1037 1656//1024 1655//1023
f 1676//1036 1677//1037 1655//1023
f 1678//1038 1657//1025 1656//1024
f 1677//1037 1678//1038 1656//1024
f 1679//1039 1658//1026 1657//1025
f 1678//1038 1679//1039 1657//1025
f 1680//1040 1659//1027 1658//1026
f 1679//1039 1680//1040 1658//1026
f 1681//1041 1660//1028 1659//1027
f 1680//1040 1681//1041 1659//1027
f 1670//1029 1669//1030 1686//1042
f 1671//1031 1670//1029 1686//1042
f 1672//1032 1671//1031 1686//1042
f 1673//1033 1672//1032 1686//1042
f 1674//1034 1673//1033 1686//1042
f 1675//1035 1674//1034 1686//1042
f 1676//1036 1675//1035 1686//1042
f 1677//1037 1676//1036 1686//1042
f 1678//1038 1677//1037 1686//1042
f 1679//1039 1678//1038 1686//1042
f 1680//1040 1679//1039 1686//1042
f 1681//1041 1680//1040 1686//1042
g HullAbove
usemtl hull_dark
f 1//1043 2//1044 7//1045
f 1//1043 7//1045 6//1046
f 2//1044 3//1047 8//1048
f 2//1044 8//1048 7//1045
f 3//1047 4//1049 9//1050
f 3//1047 9//1050 8//1048
f 4//1049 5//1 10//3
f 4//1049 10//3 9//1050
f 5//1 4//1049 23//1051
f 5//1 23//1051 22//14
f 4//1049 3//1047 24//1052
f 4//1049 24//1052 23//1051
f 3//1047 2//1044 25//1053
f 3//1047 25//1053 24//1052
f 2//1044 1//1043 26//1054
f 2//1044 26//1054 25//1053
f 6//1046 7//1045 28//1055
f 6//1046 28//1055 27//1056
f 7//1045 8//1048 29//1057
f 7//1045 29//1057 28//1055
f 8//1048 9//1050 30//1058
f 8//1048 30//1058 29//1057
f 9//1050 10//3 31//16
f 9//1050 31//16 30//1058
f 22//14 23//1051 44//1059
f 22//14 44//1059 43//27
f 23//1051 24//1052 45//1060
f 23//1051 45//1060 44//1059
f 24//1052 25//1053 46//1061
f 24//1052 46//1061 45//1060
f 25//1053 26//1054 47//1062
f 25//1053 47//1062 46//1061
f 27//1056 28//1055 49//1063
f 27//1056 49//1063 48//1064
f 28//1055 29//1057 50//1065
f 28//1055 50//1065 49//1063
f 29//1057 30//1058 51//1066
f 29//1057 51//1066 50//1065
f 30//1058 31//16 52//29
f 30//1058 52//29 51//1066
f 43//27 44//1059 65//1067
f 43//27 65//1067 64//40
f 44//1059 45//1060 66//1068
f 44//1059 66//1068 65//1067
f 45//1060 46//1061 67//1069
f 45//1060 67//1069 66//1068
f 46//1061 47//1062 68//1070
f 46//1061 68//1070 67//1069
f 48//1064 49//1063 70//1071
f 48//1064 70//1071 69//1072
f 49//1063 50//1065 71//1073
f 49//1063 71//1073 70//1071
f 50//1065 51//1066 72//1074
f 50//1065 72//1074 71//1073
f 51//1066 52//29 73//42
f 51//1066 73//42 72//1074
f 64//40 65//1067 86//1075
f 64//40 86//1075 85//53
f 65//1067 66//1068 87//1076
f 65//1067 87//1076 86//1075
f 66//1068 67//1069 88//1077
f 66//1068 88//1077 87//1076
f 67//1069 68//1070 89//1078
f 67//1069 89//1078 88//1077
f 69//1072 70//1071 91//1079
f 69//1072 91//1079 90//1080
f 70//1071 71//1073 92//1081
f 70//1071 92//1081 91//1079
f 71//1073 72//1074 93//1082
f 71//1073 93//1082 92//1081
f 72//1074 73//42 94//55
f 72//1074 94//55 93//1082
f 85//53 86//1075 107//1083
f 85//53 107//1083 106//66
f 86//1075 87//1076 108//1084
f 86//1075 108//1084 107//1083
f 87//1076 88//1077 109//1085
f 87//1076 109//1085 108//1084
f 88//1077 89//1078 110//1086
f 88//1077 110//1086 109//1085
f 90//1080 91//1079 112//1087
f 90//1080 112//1087 111//1088
f 91//1079 92//1081 113//1089
f 91//1079 113//1089 112//1087
f 92//1081 93//1082 114//1090
f 92//1081 114//1090 113//1089
f 93//1082 94//55 115//68
f 93//1082 115//68 114//1090
f 106//66 107//1083 128//1091
f 106//66 128//1091 127//79
f 107//1083 108//1084 129//1092
f 107//1083 129//1092 128//1091
f 108//1084 109//1085 130//1093
f 108//1084 130//1093 129//1092
f 109//1085 110//1086 131//1094
f 109//1085 131//1094 130//1093
f 111//1088 112//1087 133//1095
f 111//1088 133//1095 132//1096
f 112//1087 113//1089 134//1097
f 112//1087 134//1097 133//1095
f 113//1089 114//1090 135//1098
f 113//1089 135//1098 134//1097
f 114//1090 115//68 136//81
f 114//1090 136//81 135//1098
f 127//79 128//1091 149//1099
f 127//79 149//1099 148//92
f 128//1091 129//1092 150//1100
f 128//1091 150//1100 149//1099
f 129//1092 130//1093 151//1101
f 129//1092 151//1101 150//1100
f 130//1093 131//1094 152//1102
f 130//1093 152//1102 151//1101
f 132//1096 133//1095 154//1103
f 132//1096 154//1103 153//1104
f 133//1095 134//1097 155//1105
f 133//1095 155//1105 154//1103
f 134//1097 135//1098 156//1106
f 134//1097 156//1106 155//1105
f 135//1098 136//81 157//94
f 135//1098 157//94 156//1106
f 148//92 149//1099 170//1107
f 148//92 170//1107 169//105
f 149//1099 150//1100 171//1108
f 149//1099 171//1108 170//1107
f 150//1100 151//1101 172//1109
f 150//1100 172//1109 171//1108
f 151//1101 152//1102 173//1110
f 151//1101 173//1110 172//1109
f 153//1104 154//1103 175//1111
f 174//1112 175//1111 153//1104
f 154//1103 155//1105 176//1113
f 175//1111 176//1113 154//1103
f 155//1105 156//1106 177//1114
f 155//1105 177//1114 176//1113
f 156//1106 157//94 178//107
f 156//1106 178//107 177//1114
f 169//105 170//1107 191//1115
f 169//105 191//1115 190//118
f 170//1107 171//1108 192//1116
f 170//1107 192//1116 191//1115
f 171//1108 172//1109 193//1117
f 171//1108 193//1117 192//1116
f 194//1118 173//1110 172//1109
f 193//1117 194//1118 172//1109
f 196//1119 175//1111 174//1112
f 195//1120 196//1119 174//1112
f 197//1121 176//1113 175//1111
f 196//1119 197//1121 175//1111
f 198//1122 177//1114 176//1113
f 197//1121 198//1122 176//1113
f 177//1114 178//107 199//120
f 177//1114 199//120 198//1122
f 212//1123 191//1115 190//118
f 190//118 212//1123 211//131
f 213//1124 192//1116 191//1115
f 191//1115 213//1124 212//1123
f 214//1125 193//1117 192//1116
f 213//1124 214//1125 192//1116
f 215//1126 194//1118 193//1117
f 214//1125 215//1126 193//1117
f 217//1127 196//1119 195//1120
f 216//1128 217//1127 195//1120
f 218//1129 197//1121 196//1119
f 217//1127 218//1129 196//1119
f 219//1130 198//1122 197//1121
f 218//1129 219//1130 197//1121
f 220//133 199//120 198//1122
f 219//1130 220//133 198//1122
f 233//1131 212//1123 211//131
f 232//144 233//1131 211//131
f 234//1132 213//1124 212//1123
f 233//1131 234//1132 212//1123
f 235//1133 214//1125 213//1124
f 234//1132 235//1133 213//1124
f 236//1134 215//1126 214//1125
f 235//1133 236//1134 214//1125
f 238//1135 217//1127 216//1128
f 237//1136 238//1135 216//1128
f 239//1137 218//1129 217//1127
f 238//1135 239//1137 217//1127
f 240//1138 219//1130 218//1129
f 239//1137 240//1138 218//1129
f 241//146 220//133 219//1130
f 240//1138 241//146 219//1130
f 254//1139 233//1131 232//144
f 253//157 254//1139 232//144
f 255//1140 234//1132 233//1131
f 254//1139 255//1140 233//1131
f 256//1141 235//1133 234//1132
f 255//1140 256//1141 234//1132
f 257//1142 236//1134 235//1133
f 256//1141 257//1142 235//1133
f 259//1143 238//1135 237//1136
f 258//1144 259//1143 237//1136
f 260//1145 239//1137 238//1135
f 259//1143 260//1145 238//1135
f 261//1146 240//1138 239//1137
f 260//1145 261//1146 239//1137
f 262//159 241//146 240//1138
f 261//1146 262//159 240//1138
f 275//1147 254//1139 253//157
f 274//170 275//1147 253//157
f 276//1148 255//1140 254//1139
f 275//1147 276//1148 254//1139
f 277//1149 256//1141 255//1140
f 276//1148 277//1149 255//1140
f 278//1150 257//1142 256//1141
f 277//1149 278//1150 256//1141
f 280//1151 259//1143 258//1144
f 279//1152 280//1151 258//1144
f 281//1153 260//1145 259//1143
f 280//1151 281//1153 259//1143
f 282//1154 261//1146 260//1145
f 281//1153 282//1154 260//1145
f 283//172 262//159 261//1146
f 282//1154 283//172 261//1146
f 296//1155 275//1147 274//170
f 295//183 296//1155 274//170
f 297//1156 276//1148 275//1147
f 296//1155 297//1156 275//1147
f 298//1157 277//1149 276//1148
f 297//1156 298//1157 276//1148
f 299//1158 278//1150 277//1149
f 298//1157 299//1158 277//1149
f 301//1159 280//1151 279//1152
f 300//1160 301//1159 279//1152
f 302//1161 281//1153 280//1151
f 301//1159 302//1161 280//1151
f 303//1162 282//1154 281//1153
f 302//1161 303//1162 281//1153
f 304//185 283//172 282//1154
f 303//1162 304//185 282//1154
f 317//1163 296//1155 295//183
f 316//196 317//1163 295//183
f 318//1164 297//1156 296//1155
f 317//1163 318//1164 296//1155
f 319//1165 298//1157 297//1156
f 318//1164 319//1165 297//1156
f 320//1166 299//1158 298//1157
f 319//1165 320//1166 298//1157
f 322//1167 301//1159 300//1160
f 321//1168 322//1167 300//1160
f 323//1169 302//1161 301//1159
f 322//1167 323//1169 301//1159
f 324//1170 303//1162 302//1161
f 323//1169 324//1170 302//1161
f 325//198 304//185 303//1162
f 324//1170 325//198 303//1162
f 338//1171 317//1163 316//196
f 337//209 338//1171 316//196
f 339//1172 318//1164 317//1163
f 338//1171 339//1172 317//1163
f 340//1173 319//1165 318//1164
f 339//1172 340//1173 318//1164
f 341//1174 320//1166 319//1165
f 340//1173 341//1174 319//1165
f 343//1175 322//1167 321//1168
f 342//1176 343//1175 321//1168
f 344//1177 323//1169 322//1167
f 343//1175 344//1177 322//1167
f 345//1178 324//1170 323//1169
f 344//1177 345//1178 323//1169
f 346//211 325//198 324//1170
f 345//1178 346//211 324//1170
f 359//1179 338//1171 337//209
f 358//222 359//1179 337//209
f 360//1180 339//1172 338//1171
f 359//1179 360//1180 338//1171
f 361//1181 340//1173 339//1172
f 360//1180 361//1181 339//1172
f 362//1182 341//1174 340//1173
f 361//1181 362//1182 340//1173
f 364//1183 343//1175 342//1176
f 363//1184 364//1183 342//1176
f 365//1185 344//1177 343//1175
f 364//1183 365//1185 343//1175
f 366//1186 345//1178 344//1177
f 365//1185 366//1186 344//1177
f 367//224 346//211 345//1178
f 366//1186 367//224 345//1178
f 380//1187 359//1179 358//222
f 379//235 380//1187 358//222
f 381//1188 360//1180 359//1179
f 380//1187 381//1188 359//1179
f 382//1189 361//1181 360//1180
f 381//1188 382//1189 360//1180
f 383//1190 362//1182 361//1181
f 382//1189 383//1190 361//1181
f 385//1191 364//1183 363//1184
f 384//1192 385//1191 363//1184
f 386//1193 365//1185 364//1183
f 385//1191 386//1193 364//1183
f 387//1194 366//1186 365//1185
f 386//1193 387//1194 365//1185
f 388//237 367//224 366//1186
f 387//1194 388//237 366//1186
f 401//1195 380//1187 379//235
f 400//248 401//1195 379//235
f 402//1196 381//1188 380//1187
f 401//1195 402//1196 380//1187
f 403//1197 382//1189 381//1188
f 402//1196 403//1197 381//1188
f 404//1198 383//1190 382//1189
f 403//1197 404//1198 382//1189
f 406//1199 385//1191 384//1192
f 405//1200 406//1199 384//1192
f 407//1201 386//1193 385//1191
f 406//1199 407//1201 385//1191
f 408//1202 387//1194 386//1193
f 407//1201 408//1202 386//1193
f 409//250 388//237 387//1194
f 408//1202 409//250 387//1194
f 422//1203 401//1195 400//248
f 421//261 422//1203 400//248
f 423//1204 402//1196 401//1195
f 422//1203 423//1204 401//1195
f 424//1205 403//1197 402//1196
f 423//1204 424//1205 402//1196
f 425//1206 404//1198 403//1197
f 424//1205 425//1206 403//1197
f 427//1207 406//1199 405//1200
f 426//1208 427//1207 405//1200
f 428//1209 407//1201 406//1199
f 427//1207 428//1209 406//1199
f 429//1210 408//1202 407//1201
f 428//1209 429//1210 407//1201
f 430//263 409//250 408//1202
f 429//1210 430//263 408//1202
f 443//1211 422//1203 421//261
f 442//274 443//1211 421//261
f 444//1212 423//1204 422//1203
f 443//1211 444//1212 422//1203
f 445//1213 424//1205 423//1204
f 444//1212 445//1213 423//1204
f 446//1214 425//1206 424//1205
f 445//1213 446//1214 424//1205
f 448//1215 427//1207 426//1208
f 447//1216 448//1215 426//1208
f 449//1217 428//1209 427//1207
f 448//1215 449//1217 427//1207
f 450//1218 429//1210 428//1209
f 449//1217 450//1218 428//1209
f 451//276 430//263 429//1210
f 450//1218 451//276 429//1210
f 464//1219 443//1211 442//274
f 463//287 464//1219 442//274
f 465//1220 444//1212 443//1211
f 464//1219 465//1220 443//1211
f 466//1221 445//1213 444//1212
f 465//1220 466//1221 444//1212
f 467//1222 446//1214 445//1213
f 466//1221 467//1222 445//1213
f 469//1223 448//1215 447//1216
f 468//1224 469//1223 447//1216
f 470//1225 449//1217 448//1215
f 469//1223 470//1225 448//1215
f 471//1226 450//1218 449//1217
f 470//1225 471//1226 449//1217
f 472//289 451//276 450//1218
f 471//1226 472//289 450//1218
f 485//1227 464//1219 463//287
f 484//300 485//1227 463//287
f 486//1228 465//1220 464//1219
f 485//1227 486//1228 464//1219
f 487//1229 466//1221 465//1220
f 486//1228 487//1229 465//1220
f 488//1230 467//1222 466//1221
f 487//1229 488//1230 466//1221
f 490//1231 469//1223 468//1224
f 489//1232 490//1231 468//1224
f 491//1233 470//1225 469//1223
f 490//1231 491//1233 469//1223
f 492//1234 471//1226 470//1225
f 491//1233 492//1234 470//1225
f 493//302 472//289 471//1226
f 492//1234 493//302 471//1226
f 506//1235 485//1227 484//300
f 505//313 506//1235 484//300
f 507//1236 486//1228 485//1227
f 506//1235 507//1236 485//1227
f 508//1237 487//1229 486//1228
f 507//1236 508//1237 486//1228
f 509//1238 488//1230 487//1229
f 508//1237 509//1238 487//1229
f 511//1239 490//1231 489//1232
f 510//1240 511//1239 489//1232
f 512//1241 491//1233 490//1231
f 511//1239 512//1241 490//1231
f 513//1242 492//1234 491//1233
f 512//1241 513//1242 491//1233
f 514//315 493//302 492//1234
f 513//1242 514//315 492//1234
f 527//1243 506//1235 505//313
f 526//326 527//1243 505//313
f 528//1244 507//1236 506//1235
f 527//1243 528//1244 506//1235
f 529//1245 508//1237 507//1236
f 528//1244 529//1245 507//1236
f 530//1246 509//1238 508//1237
f 529//1245 530//1246 508//1237
f 532//1247 511//1239 510//1240
f 531//1248 532//1247 510//1240
f 533//1249 512//1241 511//1239
f 532//1247 533//1249 511//1239
f 534//1250 513//1242 512//1241
f 533//1249 534//1250 512//1241
f 535//328 514//315 513//1242
f 534//1250 535//328 513//1242
f 548//1251 527//1243 526//326
f 547//339 548//1251 526//326
f 549//1252 528//1244 527//1243
f 548//1251 549//1252 527//1243
f 550//1253 529//1245 528//1244
f 549//1252 550//1253 528//1244
f 551//1254 530//1246 529//1245
f 550//1253 551//1254 529//1245
f 553//1255 532//1247 531//1248
f 552//1256 553//1255 531//1248
f 554//1257 533//1249 532//1247
f 553//1255 554//1257 532//1247
f 555//1258 534//1250 533//1249
f 554//1257 555//1258 533//1249
f 556//341 535//328 534//1250
f 555//1258 556//341 534//1250
f 569//1259 548//1251 547//339
f 568//352 569//1259 547//339
f 570//1260 549//1252 548//1251
f 569//1259 570//1260 548//1251
f 571//1261 550//1253 549//1252
f 570//1260 571//1261 549//1252
f 572//1262 551//1254 550//1253
f 571//1261 572//1262 550//1253
f 574//1263 553//1255 552//1256
f 573//1264 574//1263 552//1256
f 575//1265 554//1257 553//1255
f 574//1263 575//1265 553//1255
f 576//1266 555//1258 554//1257
f 575//1265 576//1266 554//1257
f 577//354 556//341 555//1258
f 576//1266 577//354 555//1258
f 590//1267 569//1259 568//352
f 589//365 590//1267 568//352
f 591//1268 570//1260 569//1259
f 590//1267 591//1268 569//1259
f 592//1269 571//1261 570//1260
f 591//1268 592//1269 570//1260
f 593//1270 572//1262 571//1261
f 592//1269 593//1270 571//1261
f 595//1271 574//1263 573//1264
f 594//1272 595//1271 573//1264
f 596//1273 575//1265 574//1263
f 595//1271 596//1273 574//1263
f 597//1274 576//1266 575//1265
f 596//1273 597//1274 575//1265
f 598//367 577//354 576//1266
f 597//1274 598//367 576//1266
f 611//1275 590//1267 589//365
f 610//378 611//1275 589//365
f 612//1276 591//1268 590//1267
f 611//1275 612//1276 590//1267
f 613//1277 592//1269 591//1268
f 612//1276 613//1277 591//1268
f 614//1278 593//1270 592//1269
f 613//1277 614//1278 592//1269
f 616//1279 595//1271 594//1272
f 615//1280 616//1279 594//1272
f 617//1281 596//1273 595//1271
f 616//1279 617//1281 595//1271
f 618//1282 597//1274 596//1273
f 617//1281 618//1282 596//1273
f 619//380 598//367 597//1274
f 618//1282 619//380 597//1274
f 632//1283 611//1275 610//378
f 631//391 632//1283 610//378
f 633//1284 612//1276 611//1275
f 632//1283 633//1284 611//1275
f 634//1285 613//1277 612//1276
f 633//1284 634//1285 612//1276
f 635//1286 614//1278 613//1277
f 634//1285 635//1286 613//1277
f 637//1287 616//1279 615//1280
f 636//1288 637//1287 615//1280
f 638//1289 617//1281 616//1279
f 637//1287 638//1289 616//1279
f 639//1290 618//1282 617//1281
f 638//1289 639//1290 617//1281
f 640//393 619//380 618//1282
f 639//1290 640//393 618//1282
f 653//1291 632//1283 631//391
f 652//404 653//1291 631//391
f 654//1292 633//1284 632//1283
f 653//1291 654//1292 632//1283
f 655//1293 634//1285 633//1284
f 654//1292 655//1293 633//1284
f 656//1294 635//1286 634//1285
f 655//1293 656//1294 634//1285
f 658//1295 637//1287 636//1288
f 657//1296 658//1295 636//1288
f 659//1297 638//1289 637//1287
f 658//1295 659//1297 637//1287
f 660//1298 639//1290 638//1289
f 659//1297 660//1298 638//1289
f 661//406 640//393 639//1290
f 660//1298 661//406 639//1290
f 674//1299 653//1291 652//404
f 673//417 674//1299 652//404
f 675//1300 654//1292 653//1291
f 674//1299 675//1300 653//1291
f 676//1301 655//1293 654//1292
f 675//1300 676//1301 654//1292
f 677//1302 656//1294 655//1293
f 676//1301 677//1302 655//1293
f 679//1303 658//1295 657//1296
f 678//1304 679//1303 657//1296
f 680//1305 659//1297 658//1295
f 679//1303 680//1305 658//1295
f 681//1306 660//1298 659//1297
f 680//1305 681//1306 659//1297
f 682//419 661//406 660//1298
f 681//1306 682//419 660//1298
f 695//1307 674//1299 673//417
f 694//430 695//1307 673//417
f 696//1308 675//1300 674//1299
f 695//1307 696//1308 674//1299
f 697//1309 676//1301 675//1300
f 696//1308 697//1309 675//1300
f 698//1310 677//1302 676//1301
f 697//1309 698//1310 676//1301
f 700//1311 679//1303 678//1304
f 699//1312 700//1311 678//1304
f 701//1313 680//1305 679//1303
f 700//1311 701//1313 679//1303
f 702//1314 681//1306 680//1305
f 701//1313 702//1314 680//1305
f 703//432 682//419 681//1306
f 702//1314 703//432 681//1306
f 716//1315 695//1307 694//430
f 715//443 716//1315 694//430
f 717//1316 696//1308 695//1307
f 716//1315 717//1316 695//1307
f 718//1317 697//1309 696//1308
f 717//1316 718//1317 696//1308
f 719//1318 698//1310 697//1309
f 718//1317 719//1318 697//1309
f 721//1319 700//1311 699//1312
f 720//1320 721//1319 699//1312
f 722//1321 701//1313 700//1311
f 721//1319 722//1321 700//1311
f 723//1322 702//1314 701//1313
f 722//1321 723//1322 701//1313
f 724//445 703//432 702//1314
f 723//1322 724//445 702//1314
f 737//1323 716//1315 715//443
f 736//456 737//1323 715//443
f 738//1324 717//1316 716//1315
f 737//1323 738//1324 716//1315
f 739//1325 718//1317 717//1316
f 738//1324 739//1325 717//1316
f 740//1326 719//1318 718//1317
f 739//1325 740//1326 718//1317
f 742//1327 721//1319 720//1320
f 741//1328 742//1327 720//1320
f 743//1329 722//1321 721//1319
f 742//1327 743//1329 721//1319
f 744//1330 723//1322 722//1321
f 743//1329 744//1330 722//1321
f 745//458 724//445 723//1322
f 744//1330 745//458 723//1322
f 758//1331 737//1323 736//456
f 757//469 758//1331 736//456
f 759//1332 738//1324 737//1323
f 758//1331 759//1332 737//1323
f 760//1333 739//1325 738//1324
f 759//1332 760//1333 738//1324
f 761//1334 740//1326 739//1325
f 760//1333 761//1334 739//1325
f 763//1335 742//1327 741//1328
f 762//1336 763//1335 741//1328
f 764//1337 743//1329 742//1327
f 763//1335 764//1337 742//1327
f 765//1338 744//1330 743//1329
f 764//1337 765//1338 743//1329
f 766//471 745//458 744//1330
f 765//1338 766//471 744//1330
f 779//1339 758//1331 757//469
f 778//482 779//1339 757//469
f 780//1340 759//1332 758//1331
f 779//1339 780//1340 758//1331
f 781//1341 760//1333 759//1332
f 780//1340 781//1341 759//1332
f 782//1342 761//1334 760//1333
f 781//1341 782//1342 760//1333
f 784//1343 763//1335 762//1336
f 783//1344 784//1343 762//1336
f 785//1345 764//1337 763//1335
f 784//1343 785//1345 763//1335
f 786//1346 765//1338 764//1337
f 785//1345 786//1346 764//1337
f 787//484 766//471 765//1338
f 786//1346 787//484 765//1338
f 800//1347 779//1339 778//482
f 799//495 800//1347 778//482
f 801//1348 780//1340 779//1339
f 800//1347 801//1348 779//1339
f 802//1349 781//1341 780//1340
f 801//1348 802//1349 780//1340
f 803//1350 782//1342 781//1341
f 802//1349 803//1350 781//1341
f 805//1351 784//1343 783//1344
f 804//1352 805//1351 783//1344
f 806//1353 785//1345 784//1343
f 805//1351 806//1353 784//1343
f 807//1354 786//1346 785//1345
f 806//1353 807//1354 785//1345
f 808//497 787//484 786//1346
f 807//1354 808//497 786//1346
f 821//1355 800//1347 799//495
f 820//508 821//1355 799//495
f 822//1356 801//1348 800//1347
f 821//1355 822//1356 800//1347
f 823//1357 802//1349 801//1348
f 822//1356 823//1357 801//1348
f 824//1358 803//1350 802//1349
f 823//1357 824//1358 802//1349
f 826//1359 805//1351 804//1352
f 825//1360 826//1359 804//1352
f 827//1361 806//1353 805//1351
f 826//1359 827//1361 805//1351
f 828//1362 807//1354 806//1353
f 827//1361 828//1362 806//1353
f 829//510 808//497 807//1354
f 828//1362 829//510 807//1354
f 842//1363 821//1355 820//508
f 841//521 842//1363 820//508
f 843//1364 822//1356 821//1355
f 842//1363 843//1364 821//1355
f 844//1365 823//1357 822//1356
f 843//1364 844//1365 822//1356
f 845//1366 824//1358 823//1357
f 844//1365 845//1366 823//1357
f 847//1367 826//1359 825//1360
f 846//1368 847//1367 825//1360
f 848//1369 827//1361 826//1359
f 847//1367 848//1369 826//1359
f 849//1370 828//1362 827//1361
f 848//1369 849//1370 827//1361
f 850//523 829//510 828//1362
f 849//1370 850//523 828//1362
f 863//1371 842//1363 841//521
f 862//534 863//1371 841//521
f 864//1372 843//1364 842//1363
f 863//1371 864//1372 842//1363
f 865//1373 844//1365 843//1364
f 864//1372 865//1373 843//1364
f 866//1374 845//1366 844//1365
f 865//1373 866//1374 844//1365
f 868//1375 847//1367 846//1368
f 867//1376 868//1375 846//1368
f 869//1377 848//1369 847//1367
f 868//1375 869//1377 847//1367
f 870//1378 849//1370 848//1369
f 869//1377 870//1378 848//1369
f 871//536 850//523 849//1370
f 870//1378 871//536 849//1370
f 884//1379 863//1371 862//534
f 883//547 884//1379 862//534
f 885//1380 864//1372 863//1371
f 884//1379 885//1380 863//1371
f 886//1381 865//1373 864//1372
f 885//1380 886//1381 864//1372
f 887//1382 866//1374 865//1373
f 886//1381 887//1382 865//1373
f 889//1383 868//1375 867//1376
f 888//1384 889//1383 867//1376
f 890//1385 869//1377 868//1375
f 889//1383 890//1385 868//1375
f 891//1386 870//1378 869//1377
f 890//1385 891//1386 869//1377
f 892//549 871//536 870//1378
f 891//1386 892//549 870//1378
f 905//1387 884//1379 883//547
f 904//560 905//1387 883//547
f 906//1388 885//1380 884//1379
f 905//1387 906//1388 884//1379
f 907//1389 886//1381 885//1380
f 906//1388 907//1389 885//1380
f 908//1390 887//1382 886//1381
f 907//1389 908//1390 886//1381
f 910//1391 889//1383 888//1384
f 909//1392 910//1391 888//1384
f 911//1393 890//1385 889//1383
f 910//1391 911//1393 889//1383
f 912//1394 891//1386 890//1385
f 911//1393 912//1394 890//1385
f 913//562 892//549 891//1386
f 912//1394 913//562 891//1386
f 926//1395 905//1387 904//560
f 925//573 926//1395 904//560
f 927//1396 906//1388 905//1387
f 926//1395 927//1396 905//1387
f 928//1397 907//1389 906//1388
f 927//1396 928//1397 906//1388
f 929//1398 908//1390 907//1389
f 928//1397 929//1398 907//1389
f 931//1399 910//1391 909//1392
f 930//1400 931//1399 909//1392
f 932//1401 911//1393 910//1391
f 931//1399 932//1401 910//1391
f 933//1402 912//1394 911//1393
f 932//1401 933//1402 911//1393
f 934//575 913//562 912//1394
f 933//1402 934//575 912//1394
f 947//1403 926//1395 925//573
f 946//586 947//1403 925//573
f 948//1404 927//1396 926//1395
f 947//1403 948//1404 926//1395
f 949//1405 928//1397 927//1396
f 948//1404 949//1405 927//1396
f 950//1406 929//1398 928//1397
f 949//1405 950//1406 928//1397
f 952//1407 931//1399 930//1400
f 951//1408 952//1407 930//1400
f 953//1409 932//1401 931//1399
f 952//1407 953//1409 931//1399
f 954//1410 933//1402 932//1401
f 953//1409 954//1410 932//1401
f 955//588 934//575 933//1402
f 954//1410 955//588 933//1402
f 968//1411 947//1403 946//586
f 967//599 968//1411 946//586
f 969//1412 948//1404 947//1403
f 968//1411 969//1412 947//1403
f 970//1413 949//1405 948//1404
f 969//1412 970//1413 948//1404
f 971//1414 950//1406 949//1405
f 970//1413 971//1414 949//1405
f 973//1415 952//1407 951//1408
f 972//1416 973//1415 951//1408
f 974//1417 953//1409 952//1407
f 973//1415 974//1417 952//1407
f 975//1418 954//1410 953//1409
f 974//1417 975//1418 953//1409
f 976//601 955//588 954//1410
f 975//1418 976//601 954//1410
f 989//1419 968//1411 967//599
f 988//612 989//1419 967//599
f 990//1420 969//1412 968//1411
f 989//1419 990//1420 968//1411
f 991//1421 970//1413 969//1412
f 990//1420 991//1421 969//1412
f 992//1422 971//1414 970//1413
f 991//1421 992//1422 970//1413
f 994//1423 973//1415 972//1416
f 993//1424 994//1423 972//1416
f 995//1425 974//1417 973//1415
f 994//1423 995//1425 973//1415
f 996//1426 975//1418 974//1417
f 995//1425 996//1426 974//1417
f 997//614 976//601 975//1418
f 996//1426 997//614 975//1418
f 1010//1427 989//1419 988//612
f 1009//625 1010//1427 988//612
f 1011//1428 990//1420 989//1419
f 1010//1427 1011//1428 989//1419
f 1012//1429 991//1421 990//1420
f 1011//1428 1012//1429 990//1420
f 1013//1430 992//1422 991//1421
f 1012//1429 1013//1430 991//1421
f 1015//1431 994//1423 993//1424
f 1014//1432 1015//1431 993//1424
f 1016//1433 995//1425 994//1423
f 1015//1431 1016//1433 994//1423
f 1017//1434 996//1426 995//1425
f 1016//1433 1017//1434 995//1425
f 1018//627 997//614 996//1426
f 1017//1434 1018//627 996//1426
f 1031//1435 1010//1427 1009//625
f 1030//638 1031//1435 1009//625
f 1032//1436 1011//1428 1010//1427
f 1031//1435 1032//1436 1010//1427
f 1033//1437 1012//1429 1011//1428
f 1032//1436 1033//1437 1011//1428
f 1034//1438 1013//1430 1012//1429
f 1033//1437 1034//1438 1012//1429
f 1036//1439 1015//1431 1014//1432
f 1035//1440 1036//1439 1014//1432
f 1037//1441 1016//1433 1015//1431
f 1036//1439 1037//1441 1015//1431
f 1038//1442 1017//1434 1016//1433
f 1037//1441 1038//1442 1016//1433
f 1039//640 1018//627 1017//1434
f 1038//1442 1039//640 1017//1434
f 1052//1443 1031//1435 1030//638
f 1051//651 1052//1443 1030//638
f 1053//1444 1032//1436 1031//1435
f 1052//1443 1053//1444 1031//1435
f 1054//1445 1033//1437 1032//1436
f 1053//1444 1054//1445 1032//1436
f 1055//1446 1034//1438 1033//1437
f 1054//1445 1055//1446 1033//1437
f 1057//1447 1036//1439 1035//1440
f 1056//1448 1057//1447 1035//1440
f 1058//1449 1037//1441 1036//1439
f 1057//1447 1058//1449 1036//1439
f 1059//1450 1038//1442 1037//1441
f 1058//1449 1059//1450 1037//1441
f 1060//653 1039//640 1038//1442
f 1059//1450 1060//653 1038//1442
f 1073//1451 1052//1443 1051//651
f 1072//664 1073//1451 1051//651
f 1074//1452 1053//1444 1052//1443
f 1073//1451 1074//1452 1052//1443
f 1075//1453 1054//1445 1053//1444
f 1074//1452 1075//1453 1053//1444
f 1076//1454 1055//1446 1054//1445
f 1075//1453 1076//1454 1054//1445
f 1078//1455 1057//1447 1056//1448
f 1077//1456 1078//1455 1056//1448
f 1079//1457 1058//1449 1057//1447
f 1078//1455 1079//1457 1057//1447
f 1080//1458 1059//1450 1058//1449
f 1079//1457 1080//1458 1058//1449
f 1081//666 1060//653 1059//1450
f 1080//1458 1081//666 1059//1450
f 1094//1459 1073//1451 1072//664
f 1093//677 1094//1459 1072//664
f 1095//1460 1074//1452 1073//1451
f 1094//1459 1095//1460 1073//1451
f 1096//1461 1075//1453 1074//1452
f 1095//1460 1096//1461 1074//1452
f 1097//1462 1076//1454 1075//1453
f 1096//1461 1097//1462 1075//1453
f 1099//1463 1078//1455 1077//1456
f 1098//1464 1099//1463 1077//1456
f 1100//1465 1079//1457 1078//1455
f 1099//1463 1100//1465 1078//1455
f 1101//1466 1080//1458 1079//1457
f 1100//1465 1101//1466 1079//1457
f 1102//679 1081//666 1080//1458
f 1101//1466 1102//679 1080//1458
f 1115//1467 1094//1459 1093//677
f 1114//690 1115//1467 1093//677
f 1116//1468 1095//1460 1094//1459
f 1115//1467 1116//1468 1094//1459
f 1117//1469 1096//1461 1095//1460
f 1116//1468 1117//1469 1095//1460
f 1118//1470 1097//1462 1096//1461
f 1117//1469 1118//1470 1096//1461
f 1120//1471 1099//1463 1098//1464
f 1119//1472 1120//1471 1098//1464
f 1121//1473 1100//1465 1099//1463
f 1120//1471 1121//1473 1099//1463
f 1122//1474 1101//1466 1100//1465
f 1121//1473 1122//1474 1100//1465
f 1123//692 1102//679 1101//1466
f 1122//1474 1123//692 1101//1466
f 1136//1475 1115//1467 1114//690
f 1135//703 1136//1475 1114//690
f 1137//1476 1116//1468 1115//1467
f 1136//1475 1137//1476 1115//1467
f 1138//1477 1117//1469 1116//1468
f 1137//1476 1138//1477 1116//1468
f 1139//1478 1118//1470 1117//1469
f 1138//1477 1139//1478 1117//1469
f 1141//1479 1120//1471 1119//1472
f 1140//1480 1141//1479 1119//1472
f 1142//1481 1121//1473 1120//1471
f 1141//1479 1142//1481 1120//1471
f 1143//1482 1122//1474 1121//1473
f 1142//1481 1143//1482 1121//1473
f 1144//705 1123//692 1122//1474
f 1143//1482 1144//705 1122//1474
f 1157//1483 1136//1475 1135//703
f 1156//716 1157//1483 1135//703
f 1158//1484 1137//1476 1136//1475
f 1157//1483 1158//1484 1136//1475
f 1159//1485 1138//1477 1137//1476
f 1158//1484 1159//1485 1137//1476
f 1160//1486 1139//1478 1138//1477
f 1159//1485 1160//1486 1138//1477
f 1162//1487 1141//1479 1140//1480
f 1161//1488 1162//1487 1140//1480
f 1163//1489 1142//1481 1141//1479
f 1162//1487 1163//1489 1141//1479
f 1164//1490 1143//1482 1142//1481
f 1163//1489 1164//1490 1142//1481
f 1165//718 1144//705 1143//1482
f 1164//1490 1165//718 1143//1482
f 1178//1491 1157//1483 1156//716
f 1177//729 1178//1491 1156//716
f 1179//1492 1158//1484 1157//1483
f 1178//1491 1179//1492 1157//1483
f 1180//1493 1159//1485 1158//1484
f 1179//1492 1180//1493 1158//1484
f 1181//1494 1160//1486 1159//1485
f 1180//1493 1181//1494 1159//1485
f 1183//1495 1162//1487 1161//1488
f 1182//1496 1183//1495 1161//1488
f 1184//1497 1163//1489 1162//1487
f 1183//1495 1184//1497 1162//1487
f 1185//1498 1164//1490 1163//1489
f 1184//1497 1185//1498 1163//1489
f 1186//731 1165//718 1164//1490
f 1185//1498 1186//731 1164//1490
f 1199//1499 1178//1491 1177//729
f 1198//742 1199//1499 1177//729
f 1200//1500 1179//1492 1178//1491
f 1199//1499 1200//1500 1178//1491
f 1201//1501 1180//1493 1179//1492
f 1200//1500 1201//1501 1179//1492
f 1202//1502 1181//1494 1180//1493
f 1201//1501 1202//1502 1180//1493
f 1204//1503 1183//1495 1182//1496
f 1203//1504 1204//1503 1182//1496
f 1205//1505 1184//1497 1183//1495
f 1204//1503 1205//1505 1183//1495
f 1206//1506 1185//1498 1184//1497
f 1205//1505 1206//1506 1184//1497
f 1207//744 1186//731 1185//1498
f 1206//1506 1207//744 1185//1498
f 1220//1507 1199//1499 1198//742
f 1219//755 1220//1507 1198//742
f 1221//1508 1200//1500 1199//1499
f 1220//1507 1221//1508 1199//1499
f 1222//1509 1201//1501 1200//1500
f 1221//1508 1222//1509 1200//1500
f 1223//1510 1202//1502 1201//1501
f 1222//1509 1223//1510 1201//1501
f 1225//1511 1204//1503 1203//1504
f 1224//1512 1225//1511 1203//1504
f 1226//1513 1205//1505 1204//1503
f 1225//1511 1226//1513 1204//1503
f 1227//1514 1206//1506 1205//1505
f 1226//1513 1227//1514 1205//1505
f 1228//757 1207//744 1206//1506
f 1227//1514 1228//757 1206//1506
f 1241//1515 1220//1507 1219//755
f 1240//768 1241//1515 1219//755
f 1242//1516 1221//1508 1220//1507
f 1241//1515 1242//1516 1220//1507
f 1243//1517 1222//1509 1221//1508
f 1242//1516 1243//1517 1221//1508
f 1244//1518 1223//1510 1222//1509
f 1243//1517 1244//1518 1222//1509
f 1246//1519 1225//1511 1224//1512
f 1245//1520 1246//1519 1224//1512
f 1247//1521 1226//1513 1225//1511
f 1246//1519 1247//1521 1225//1511
f 1248//1522 1227//1514 1226//1513
f 1247//1521 1248//1522 1226//1513
f 1249//770 1228//757 1227//1514
f 1248//1522 1249//770 1227//1514
f 1262//1523 1241//1515 1240//768
f 1261//781 1262//1523 1240//768
f 1263//1524 1242//1516 1241//1515
f 1262//1523 1263//1524 1241//1515
f 1264//1525 1243//1517 1242//1516
f 1263//1524 1264//1525 1242//1516
f 1265//1526 1244//1518 1243//1517
f 1264//1525 1265//1526 1243//1517
f 1267//1527 1246//1519 1245//1520
f 1266//1528 1267//1527 1245//1520
f 1268//1529 1247//1521 1246//1519
f 1267//1527 1268//1529 1246//1519
f 1269//1530 1248//1522 1247//1521
f 1268//1529 1269//1530 1247//1521
f 1270//783 1249//770 1248//1522
f 1269//1530 1270//783 1248//1522
f 1283//1531 1262//1523 1261//781
f 1282//794 1283//1531 1261//781
f 1284//1532 1263//1524 1262//1523
f 1283//1531 1284//1532 1262//1523
f 1285//1533 1264//1525 1263//1524
f 1284//1532 1285//1533 1263//1524
f 1286//1534 1265//1526 1264//1525
f 1285//1533 1286//1534 1264//1525
f 1288//1535 1267//1527 1266//1528
f 1287//1536 1288//1535 1266//1528
f 1289//1537 1268//1529 1267//1527
f 1288//1535 1289//1537 1267//1527
f 1290//1538 1269//1530 1268//1529
f 1289//1537 1290//1538 1268//1529
f 1291//796 1270//783 1269//1530
f 1290//1538 1291//796 1269//1530
f 1304//1539 1283//1531 1282//794
f 1303//807 1304//1539 1282//794
f 1305//1540 1284//1532 1283//1531
f 1304//1539 1305//1540 1283//1531
f 1306//1541 1285//1533 1284//1532
f 1305//1540 1306//1541 1284//1532
f 1307//1542 1286//1534 1285//1533
f 1306//1541 1307//1542 1285//1533
f 1309//1543 1288//1535 1287//1536
f 1308//1544 1309//1543 1287//1536
f 1310//1545 1289//1537 1288//1535
f 1309//1543 1310//1545 1288//1535
f 1311//1546 1290//1538 1289//1537
f 1310//1545 1311//1546 1289//1537
f 1312//809 1291//796 1290//1538
f 1311//1546 1312//809 1290//1538
f 1325//1547 1304//1539 1303//807
f 1324//820 1325//1547 1303//807
f 1326//1548 1305//1540 1304//1539
f 1325//1547 1326//1548 1304//1539
f 1327//1549 1306//1541 1305//1540
f 1326//1548 1327//1549 1305//1540
f 1328//1550 1307//1542 1306//1541
f 1327//1549 1328//1550 1306//1541
f 1330//1551 1309//1543 1308//1544
f 1329//1552 1330//1551 1308//1544
f 1331//1553 1310//1545 1309//1543
f 1330//1551 1331//1553 1309//1543
f 1332//1554 1311//1546 1310//1545
f 1331//1553 1332//1554 1310//1545
f 1333//822 1312//809 1311//1546
f 1332//1554 1333//822 1311//1546
f 1346//1555 1325//1547 1324//820
f 1345//833 1346//1555 1324//820
f 1347//1556 1326//1548 1325//1547
f 1346//1555 1347//1556 1325//1547
f 1348//1557 1327//1549 1326//1548
f 1347//1556 1348//1557 1326//1548
f 1349//1558 1328//1550 1327//1549
f 1348//1557 1349//1558 1327//1549
f 1351//1559 1330//1551 1329//1552
f 1350//1560 1351//1559 1329//1552
f 1352//1561 1331//1553 1330//1551
f 1351//1559 1352//1561 1330//1551
f 1353//1562 1332//1554 1331//1553
f 1352//1561 1353//1562 1331//1553
f 1354//835 1333//822 1332//1554
f 1353//1562 1354//835 1332//1554
f 1367//1563 1346//1555 1345//833
f 1366//846 1367//1563 1345//833
f 1368//1564 1347//1556 1346//1555
f 1367//1563 1368//1564 1346//1555
f 1369//1565 1348//1557 1347//1556
f 1368//1564 1369//1565 1347//1556
f 1370//1566 1349//1558 1348//1557
f 1369//1565 1370//1566 1348//1557
f 1372//1567 1351//1559 1350//1560
f 1371//1568 1372//1567 1350//1560
f 1373//1569 1352//1561 1351//1559
f 1372//1567 1373//1569 1351//1559
f 1374//1570 1353//1562 1352//1561
f 1373//1569 1374//1570 1352//1561
f 1375//848 1354//835 1353//1562
f 1374//1570 1375//848 1353//1562
f 1388//1571 1367//1563 1366//846
f 1387//859 1388//1571 1366//846
f 1389//1572 1368//1564 1367//1563
f 1388//1571 1389//1572 1367//1563
f 1390//1573 1369//1565 1368//1564
f 1389//1572 1390//1573 1368//1564
f 1391//1574 1370//1566 1369//1565
f 1390//1573 1391//1574 1369//1565
f 1393//1575 1372//1567 1371//1568
f 1392//1576 1393//1575 1371//1568
f 1394//1577 1373//1569 1372//1567
f 1393//1575 1394//1577 1372//1567
f 1395//1578 1374//1570 1373//1569
f 1394//1577 1395//1578 1373//1569
f 1396//861 1375//848 1374//1570
f 1395//1578 1396//861 1374//1570
f 1409//1579 1388//1571 1387//859
f 1408//872 1409//1579 1387//859
f 1410//1580 1389//1572 1388//1571
f 1409//1579 1410//1580 1388//1571
f 1411//1581 1390//1573 1389//1572
f 1410//1580 1411//1581 1389//1572
f 1412//1582 1391//1574 1390//1573
f 1411//1581 1412//1582 1390//1573
f 1414//1583 1393//1575 1392//1576
f 1413//1584 1414//1583 1392//1576
f 1415//1585 1394//1577 1393//1575
f 1414//1583 1415//1585 1393//1575
f 1416//1586 1395//1578 1394//1577
f 1415//1585 1416//1586 1394//1577
f 1417//874 1396//861 1395//1578
f 1416//1586 1417//874 1395//1578
f 1430//1587 1409//1579 1408//872
f 1429//885 1430//1587 1408//872
f 1431//1588 1410//1580 1409//1579
f 1430//1587 1431//1588 1409//1579
f 1432//1589 1411//1581 1410//1580
f 1431//1588 1432//1589 1410//1580
f 1433//1590 1412//1582 1411//1581
f 1432//1589 1433//1590 1411//1581
f 1435//1591 1414//1583 1413//1584
f 1434//1592 1435//1591 1413//1584
f 1436//1593 1415//1585 1414//1583
f 1435//1591 1436//1593 1414//1583
f 1437//1594 1416//1586 1415//1585
f 1436//1593 1437//1594 1415//1585
f 1438//887 1417//874 1416//1586
f 1437//1594 1438//887 1416//1586
f 1451//1595 1430//1587 1429//885
f 1450//898 1451//1595 1429//885
f 1452//1596 1431//1588 1430//1587
f 1451//1595 1452//1596 1430//1587
f 1453//1597 1432//1589 1431//1588
f 1452//1596 1453//1597 1431//1588
f 1454//1598 1433//1590 1432//1589
f 1453//1597 1454//1598 1432//1589
f 1456//1599 1435//1591 1434//1592
f 1455//1600 1456//1599 1434//1592
f 1457//1601 1436//1593 1435//1591
f 1456//1599 1457//1601 1435//1591
f 1458//1602 1437//1594 1436//1593
f 1457//1601 1458//1602 1436//1593
f 1459//900 1438//887 1437//1594
f 1458//1602 1459//900 1437//1594
f 1472//1603 1451//1595 1450//898
f 1471//911 1472//1603 1450//898
f 1473//1604 1452//1596 1451//1595
f 1472//1603 1473//1604 1451//1595
f 1474//1605 1453//1597 1452//1596
f 1473//1604 1474//1605 1452//1596
f 1475//1606 1454//1598 1453//1597
f 1474//1605 1475//1606 1453//1597
f 1477//1607 1456//1599 1455//1600
f 1476//1608 1477//1607 1455//1600
f 1478//1609 1457//1601 1456//1599
f 1477//1607 1478//1609 1456//1599
f 1479//1610 1458//1602 1457//1601
f 1478//1609 1479//1610 1457//1601
f 1480//913 1459//900 1458//1602
f 1479//1610 1480//913 1458//1602
f 1493//1611 1472//1603 1471//911
f 1492//924 1493//1611 1471//911
f 1494//1612 1473//1604 1472//1603
f 1493//1611 1494//1612 1472//1603
f 1495//1613 1474//1605 1473//1604
f 1494//1612 1495//1613 1473//1604
f 1496//1614 1475//1606 1474//1605
f 1495//1613 1496//1614 1474//1605
f 1498//1615 1477//1607 1476//1608
f 1497//1616 1498//1615 1476//1608
f 1499//1617 1478//1609 1477//1607
f 1498//1615 1499//1617 1477//1607
f 1500//1618 1479//1610 1478//1609
f 1499//1617 1500//1618 1478//1609
f 1501//926 1480//913 1479//1610
f 1500//1618 1501//926 1479//1610
f 1514//1619 1493//1611 1492//924
f 1513//937 1514//1619 1492//924
f 1515//1620 1494//1612 1493//1611
f 1514//1619 1515//1620 1493//1611
f 1516//1621 1495//1613 1494//1612
f 1515//1620 1516//1621 1494//1612
f 1517//1622 1496//1614 1495//1613
f 1516//1621 1517//1622 1495//1613
f 1519//1623 1498//1615 1497//1616
f 1518//1624 1519//1623 1497//1616
f 1520//1625 1499//1617 1498//1615
f 1519//1623 1520//1625 1498//1615
f 1521//1626 1500//1618 1499//1617
f 1520//1625 1521//1626 1499//1617
f 1522//939 1501//926 1500//1618
f 1521//1626 1522//939 1500//1618
f 1535//1627 1514//1619 1513//937
f 1534//950 1535//1627 1513//937
f 1536//1628 1515//1620 1514//1619
f 1535//1627 1536//1628 1514//1619
f 1537//1629 1516//1621 1515//1620
f 1536//1628 1537//1629 1515//1620
f 1538//1630 1517//1622 1516//1621
f 1537//1629 1538//1630 1516//1621
f 1540//1631 1519//1623 1518//1624
f 1539//1632 1540//1631 1518//1624
f 1541//1633 1520//1625 1519//1623
f 1540//1631 1541//1633 1519//1623
f 1542//1634 1521//1626 1520//1625
f 1541//1633 1542//1634 1520//1625
f 1543//952 1522//939 1521//1626
f 1542//1634 1543//952 1521//1626
f 1556//1635 1535//1627 1534//950
f 1555//963 1556//1635 1534//950
f 1557//1636 1536//1628 1535//1627
f 1556//1635 1557//1636 1535//1627
f 1558//1637 1537//1629 1536//1628
f 1557//1636 1558//1637 1536//1628
f 1559//1638 1538//1630 1537//1629
f 1558//1637 1559//1638 1537//1629
f 1561//1639 1540//1631 1539//1632
f 1560//1640 1561//1639 1539//1632
f 1562//1641 1541//1633 1540//1631
f 1561//1639 1562//1641 1540//1631
f 1563//1642 1542//1634 1541//1633
f 1562//1641 1563//1642 1541//1633
f 1564//965 1543//952 1542//1634
f 1563//1642 1564//965 1542//1634
f 1577//1643 1556//1635 1555//963
f 1576//976 1577//1643 1555//963
f 1578//1644 1557//1636 1556//1635
f 1577//1643 1578//1644 1556//1635
f 1579//1645 1558//1637 1557//1636
f 1578//1644 1579//1645 1557//1636
f 1580//1646 1559//1638 1558//1637
f 1579//1645 1580//1646 1558//1637
f 1582//1647 1561//1639 1560//1640
f 1581//1648 1582//1647 1560//1640
f 1583//1649 1562//1641 1561//1639
f 1582//1647 1583//1649 1561//1639
f 1584//1650 1563//1642 1562//1641
f 1583//1649 1584//1650 1562//1641
f 1585//978 1564//965 1563//1642
f 1584//1650 1585//978 1563//1642
f 1598//1651 1577//1643 1576//976
f 1597//989 1598//1651 1576//976
f 1599//1652 1578//1644 1577//1643
f 1598//1651 1599//1652 1577//1643
f 1600//1653 1579//1645 1578//1644
f 1599//1652 1600//1653 1578//1644
f 1601//1654 1580//1646 1579//1645
f 1600//1653 1601//1654 1579//1645
f 1603//1655 1582//1647 1581//1648
f 1602//1656 1603//1655 1581//1648
f 1604//1657 1583//1649 1582//1647
f 1603//1655 1604//1657 1582//1647
f 1605//1658 1584//1650 1583//1649
f 1604//1657 1605//1658 1583//1649
f 1606//991 1585//978 1584//1650
f 1605//1658 1606//991 1584//1650
f 1619//1659 1598//1651 1597//989
f 1618//1002 1619//1659 1597//989
f 1620//1660 1599//1652 1598//1651
f 1619//1659 1620//1660 1598//1651
f 1621//1661 1600//1653 1599//1652
f 1620//1660 1621//1661 1599//1652
f 1622//1662 1601//1654 1600//1653
f 1621//1661 1622//1662 1600//1653
f 1624//1663 1603//1655 1602//1656
f 1623//1664 1624//1663 1602//1656
f 1625//1665 1604//1657 1603//1655
f 1624//1663 1625//1665 1603//1655
f 1626//1666 1605//1658 1604//1657
f 1625//1665 1626//1666 1604//1657
f 1627//1004 1606//991 1605//1658
f 1626//1666 1627//1004 1605//1658
f 1640//1667 1619//1659 1618//1002
f 1639//1015 1640//1667 1618//1002
f 1641//1668 1620//1660 1619//1659
f 1640//1667 1641//1668 1619//1659
f 1642//1669 1621//1661 1620//1660
f 1641//1668 1642//1669 1620//1660
f 1643//1670 1622//1662 1621//1661
f 1642//1669 1643//1670 1621//1661
f 1645//1671 1624//1663 1623//1664
f 1644//1672 1645//1671 1623//1664
f 1646//1673 1625//1665 1624//1663
f 1645//1671 1646//1673 1624//1663
f 1647//1674 1626//1666 1625//1665
f 1646//1673 1647//1674 1625//1665
f 1648//1017 1627//1004 1626//1666
f 1647//1674 1648//1017 1626//1666
f 1661//1675 1640//1667 1639//1015
f 1660//1028 1661//1675 1639//1015
f 1662//1676 1641//1668 1640//1667
f 1661//1675 1662//1676 1640//1667
f 1663//1677 1642//1669 1641//1668
f 1662//1676 1663//1677 1641//1668
f 1664//1678 1643//1670 1642//1669
f 1663//1677 1664//1678 1642//1669
f 1666//1679 1645//1671 1644//1672
f 1665//1680 1666//1679 1644//1672
f 1667//1681 1646//1673 1645//1671
f 1666//1679 1667//1681 1645//1671
f 1668//1682 1647//1674 1646//1673
f 1667//1681 1668//1682 1646//1673
f 1669//1030 1648//1017 1647//1674
f 1668//1682 1669//1030 1647//1674
f 1682//1683 1661//1675 1660//1028
f 1681//1041 1682//1683 1660//1028
f 1683//1684 1662//1676 1661//1675
f 1682//1683 1683//1684 1661//1675
f 1684//1685 1663//1677 1662//1676
f 1683//1684 1684//1685 1662//1676
f 1685//1686 1664//1678 1663//1677
f 1684//1685 1685//1686 1663//1677
f 1666//1679 1665//1680 1686//1042
f 1667//1681 1666//1679 1686//1042
f 1668//1682 1667//1681 1686//1042
f 1669//1030 1668//1682 1686//1042
f 1682//1683 1681//1041 1686//1042
f 1683//1684 1682//1683 1686//1042
f 1684//1685 1683//1684 1686//1042
f 1685//1686 1684//1685 1686//1042
f 1665//1680 1685//1686 1686//1042
g Deck
usemtl deck
f 1//1687 26//1687 6//1687
f 6//1688 26//1688 47//1688
f 6//1687 47//1687 27//1687
f 27//1688 47//1688 68//1688
f 27//1687 68//1687 48//1687
f 48//1689 68//1689 89//1689
f 48//1690 89//1690 69//1690
f 69//1691 89//1691 110//1691
f 69//1692 110//1692 90//1692
f 90//1693 110//1693 131//1693
f 90//1694 131//1694 111//1694
f 111//1695 131//1695 152//1695
f 111//1696 152//1696 132//1696
f 132//1697 152//1697 173//1697
f 132//1698 173//1698 153//1698
f 153//1699 173//1699 194//1699
f 153//1700 194//1700 174//1700
f 174//1701 194//1701 215//1701
f 174//1702 215//1702 195//1702
f 195//1703 215//1703 236//1703
f 195//1704 236//1704 216//1704
f 216//1705 236//1705 257//1705
f 216//1706 257//1706 237//1706
f 237//1707 257//1707 278//1707
f 237//1708 278//1708 258//1708
f 258//1709 278//1709 299//1709
f 258//1710 299//1710 279//1710
f 279//1711 299//1711 320//1711
f 279//1712 320//1712 300//1712
f 300//1713 320//1713 341//1713
f 300//1714 341//1714 321//1714
f 321//1715 341//1715 362//1715
f 321//1716 362//1716 342//1716
f 342//1717 362//1717 383//1717
f 342//1718 383//1718 363//1718
f 363//1719 383//1719 404//1719
f 363//1720 404//1720 384//1720
f 384//1721 404//1721 425//1721
f 384//1722 425//1722 405//1722
f 405//1723 425//1723 446//1723
f 405//1724 446//1724 426//1724
f 426//1725 446//1725 467//1725
f 426//1726 467//1726 447//1726
f 447//1727 467//1727 488//1727
f 447//1728 488//1728 468//1728
f 468//1729 488//1729 509//1729
f 468//1730 509//1730 489//1730
f 489//1731 509//1731 530//1731
f 489//1732 530//1732 510//1732
f 510//1733 530//1733 551//1733
f 510//1734 551//1734 531//1734
f 531//1735 551//1735 572//1735
f 531//1736 572//1736 552//1736
f 552//1737 572//1737 593//1737
f 552//1738 593//1738 573//1738
f 573//1739 593//1739 614//1739
f 573//1740 614//1740 594//1740
f 594//1741 614//1741 635//1741
f 594//1742 635//1742 615//1742
f 615//1743 635//1743 656//1743
f 615//1744 656//1744 636//1744
f 636//1743 656//1743 677//1743
f 636//1744 677//1744 657//1744
f 657//1743 677//1743 698//1743
f 657//1744 698//1744 678//1744
f 678//1743 698//1743 719//1743
f 678//1744 719//1744 699//1744
f 699//1743 719//1743 740//1743
f 699//1744 740//1744 720//1744
f 720//1743 740//1743 761//1743
f 720//1743 761//1743 741//1743
f 741//1743 761//1743 782//1743
f 741//1743 782//1743 762//1743
f 762//1743 782//1743 803//1743
f 762//1743 803//1743 783//1743
f 783//1743 803//1743 824//1743
f 783//1743 824//1743 804//1743
f 804//1743 824//1743 845//1743
f 804//1743 845//1743 825//1743
f 825//1743 845//1743 866//1743
f 825//1743 866//1743 846//1743
f 846//1743 866//1743 887//1743
f 846//1743 887//1743 867//1743
f 867//1743 887//1743 908//1743
f 867//1743 908//1743 888//1743
f 888//1743 908//1743 929//1743
f 888//1743 929//1743 909//1743
f 909//1743 929//1743 950//1743
f 909//1743 950//1743 930//1743
f 930//1743 950//1743 971//1743
f 930//1743 971//1743 951//1743
f 951//1743 971//1743 992//1743
f 951//1743 992//1743 972//1743
f 972//1743 992//1743 1013//1743
f 972//1743 1013//1743 993//1743
f 993//1743 1013//1743 1034//1743
f 993//1743 1034//1743 1014//1743
f 1014//1743 1034//1743 1055//1743
f 1014//1743 1055//1743 1035//1743
f 1035//1743 1055//1743 1076//1743
f 1035//1743 1076//1743 1056//1743
f 1056//1744 1076//1744 1097//1744
f 1056//1744 1097//1744 1077//1744
f 1077//1745 1097//1745 1118//1745
f 1077//1743 1118//1743 1098//1743
f 1098//1743 1118//1743 1139//1743
f 1098//1743 1139//1743 1119//1743
f 1119//1743 1139//1743 1160//1743
f 1119//1743 1160//1743 1140//1743
f 1140//1743 1160//1743 1181//1743
f 1140//1743 1181//1743 1161//1743
f 1161//1746 1181//1746 1202//1746
f 1161//1746 1202//1746 1182//1746
f 1182//1747 1202//1747 1223//1747
f 1182//1747 1223//1747 1203//1747
f 1203//1748 1223//1748 1244//1748
f 1203//1748 1244//1748 1224//1748
f 1224//1749 1244//1749 1265//1749
f 1224//1749 1265//1749 1245//1749
f 1245//1750 1265//1750 1286//1750
f 1245//1750 1286//1750 1266//1750
f 1266//1751 1286//1751 1307//1751
f 1266//1751 1307//1751 1287//1751
f 1287//1752 1307//1752 1328//1752
f 1287//1752 1328//1752 1308//1752
f 1308//1753 1328//1753 1349//1753
f 1308//1753 1349//1753 1329//1753
f 1329//1754 1349//1754 1370//1754
f 1329//1754 1370//1754 1350//1754
f 1350//1755 1370//1755 1391//1755
f 1350//1755 1391//1755 1371//1755
f 1371//1756 1391//1756 1412//1756
f 1371//1756 1412//1756 1392//1756
f 1392//1757 1412//1757 1433//1757
f 1392//1757 1433//1757 1413//1757
f 1413//1758 1433//1758 1454//1758
f 1413//1758 1454//1758 1434//1758
f 1434//1759 1454//1759 1475//1759
f 1434//1759 1475//1759 1455//1759
f 1455//1760 1475//1760 1496//1760
f 1455//1760 1496//1760 1476//1760
f 1476//1761 1496//1761 1517//1761
f 1476//1761 1517//1761 1497//1761
f 1497//1762 1517//1762 1538//1762
f 1497//1762 1538//1762 1518//1762
f 1518//1763 1538//1763 1559//1763
f 1518//1763 1559//1763 1539//1763
f 1539//1764 1559//1764 1580//1764
f 1539//1764 1580//1764 1560//1764
f 1560//1765 1580//1765 1601//1765
f 1560//1765 1601//1765 1581//1765
f 1581//1766 1601//1766 1622//1766
f 1581//1766 1622//1766 1602//1766
f 1602//1767 1622//1767 1643//1767
f 1602//1767 1643//1767 1623//1767
f 1623//1767 1643//1767 1664//1767
f 1623//1767 1664//1767 1644//1767
f 1644//1767 1664//1767 1685//1767
f 1644//1767 1685//1767 1665//1767
g Superstructure
usemtl superstructure
f 1689//1768 1688//1768 1687//1768
f 1690//1769 1689//1769 1687//1769
f 1691//1743 1692//1743 1693//1743
f 1691//1743 1693//1743 1694//1743
f 1695//1770 1696//1770 1697//1770
f 1695//1770 1697//1770 1698//1770
f 1701//1771 1700//1771 1699//1771
f 1702//1772 1701//1772 1699//1772
f 1705//1773 1704//1773 1703//1773
f 1706//1774 1705//1774 1703//1774
f 1707//1775 1708//1775 1709//1775
f 1707//1775 1709//1775 1710//1775
f 1713//1768 1712//1768 1711//1768
f 1714//1769 1713//1769 1711//1769
f 1715//1743 1716//1743 1717//1743
f 1715//1743 1717//1743 1718//1743
f 1719//1770 1720//1770 1721//1770
f 1719//1770 1721//1770 1722//1770
f 1725//1771 1724//1771 1723//1771
f 1726//1772 1725//1772 1723//1772
f 1729//1773 1728//1773 1727//1773
f 1730//1774 1729//1774 1727//1774
f 1731//1775 1732//1775 1733//1775
f 1731//1775 1733//1775 1734//1775
f 1737//1768 1736//1768 1735//1768
f 1738//1769 1737//1769 1735//1769
f 1739//1743 1740//1743 1741//1743
f 1739//1743 1741//1743 1742//1743
f 1743//1770 1744//1770 1745//1770
f 1743//1770 1745//1770 1746//1770
f 1749//1771 1748//1771 1747//1771
f 1750//1772 1749//1772 1747//1772
f 1753//1773 1752//1773 1751//1773
f 1754//1774 1753//1774 1751//1774
f 1755//1775 1756//1775 1757//1775
f 1755//1775 1757//1775 1758//1775
f 1761//1768 1760//1768 1759//1768
f 1762//1769 1761//1769 1759//1769
f 1763//1743 1764//1743 1765//1743
f 1763//1743 1765//1743 1766//1743
f 1767//1770 1768//1770 1769//1770
f 1767//1770 1769//1770 1770//1770
f 1773//1771 1772//1771 1771//1771
f 1774//1772 1773//1772 1771//1772
f 1777//1773 1776//1773 1775//1773
f 1778//1774 1777//1774 1775//1774
f 1779//1775 1780//1775 1781//1775
f 1779//1775 1781//1775 1782//1775
f 1785//1768 1784//1768 1783//1768
f 1786//1769 1785//1769 1783//1769
f 1787//1743 1788//1743 1789//1743
f 1787//1743 1789//1743 1790//1743
f 1791//1770 1792//1770 1793//1770
f 1791//1770 1793//1770 1794//1770
f 1797//1771 1796//1771 1795//1771
f 1798//1772 1797//1772 1795//1772
f 1801//1773 1800//1773 1799//1773
f 1802//1774 1801//1774 1799//1774
f 1803//1775 1804//1775 1805//1775
f 1803//1775 1805//1775 1806//1775
f 2253//1768 2252//1768 2251//1768
f 2254//1769 2253//1769 2251//1769
f 2255//1743 2256//1743 2257//1743
f 2255//1743 2257//1743 2258//1743
f 2259//1770 2260//1770 2261//1770
f 2259//1770 2261//1770 2262//1770
f 2265//1771 2264//1771 2263//1771
f 2266//1772 2265//1772 2263//1772
f 2269//1773 2268//1773 2267//1773
f 2270//1774 2269//1774 2267//1774
f 2271//1775 2272//1775 2273//1775
f 2271//1775 2273//1775 2274//1775
g Windows
usemtl glass
f 1809//1768 1808//1768 1807//1768
f 1810//1769 1809//1769 1807//1769
f 1811//1743 1812//1743 1813//1743
f 1811//1743 1813//1743 1814//1743
f 1815//1770 1816//1770 1817//1770
f 1815//1770 1817//1770 1818//1770
f 1821//1771 1820//1771 1819//1771
f 1822//1772 1821//1772 1819//1772
f 1825//1773 1824//1773 1823//1773
f 1826//1774 1825//1774 1823//1774
f 1827//1775 1828//1775 1829//1775
f 1827//1775 1829//1775 1830//1775
f 1833//1768 1832//1768 1831//1768
f 1834//1769 1833//1769 1831//1769
f 1835//1743 1836//1743 1837//1743
f 1835//1743 1837//1743 1838//1743
f 1839//1770 1840//1770 1841//1770
f 1839//1770 1841//1770 1842//1770
f 1845//1771 1844//1771 1843//1771
f 1846//1772 1845//1772 1843//1772
f 1849//1773 1848//1773 1847//1773
f 1850//1774 1849//1774 1847//1774
f 1851//1775 1852//1775 1853//1775
f 1851//1775 1853//1775 1854//1775
f 1857//1768 1856//1768 1855//1768
f 1858//1769 1857//1769 1855//1769
f 1859//1743 1860//1743 1861//1743
f 1859//1743 1861//1743 1862//1743
f 1863//1770 1864//1770 1865//1770
f 1863//1770 1865//1770 1866//1770
f 1869//1771 1868//1771 1867//1771
f 1870//1772 1869//1772 1867//1772
f 1873//1773 1872//1773 1871//1773
f 1874//1774 1873//1774 1871//1774
f 1875//1775 1876//1775 1877//1775
f 1875//1775 1877//1775 1878//1775
f 1881//1768 1880//1768 1879//1768
f 1882//1769 1881//1769 1879//1769
f 1883//1743 1884//1743 1885//1743
f 1883//1743 1885//1743 1886//1743
f 1887//1770 1888//1770 1889//1770
f 1887//1770 1889//1770 1890//1770
f 1893//1771 1892//1771 1891//1771
f 1894//1772 1893//1772 1891//1772
f 1897//1773 1896//1773 1895//1773
f 1898//1774 1897//1774 1895//1774
f 1899//1775 1900//1775 1901//1775
f 1899//1775 1901//1775 1902//1775
f 1905//1768 1904//1768 1903//1768
f 1906//1769 1905//1769 1903//1769
f 1907//1743 1908//1743 1909//1743
f 1907//1743 1909//1743 1910//1743
f 1911//1770 1912//1770 1913//1770
f 1911//1770 1913//1770 1914//1770
f 1917//1771 1916//1771 1915//1771
f 1918//1772 1917//1772 1915//1772
f 1921//1773 1920//1773 1919//1773
f 1922//1774 1921//1774 1919//1774
f 1923//1775 1924//1775 1925//1775
f 1923//1775 1925//1775 1926//1775
f 1929//1768 1928//1768 1927//1768
f 1930//1769 1929//1769 1927//1769
f 1931//1743 1932//1743 1933//1743
f 1931//1743 1933//1743 1934//1743
f 1935//1770 1936//1770 1937//1770
f 1935//1770 1937//1770 1938//1770
f 1941//1771 1940//1771 1939//1771
f 1942//1772 1941//1772 1939//1772
f 1945//1773 1944//1773 1943//1773
f 1946//1774 1945//1774 1943//1774
f 1947//1775 1948//1775 1949//1775
f 1947//1775 1949//1775 1950//1775
f 1953//1768 1952//1768 1951//1768
f 1954//1769 1953//1769 1951//1769
f 1955//1743 1956//1743 1957//1743
f 1955//1743 1957//1743 1958//1743
f 1959//1770 1960//1770 1961//1770
f 1959//1770 1961//1770 1962//1770
f 1965//1771 1964//1771 1963//1771
f 1966//1772 1965//1772 1963//1772
f 1969//1773 1968//1773 1967//1773
f 1970//1774 1969//1774 1967//1774
f 1971//1775 1972//1775 1973//1775
f 1971//1775 1973//1775 1974//1775
f 1977//1768 1976//1768 1975//1768
f 1978//1769 1977//1769 1975//1769
f 1979//1743 1980//1743 1981//1743
f 1979//1743 1981//1743 1982//1743
f 1983//1770 1984//1770 1985//1770
f 1983//1770 1985//1770 1986//1770
f 1989//1771 1988//1771 1987//1771
f 1990//1772 1989//1772 1987//1772
f 1993//1773 1992//1773 1991//1773
f 1994//1774 1993//1774 1991//1774
f 1995//1775 1996//1775 1997//1775
f 1995//1775 1997//1775 1998//1775
f 2001//1768 2000//1768 1999//1768
f 2002//1769 2001//1769 1999//1769
f 2003//1743 2004//1743 2005//1743
f 2003//1743 2005//1743 2006//1743
f 2007//1770 2008//1770 2009//1770
f 2007//1770 2009//1770 2010//1770
f 2013//1771 2012//1771 2011//1771
f 2014//1772 2013//1772 2011//1772
f 2017//1773 2016//1773 2015//1773
f 2018//1774 2017//1774 2015//1774
f 2019//1775 2020//1775 2021//1775
f 2019//1775 2021//1775 2022//1775
f 2025//1768 2024//1768 2023//1768
f 2026//1769 2025//1769 2023//1769
f 2027//1743 2028//1743 2029//1743
f 2027//1743 2029//1743 2030//1743
f 2031//1770 2032//1770 2033//1770
f 2031//1770 2033//1770 2034//1770
f 2037//1771 2036//1771 2035//1771
f 2038//1772 2037//1772 2035//1772
f 2041//1773 2040//1773 2039//1773
f 2042//1774 2041//1774 2039//1774
f 2043//1775 2044//1775 2045//1775
f 2043//1775 2045//1775 2046//1775
f 2049//1768 2048//1768 2047//1768
f 2050//1769 2049//1769 2047//1769
f 2051//1743 2052//1743 2053//1743
f 2051//1743 2053//1743 2054//1743
f 2055//1770 2056//1770 2057//1770
f 2055//1770 2057//1770 2058//1770
f 2061//1771 2060//1771 2059//1771
f 2062//1772 2061//1772 2059//1772
f 2065//1773 2064//1773 2063//1773
f 2066//1774 2065//1774 2063//1774
f 2067//1775 2068//1775 2069//1775
f 2067//1775 2069//1775 2070//1775
g Funnel
usemtl funnel
f 2071//1776 2073//1776 2074//1776
f 2071//1777 2074//1777 2072//1777
f 2073//1778 2075//1778 2076//1778
f 2073//1779 2076//1779 2074//1779
f 2075//1780 2077//1780 2078//1780
f 2075//1781 2078//1781 2076//1781
f 2077//1771 2079//1771 2080//1771
f 2077//1782 2080//1782 2078//1782
f 2079//1783 2081//1783 2082//1783
f 2079//1783 2082//1783 2080//1783
f 2081//1784 2083//1784 2084//1784
f 2081//1784 2084//1784 2082//1784
f 2083//1785 2085//1785 2086//1785
f 2083//1785 2086//1785 2084//1785
f 2085//1786 2087//1786 2088//1786
f 2085//1786 2088//1786 2086//1786
f 2087//1787 2089//1787 2090//1787
f 2087//1787 2090//1787 2088//1787
f 2089//1788 2091//1788 2092//1788
f 2089//1788 2092//1788 2090//1788
f 2091//1770 2093//1770 2094//1770
f 2091//1770 2094//1770 2092//1770
f 2093//1789 2095//1789 2096//1789
f 2093//1789 2096//1789 2094//1789
f 2095//1790 2097//1790 2098//1790
f 2095//1790 2098//1790 2096//1790
f 2097//1791 2071//1791 2072//1791
f 2097//1791 2072//1791 2098//1791
f 2099//1743 2072//1743 2074//1743
f 2100//1769 2073//1769 2071//1769
f 2099//1743 2074//1743 2076//1743
f 2100//1769 2075//1769 2073//1769
f 2099//1743 2076//1743 2078//1743
f 2100//1769 2077//1769 2075//1769
f 2099//1744 2078//1744 2080//1744
f 2100//1769 2079//1769 2077//1769
f 2099//1743 2080//1743 2082//1743
f 2100//1769 2081//1769 2079//1769
f 2099//1743 2082//1743 2084//1743
f 2100//1769 2083//1769 2081//1769
f 2099//1743 2084//1743 2086//1743
f 2100//1769 2085//1769 2083//1769
f 2099//1743 2086//1743 2088//1743
f 2100//1792 2087//1792 2085//1792
f 2099//1743 2088//1743 2090//1743
f 2100//1769 2089//1769 2087//1769
f 2099//1743 2090//1743 2092//1743
f 2100//1769 2091//1769 2089//1769
f 2099//1743 2092//1743 2094//1743
f 2100//1768 2093//1768 2091//1768
f 2099//1743 2094//1743 2096//1743
f 2100//1769 2095//1769 2093//1769
f 2099//1743 2096//1743 2098//1743
f 2100//1769 2097//1769 2095//1769
f 2099//1745 2098//1745 2072//1745
f 2100//1769 2071//1769 2097//1769
g FunnelCap
usemtl metal_dark
f 2101//1793 2103//1793 2104//1793
f 2101//1794 2104//1794 2102//1794
f 2103//1795 2105//1795 2106//1795
f 2103//1796 2106//1796 2104//1796
f 2105//1797 2107//1797 2108//1797
f 2105//1798 2108//1798 2106//1798
f 2107//1771 2109//1771 2110//1771
f 2107//1782 2110//1782 2108//1782
f 2109//1799 2111//1799 2112//1799
f 2109//1799 2112//1799 2110//1799
f 2111//1800 2113//1800 2114//1800
f 2111//1800 2114//1800 2112//1800
f 2113//1801 2115//1801 2116//1801
f 2113//1801 2116//1801 2114//1801
f 2115//1802 2117//1802 2118//1802
f 2115//1802 2118//1802 2116//1802
f 2117//1803 2119//1803 2120//1803
f 2117//1803 2120//1803 2118//1803
f 2119//1804 2121//1804 2122//1804
f 2119//1804 2122//1804 2120//1804
f 2121//1770 2123//1770 2124//1770
f 2121//1770 2124//1770 2122//1770
f 2123//1805 2125//1805 2126//1805
f 2123//1805 2126//1805 2124//1805
f 2125//1806 2127//1806 2128//1806
f 2125//1806 2128//1806 2126//1806
f 2127//1807 2101//1807 2102//1807
f 2127//1807 2102//1807 2128//1807
f 2129//1743 2102//1743 2104//1743
f 2130//1769 2103//1769 2101//1769
f 2129//1743 2104//1743 2106//1743
f 2130//1769 2105//1769 2103//1769
f 2129//1743 2106//1743 2108//1743
f 2130//1769 2107//1769 2105//1769
f 2129//1744 2108//1744 2110//1744
f 2130//1769 2109//1769 2107//1769
f 2129//1743 2110//1743 2112//1743
f 2130//1769 2111//1769 2109//1769
f 2129//1743 2112//1743 2114//1743
f 2130//1769 2113//1769 2111//1769
f 2129//1743 2114//1743 2116//1743
f 2130//1769 2115//1769 2113//1769
f 2129//1743 2116//1743 2118//1743
f 2130//1792 2117//1792 2115//1792
f 2129//1743 2118//1743 2120//1743
f 2130//1769 2119//1769 2117//1769
f 2129//1743 2120//1743 2122//1743
f 2130//1769 2121//1769 2119//1769
f 2129//1743 2122//1743 2124//1743
f 2130//1768 2123//1768 2121//1768
f 2129//1743 2124//1743 2126//1743
f 2130//1769 2125//1769 2123//1769
f 2129//1743 2126//1743 2128//1743
f 2130//1769 2127//1769 2125//1769
f 2129//1745 2128//1745 2102//1745
f 2130//1769 2101//1769 2127//1769
g Mast
usemtl metal_dark
f 2133//1768 2132//1768 2131//1768
f 2134//1769 2133//1769 2131//1769
f 2135//1743 2136//1743 2137//1743
f 2135//1743 2137//1743 2138//1743
f 2139//1770 2140//1770 2141//1770
f 2139//1770 2141//1770 2142//1770
f 2145//1771 2144//1771 2143//1771
f 2146//1772 2145//1772 2143//1772
f 2149//1773 2148//1773 2147//1773
f 2150//1774 2149//1774 2147//1774
f 2151//1775 2152//1775 2153//1775
f 2151//1775 2153//1775 2154//1775
f 2157//1768 2156//1768 2155//1768
f 2158//1769 2157//1769 2155//1769
f 2159//1743 2160//1743 2161//1743
f 2159//1743 2161//1743 2162//1743
f 2163//1770 2164//1770 2165//1770
f 2163//1770 2165//1770 2166//1770
f 2169//1771 2168//1771 2167//1771
f 2170//1772 2169//1772 2167//1772
f 2173//1773 2172//1773 2171//1773
f 2174//1774 2173//1774 2171//1774
f 2175//1775 2176//1775 2177//1775
f 2175//1775 2177//1775 2178//1775
f 2181//1768 2180//1768 2179//1768
f 2182//1769 2181//1769 2179//1769
f 2183//1743 2184//1743 2185//1743
f 2183//1743 2185//1743 2186//1743
f 2187//1770 2188//1770 2189//1770
f 2187//1770 2189//1770 2190//1770
f 2193//1771 2192//1771 2191//1771
f 2194//1772 2193//1772 2191//1772
f 2197//1773 2196//1773 2195//1773
f 2198//1774 2197//1774 2195//1774
f 2199//1775 2200//1775 2201//1775
f 2199//1775 2201//1775 2202//1775
f 2277//1768 2276//1768 2275//1768
f 2278//1769 2277//1769 2275//1769
f 2279//1743 2280//1743 2281//1743
f 2279//1743 2281//1743 2282//1743
f 2283//1770 2284//1770 2285//1770
f 2283//1770 2285//1770 2286//1770
f 2289//1771 2288//1771 2287//1771
f 2290//1772 2289//1772 2287//1772
f 2293//1773 2292//1773 2291//1773
f 2294//1774 2293//1774 2291//1774
f 2295//1775 2296//1775 2297//1775
f 2295//1775 2297//1775 2298//1775
f 2301//1768 2300//1768 2299//1768
f 2302//1769 2301//1769 2299//1769
f 2303//1743 2304//1743 2305//1743
f 2303//1743 2305//1743 2306//1743
f 2307//1770 2308//1770 2309//1770
f 2307//1770 2309//1770 2310//1770
f 2313//1771 2312//1771 2311//1771
f 2314//1772 2313//1772 2311//1772
f 2317//1773 2316//1773 2315//1773
f 2318//1774 2317//1774 2315//1774
f 2319//1775 2320//1775 2321//1775
f 2319//1775 2321//1775 2322//1775
g Lifeboats
usemtl lifeboat
f 2205//1768 2204//1768 2203//1768
f 2206//1769 2205//1769 2203//1769
f 2207//1743 2208//1743 2209//1743
f 2207//1743 2209//1743 2210//1743
f 2211//1770 2212//1770 2213//1770
f 2211//1770 2213//1770 2214//1770
f 2217//1771 2216//1771 2215//1771
f 2218//1772 2217//1772 2215//1772
f 2221//1773 2220//1773 2219//1773
f 2222//1774 2221//1774 2219//1774
f 2223//1775 2224//1775 2225//1775
f 2223//1775 2225//1775 2226//1775
f 2229//1768 2228//1768 2227//1768
f 2230//1769 2229//1769 2227//1769
f 2231//1743 2232//1743 2233//1743
f 2231//1743 2233//1743 2234//1743
f 2235//1770 2236//1770 2237//1770
f 2235//1770 2237//1770 2238//1770
f 2241//1771 2240//1771 2239//1771
f 2242//1772 2241//1772 2239//1772
f 2245//1773 2244//1773 2243//1773
f 2246//1774 2245//1774 2243//1774
f 2247//1775 2248//1775 2249//1775
f 2247//1775 2249//1775 2250//1775
g HatchCoamings
usemtl hatch
f 2325//1768 2324//1768 2323//1768
f 2326//1769 2325//1769 2323//1769
f 2327//1743 2328//1743 2329//1743
f 2327//1743 2329//1743 2330//1743
f 2331//1770 2332//1770 2333//1770
f 2331//1770 2333//1770 2334//1770
f 2337//1771 2336//1771 2335//1771
f 2338//1772 2337//1772 2335//1772
f 2341//1773 2340//1773 2339//1773
f 2342//1774 2341//1774 2339//1774
f 2343//1775 2344//1775 2345//1775
f 2343//1775 2345//1775 2346//1775
f 2421//1768 2420//1768 2419//1768
f 2422//1769 2421//1769 2419//1769
f 2423//1743 2424//1743 2425//1743
f 2423//1743 2425//1743 2426//1743
f 2427//1770 2428//1770 2429//1770
f 2427//1770 2429//1770 2430//1770
f 2433//1771 2432//1771 2431//1771
f 2434//1772 2433//1772 2431//1772
f 2437//1773 2436//1773 2435//1773
f 2438//1774 2437//1774 2435//1774
f 2439//1775 2440//1775 2441//1775
f 2439//1775 2441//1775 2442//1775
f 2637//1768 2636//1768 2635//1768
f 2638//1769 2637//1769 2635//1769
f 2639//1743 2640//1743 2641//1743
f 2639//1743 2641//1743 2642//1743
f 2643//1770 2644//1770 2645//1770
f 2643//1770 2645//1770 2646//1770
f 2649//1771 2648//1771 2647//1771
f 2650//1772 2649//1772 2647//1772
f 2653//1773 2652//1773 2651//1773
f 2654//1774 2653//1774 2651//1774
f 2655//1775 2656//1775 2657//1775
f 2655//1775 2657//1775 2658//1775
f 2949//1768 2948//1768 2947//1768
f 2950//1769 2949//1769 2947//1769
f 2951//1743 2952//1743 2953//1743
f 2951//1743 2953//1743 2954//1743
f 2955//1770 2956//1770 2957//1770
f 2955//1770 2957//1770 2958//1770
f 2961//1771 2960//1771 2959//1771
f 2962//1772 2961//1772 2959//1772
f 2965//1773 2964//1773 2963//1773
f 2966//1774 2965//1774 2963//1774
f 2967//1775 2968//1775 2969//1775
f 2967//1775 2969//1775 2970//1775
f 3165//1768 3164//1768 3163//1768
f 3166//1769 3165//1769 3163//1769
f 3167//1743 3168//1743 3169//1743
f 3167//1743 3169//1743 3170//1743
f 3171//1770 3172//1770 3173//1770
f 3171//1770 3173//1770 3174//1770
f 3177//1771 3176//1771 3175//1771
f 3178//1772 3177//1772 3175//1772
f 3181//1773 3180//1773 3179//1773
f 3182//1774 3181//1774 3179//1774
f 3183//1775 3184//1775 3185//1775
f 3183//1775 3185//1775 3186//1775
g Containers_container_blue
usemtl container_blue
f 2373//1768 2372//1768 2371//1768
f 2374//1769 2373//1769 2371//1769
f 2375//1743 2376//1743 2377//1743
f 2375//1743 2377//1743 2378//1743
f 2379//1770 2380//1770 2381//1770
f 2379//1770 2381//1770 2382//1770
f 2385//1771 2384//1771 2383//1771
f 2386//1772 2385//1772 2383//1772
f 2389//1773 2388//1773 2387//1773
f 2390//1774 2389//1774 2387//1774
f 2391//1775 2392//1775 2393//1775
f 2391//1775 2393//1775 2394//1775
f 2493//1768 2492//1768 2491//1768
f 2494//1769 2493//1769 2491//1769
f 2495//1743 2496//1743 2497//1743
f 2495//1743 2497//1743 2498//1743
f 2499//1770 2500//1770 2501//1770
f 2499//1770 2501//1770 2502//1770
f 2505//1771 2504//1771 2503//1771
f 2506//1772 2505//1772 2503//1772
f 2509//1773 2508//1773 2507//1773
f 2510//1774 2509//1774 2507//1774
f 2511//1775 2512//1775 2513//1775
f 2511//1775 2513//1775 2514//1775
f 2565//1768 2564//1768 2563//1768
f 2566//1769 2565//1769 2563//1769
f 2567//1743 2568//1743 2569//1743
f 2567//1743 2569//1743 2570//1743
f 2571//1770 2572//1770 2573//1770
f 2571//1770 2573//1770 2574//1770
f 2577//1771 2576//1771 2575//1771
f 2578//1772 2577//1772 2575//1772
f 2581//1773 2580//1773 2579//1773
f 2582//1774 2581//1774 2579//1774
f 2583//1775 2584//1775 2585//1775
f 2583//1775 2585//1775 2586//1775
f 2685//1768 2684//1768 2683//1768
f 2686//1769 2685//1769 2683//1769
f 2687//1743 2688//1743 2689//1743
f 2687//1743 2689//1743 2690//1743
f 2691//1770 2692//1770 2693//1770
f 2691//1770 2693//1770 2694//1770
f 2697//1771 2696//1771 2695//1771
f 2698//1772 2697//1772 2695//1772
f 2701//1773 2700//1773 2699//1773
f 2702//1774 2701//1774 2699//1774
f 2703//1775 2704//1775 2705//1775
f 2703//1775 2705//1775 2706//1775
f 2757//1768 2756//1768 2755//1768
f 2758//1769 2757//1769 2755//1769
f 2759//1743 2760//1743 2761//1743
f 2759//1743 2761//1743 2762//1743
f 2763//1770 2764//1770 2765//1770
f 2763//1770 2765//1770 2766//1770
f 2769//1771 2768//1771 2767//1771
f 2770//1772 2769//1772 2767//1772
f 2773//1773 2772//1773 2771//1773
f 2774//1774 2773//1774 2771//1774
f 2775//1775 2776//1775 2777//1775
f 2775//1775 2777//1775 2778//1775
f 2853//1768 2852//1768 2851//1768
f 2854//1769 2853//1769 2851//1769
f 2855//1743 2856//1743 2857//1743
f 2855//1743 2857//1743 2858//1743
f 2859//1770 2860//1770 2861//1770
f 2859//1770 2861//1770 2862//1770
f 2865//1771 2864//1771 2863//1771
f 2866//1772 2865//1772 2863//1772
f 2869//1773 2868//1773 2867//1773
f 2870//1774 2869//1774 2867//1774
f 2871//1775 2872//1775 2873//1775
f 2871//1775 2873//1775 2874//1775
f 2925//1768 2924//1768 2923//1768
f 2926//1769 2925//1769 2923//1769
f 2927//1743 2928//1743 2929//1743
f 2927//1743 2929//1743 2930//1743
f 2931//1770 2932//1770 2933//1770
f 2931//1770 2933//1770 2934//1770
f 2937//1771 2936//1771 2935//1771
f 2938//1772 2937//1772 2935//1772
f 2941//1773 2940//1773 2939//1773
f 2942//1774 2941//1774 2939//1774
f 2943//1775 2944//1775 2945//1775
f 2943//1775 2945//1775 2946//1775
f 3045//1768 3044//1768 3043//1768
f 3046//1769 3045//1769 3043//1769
f 3047//1743 3048//1743 3049//1743
f 3047//1743 3049//1743 3050//1743
f 3051//1770 3052//1770 3053//1770
f 3051//1770 3053//1770 3054//1770
f 3057//1771 3056//1771 3055//1771
f 3058//1772 3057//1772 3055//1772
f 3061//1773 3060//1773 3059//1773
f 3062//1774 3061//1774 3059//1774
f 3063//1775 3064//1775 3065//1775
f 3063//1775 3065//1775 3066//1775
f 3117//1768 3116//1768 3115//1768
f 3118//1769 3117//1769 3115//1769
f 3119//1743 3120//1743 3121//1743
f 3119//1743 3121//1743 3122//1743
f 3123//1770 3124//1770 3125//1770
f 3123//1770 3125//1770 3126//1770
f 3129//1771 3128//1771 3127//1771
f 3130//1772 3129//1772 3127//1772
f 3133//1773 3132//1773 3131//1773
f 3134//1774 3133//1774 3131//1774
f 3135//1775 3136//1775 3137//1775
f 3135//1775 3137//1775 3138//1775
f 3237//1768 3236//1768 3235//1768
f 3238//1769 3237//1769 3235//1769
f 3239//1743 3240//1743 3241//1743
f 3239//1743 3241//1743 3242//1743
f 3243//1770 3244//1770 3245//1770
f 3243//1770 3245//1770 3246//1770
f 3249//1771 3248//1771 3247//1771
f 3250//1772 3249//1772 3247//1772
f 3253//1773 3252//1773 3251//1773
f 3254//1774 3253//1774 3251//1774
f 3255//1775 3256//1775 3257//1775
f 3255//1775 3257//1775 3258//1775
g Containers_container_green
usemtl container_green
f 2397//1768 2396//1768 2395//1768
f 2398//1769 2397//1769 2395//1769
f 2399//1743 2400//1743 2401//1743
f 2399//1743 2401//1743 2402//1743
f 2403//1770 2404//1770 2405//1770
f 2403//1770 2405//1770 2406//1770
f 2409//1771 2408//1771 2407//1771
f 2410//1772 2409//1772 2407//1772
f 2413//1773 2412//1773 2411//1773
f 2414//1774 2413//1774 2411//1774
f 2415//1775 2416//1775 2417//1775
f 2415//1775 2417//1775 2418//1775
f 2589//1768 2588//1768 2587//1768
f 2590//1769 2589//1769 2587//1769
f 2591//1743 2592//1743 2593//1743
f 2591//1743 2593//1743 2594//1743
f 2595//1770 2596//1770 2597//1770
f 2595//1770 2597//1770 2598//1770
f 2601//1771 2600//1771 2599//1771
f 2602//1772 2601//1772 2599//1772
f 2605//1773 2604//1773 2603//1773
f 2606//1774 2605//1774 2603//1774
f 2607//1775 2608//1775 2609//1775
f 2607//1775 2609//1775 2610//1775
f 2781//1768 2780//1768 2779//1768
f 2782//1769 2781//1769 2779//1769
f 2783//1743 2784//1743 2785//1743
f 2783//1743 2785//1743 2786//1743
f 2787//1770 2788//1770 2789//1770
f 2787//1770 2789//1770 2790//1770
f 2793//1771 2792//1771 2791//1771
f 2794//1772 2793//1772 2791//1772
f 2797//1773 2796//1773 2795//1773
f 2798//1774 2797//1774 2795//1774
f 2799//1775 2800//1775 2801//1775
f 2799//1775 2801//1775 2802//1775
f 2973//1768 2972//1768 2971//1768
f 2974//1769 2973//1769 2971//1769
f 2975//1743 2976//1743 2977//1743
f 2975//1743 2977//1743 2978//1743
f 2979//1770 2980//1770 2981//1770
f 2979//1770 2981//1770 2982//1770
f 2985//1771 2984//1771 2983//1771
f 2986//1772 2985//1772 2983//1772
f 2989//1773 2988//1773 2987//1773
f 2990//1774 2989//1774 2987//1774
f 2991//1775 2992//1775 2993//1775
f 2991//1775 2993//1775 2994//1775
f 3141//1768 3140//1768 3139//1768
f 3142//1769 3141//1769 3139//1769
f 3143//1743 3144//1743 3145//1743
f 3143//1743 3145//1743 3146//1743
f 3147//1770 3148//1770 3149//1770
f 3147//1770 3149//1770 3150//1770
f 3153//1771 3152//1771 3151//1771
f 3154//1772 3153//1772 3151//1772
f 3157//1773 3156//1773 3155//1773
f 3158//1774 3157//1774 3155//1774
f 3159//1775 3160//1775 3161//1775
f 3159//1775 3161//1775 3162//1775
g Containers_container_grey
usemtl container_grey
f 2445//1768 2444//1768 2443//1768
f 2446//1769 2445//1769 2443//1769
f 2447//1743 2448//1743 2449//1743
f 2447//1743 2449//1743 2450//1743
f 2451//1770 2452//1770 2453//1770
f 2451//1770 2453//1770 2454//1770
f 2457//1771 2456//1771 2455//1771
f 2458//1772 2457//1772 2455//1772
f 2461//1773 2460//1773 2459//1773
f 2462//1774 2461//1774 2459//1774
f 2463//1775 2464//1775 2465//1775
f 2463//1775 2465//1775 2466//1775
f 2613//1768 2612//1768 2611//1768
f 2614//1769 2613//1769 2611//1769
f 2615//1743 2616//1743 2617//1743
f 2615//1743 2617//1743 2618//1743
f 2619//1770 2620//1770 2621//1770
f 2619//1770 2621//1770 2622//1770
f 2625//1771 2624//1771 2623//1771
f 2626//1772 2625//1772 2623//1772
f 2629//1773 2628//1773 2627//1773
f 2630//1774 2629//1774 2627//1774
f 2631//1775 2632//1775 2633//1775
f 2631//1775 2633//1775 2634//1775
f 2805//1768 2804//1768 2803//1768
f 2806//1769 2805//1769 2803//1769
f 2807//1743 2808//1743 2809//1743
f 2807//1743 2809//1743 2810//1743
f 2811//1770 2812//1770 2813//1770
f 2811//1770 2813//1770 2814//1770
f 2817//1771 2816//1771 2815//1771
f 2818//1772 2817//1772 2815//1772
f 2821//1773 2820//1773 2819//1773
f 2822//1774 2821//1774 2819//1774
f 2823//1775 2824//1775 2825//1775
f 2823//1775 2825//1775 2826//1775
f 2997//1768 2996//1768 2995//1768
f 2998//1769 2997//1769 2995//1769
f 2999//1743 3000//1743 3001//1743
f 2999//1743 3001//1743 3002//1743
f 3003//1770 3004//1770 3005//1770
f 3003//1770 3005//1770 3006//1770
f 3009//1771 3008//1771 3007//1771
f 3010//1772 3009//1772 3007//1772
f 3013//1773 3012//1773 3011//1773
f 3014//1774 3013//1774 3011//1774
f 3015//1775 3016//1775 3017//1775
f 3015//1775 3017//1775 3018//1775
f 3189//1768 3188//1768 3187//1768
f 3190//1769 3189//1769 3187//1769
f 3191//1743 3192//1743 3193//1743
f 3191//1743 3193//1743 3194//1743
f 3195//1770 3196//1770 3197//1770
f 3195//1770 3197//1770 3198//1770
f 3201//1771 3200//1771 3199//1771
f 3202//1772 3201//1772 3199//1772
f 3205//1773 3204//1773 3203//1773
f 3206//1774 3205//1774 3203//1774
f 3207//1775 3208//1775 3209//1775
f 3207//1775 3209//1775 3210//1775
g Containers_container_red
usemtl container_red
f 2349//1768 2348//1768 2347//1768
f 2350//1769 2349//1769 2347//1769
f 2351//1743 2352//1743 2353//1743
f 2351//1743 2353//1743 2354//1743
f 2355//1770 2356//1770 2357//1770
f 2355//1770 2357//1770 2358//1770
f 2361//1771 2360//1771 2359//1771
f 2362//1772 2361//1772 2359//1772
f 2365//1773 2364//1773 2363//1773
f 2366//1774 2365//1774 2363//1774
f 2367//1775 2368//1775 2369//1775
f 2367//1775 2369//1775 2370//1775
f 2517//1768 2516//1768 2515//1768
f 2518//1769 2517//1769 2515//1769
f 2519//1743 2520//1743 2521//1743
f 2519//1743 2521//1743 2522//1743
f 2523//1770 2524//1770 2525//1770
f 2523//1770 2525//1770 2526//1770
f 2529//1771 2528//1771 2527//1771
f 2530//1772 2529//1772 2527//1772
f 2533//1773 2532//1773 2531//1773
f 2534//1774 2533//1774 2531//1774
f 2535//1775 2536//1775 2537//1775
f 2535//1775 2537//1775 2538//1775
f 2541//1768 2540//1768 2539//1768
f 2542//1769 2541//1769 2539//1769
f 2543//1743 2544//1743 2545//1743
f 2543//1743 2545//1743 2546//1743
f 2547//1770 2548//1770 2549//1770
f 2547//1770 2549//1770 2550//1770
f 2553//1771 2552//1771 2551//1771
f 2554//1772 2553//1772 2551//1772
f 2557//1773 2556//1773 2555//1773
f 2558//1774 2557//1774 2555//1774
f 2559//1775 2560//1775 2561//1775
f 2559//1775 2561//1775 2562//1775
f 2709//1768 2708//1768 2707//1768
f 2710//1769 2709//1769 2707//1769
f 2711//1743 2712//1743 2713//1743
f 2711//1743 2713//1743 2714//1743
f 2715//1770 2716//1770 2717//1770
f 2715//1770 2717//1770 2718//1770
f 2721//1771 2720//1771 2719//1771
f 2722//1772 2721//1772 2719//1772
f 2725//1773 2724//1773 2723//1773
f 2726//1774 2725//1774 2723//1774
f 2727//1775 2728//1775 2729//1775
f 2727//1775 2729//1775 2730//1775
f 2733//1768 2732//1768 2731//1768
f 2734//1769 2733//1769 2731//1769
f 2735//1743 2736//1743 2737//1743
f 2735//1743 2737//1743 2738//1743
f 2739//1770 2740//1770 2741//1770
f 2739//1770 2741//1770 2742//1770
f 2745//1771 2744//1771 2743//1771
f 2746//1772 2745//1772 2743//1772
f 2749//1773 2748//1773 2747//1773
f 2750//1774 2749//1774 2747//1774
f 2751//1775 2752//1775 2753//1775
f 2751//1775 2753//1775 2754//1775
f 2877//1768 2876//1768 2875//1768
f 2878//1769 2877//1769 2875//1769
f 2879//1743 2880//1743 2881//1743
f 2879//1743 2881//1743 2882//1743
f 2883//1770 2884//1770 2885//1770
f 2883//1770 2885//1770 2886//1770
f 2889//1771 2888//1771 2887//1771
f 2890//1772 2889//1772 2887//1772
f 2893//1773 2892//1773 2891//1773
f 2894//1774 2893//1774 2891//1774
f 2895//1775 2896//1775 2897//1775
f 2895//1775 2897//1775 2898//1775
f 2901//1768 2900//1768 2899//1768
f 2902//1769 2901//1769 2899//1769
f 2903//1743 2904//1743 2905//1743
f 2903//1743 2905//1743 2906//1743
f 2907//1770 2908//1770 2909//1770
f 2907//1770 2909//1770 2910//1770
f 2913//1771 2912//1771 2911//1771
f 2914//1772 2913//1772 2911//1772
f 2917//1773 2916//1773 2915//1773
f 2918//1774 2917//1774 2915//1774
f 2919//1775 2920//1775 2921//1775
f 2919//1775 2921//1775 2922//1775
f 3069//1768 3068//1768 3067//1768
f 3070//1769 3069//1769 3067//1769
f 3071//1743 3072//1743 3073//1743
f 3071//1743 3073//1743 3074//1743
f 3075//1770 3076//1770 3077//1770
f 3075//1770 3077//1770 3078//1770
f 3081//1771 3080//1771 3079//1771
f 3082//1772 3081//1772 3079//1772
f 3085//1773 3084//1773 3083//1773
f 3086//1774 3085//1774 3083//1774
f 3087//1775 3088//1775 3089//1775
f 3087//1775 3089//1775 3090//1775
f 3093//1768 3092//1768 3091//1768
f 3094//1769 3093//1769 3091//1769
f 3095//1743 3096//1743 3097//1743
f 3095//1743 3097//1743 3098//1743
f 3099//1770 3100//1770 3101//1770
f 3099//1770 3101//1770 3102//1770
f 3105//1771 3104//1771 3103//1771
f 3106//1772 3105//1772 3103//1772
f 3109//1773 3108//1773 3107//1773
f 3110//1774 3109//1774 3107//1774
f 3111//1775 3112//1775 3113//1775
f 3111//1775 3113//1775 3114//1775
f 3261//1768 3260//1768 3259//1768
f 3262//1769 3261//1769 3259//1769
f 3263//1743 3264//1743 3265//1743
f 3263//1743 3265//1743 3266//1743
f 3267//1770 3268//1770 3269//1770
f 3267//1770 3269//1770 3270//1770
f 3273//1771 3272//1771 3271//1771
f 3274//1772 3273//1772 3271//1772
f 3277//1773 3276//1773 3275//1773
f 3278//1774 3277//1774 3275//1774
f 3279//1775 3280//1775 3281//1775
f 3279//1775 3281//1775 3282//1775
g Containers_container_rust
usemtl container_rust
f 2469//1768 2468//1768 2467//1768
f 2470//1769 2469//1769 2467//1769
f 2471//1743 2472//1743 2473//1743
f 2471//1743 2473//1743 2474//1743
f 2475//1770 2476//1770 2477//1770
f 2475//1770 2477//1770 2478//1770
f 2481//1771 2480//1771 2479//1771
f 2482//1772 2481//1772 2479//1772
f 2485//1773 2484//1773 2483//1773
f 2486//1774 2485//1774 2483//1774
f 2487//1775 2488//1775 2489//1775
f 2487//1775 2489//1775 2490//1775
f 2661//1768 2660//1768 2659//1768
f 2662//1769 2661//1769 2659//1769
f 2663//1743 2664//1743 2665//1743
f 2663//1743 2665//1743 2666//1743
f 2667//1770 2668//1770 2669//1770
f 2667//1770 2669//1770 2670//1770
f 2673//1771 2672//1771 2671//1771
f 2674//1772 2673//1772 2671//1772
f 2677//1773 2676//1773 2675//1773
f 2678//1774 2677//1774 2675//1774
f 2679//1775 2680//1775 2681//1775
f 2679//1775 2681//1775 2682//1775
f 2829//1768 2828//1768 2827//1768
f 2830//1769 2829//1769 2827//1769
f 2831//1743 2832//1743 2833//1743
f 2831//1743 2833//1743 2834//1743
f 2835//1770 2836//1770 2837//1770
f 2835//1770 2837//1770 2838//1770
f 2841//1771 2840//1771 2839//1771
f 2842//1772 2841//1772 2839//1772
f 2845//1773 2844//1773 2843//1773
f 2846//1774 2845//1774 2843//1774
f 2847//1775 2848//1775 2849//1775
f 2847//1775 2849//1775 2850//1775
f 3021//1768 3020//1768 3019//1768
f 3022//1769 3021//1769 3019//1769
f 3023//1743 3024//1743 3025//1743
f 3023//1743 3025//1743 3026//1743
f 3027//1770 3028//1770 3029//1770
f 3027//1770 3029//1770 3030//1770
f 3033//1771 3032//1771 3031//1771
f 3034//1772 3033//1772 3031//1772
f 3037//1773 3036//1773 3035//1773
f 3038//1774 3037//1774 3035//1774
f 3039//1775 3040//1775 3041//1775
f 3039//1775 3041//1775 3042//1775
f 3213//1768 3212//1768 3211//1768
f 3214//1769 3213//1769 3211//1769
f 3215//1743 3216//1743 3217//1743
f 3215//1743 3217//1743 3218//1743
f 3219//1770 3220//1770 3221//1770
f 3219//1770 3221//1770 3222//1770
f 3225//1771 3224//1771 3223//1771
f 3226//1772 3225//1772 3223//1772
f 3229//1773 3228//1773 3227//1773
f 3230//1774 3229//1774 3227//1774
f 3231//1775 3232//1775 3233//1775
f 3231//1775 3233//1775 3234//1775
g Skeg
usemtl hull_red
f 3285//1768 3284//1768 3283//1768
f 3286//1769 3285//1769 3283//1769
f 3287//1743 3288//1743 3289//1743
f 3287//1743 3289//1743 3290//1743
f 3291//1770 3292//1770 3293//1770
f 3291//1770 3293//1770 3294//1770
f 3297//1771 3296//1771 3295//1771
f 3298//1772 3297//1772 3295//1772
f 3301//1773 3300//1773 3299//1773
f 3302//1774 3301//1774 3299//1774
f 3303//1775 3304//1775 3305//1775
f 3303//1775 3305//1775 3306//1775
g Shaft
usemtl metal_dark
f 3310//1808 3309//1808 3307//1808
f 3308//1808 3310//1808 3307//1808
f 3312//1809 3311//1809 3309//1809
f 3310//1809 3312//1809 3309//1809
f 3314//1743 3313//1743 3311//1743
f 3312//1743 3314//1743 3311//1743
f 3316//1810 3315//1810 3313//1810
f 3314//1810 3316//1810 3313//1810
f 3318//1811 3317//1811 3315//1811
f 3316//1811 3318//1811 3315//1811
f 3320//1812 3319//1812 3317//1812
f 3318//1812 3320//1812 3317//1812
f 3322//1813 3321//1813 3319//1813
f 3320//1813 3322//1813 3319//1813
f 3324//1768 3323//1768 3321//1768
f 3322//1769 3324//1769 3321//1769
f 3326//1814 3325//1814 3323//1814
f 3324//1814 3326//1814 3323//1814
f 3308//1815 3307//1815 3325//1815
f 3326//1815 3308//1815 3325//1815
f 3307//1770 3309//1770 3327//1770
f 3310//1771 3308//1771 3328//1771
f 3309//1816 3311//1816 3327//1816
f 3312//1771 3310//1771 3328//1771
f 3311//1816 3313//1816 3327//1816
f 3314//1772 3312//1772 3328//1772
f 3313//1817 3315//1817 3327//1817
f 3316//1772 3314//1772 3328//1772
f 3315//1817 3317//1817 3327//1817
f 3318//1771 3316//1771 3328//1771
f 3317//1770 3319//1770 3327//1770
f 3320//1782 3318//1782 3328//1782
f 3319//1770 3321//1770 3327//1770
f 3322//1782 3320//1782 3328//1782
f 3321//1770 3323//1770 3327//1770
f 3324//1771 3322//1771 3328//1771
f 3323//1770 3325//1770 3327//1770
f 3326//1771 3324//1771 3328//1771
f 3325//1770 3307//1770 3327//1770
f 3308//1771 3326//1771 3328//1771
g Propeller
usemtl Metal_Chrome
f 3332//1818 3331//1818 3329//1818
f 3330//1818 3332//1818 3329//1818
f 3334//1819 3333//1819 3331//1819
f 3332//1819 3334//1819 3331//1819
f 3336//1820 3335//1820 3333//1820
f 3334//1820 3336//1820 3333//1820
f 3338//1821 3337//1821 3335//1821
f 3336//1821 3338//1821 3335//1821
f 3340//1822 3339//1822 3337//1822
f 3338//1822 3340//1822 3337//1822
f 3342//1823 3341//1823 3339//1823
f 3340//1823 3342//1823 3339//1823
f 3344//1824 3343//1824 3341//1824
f 3342//1824 3344//1824 3341//1824
f 3346//1825 3345//1825 3343//1825
f 3344//1825 3346//1825 3343//1825
f 3348//1826 3347//1826 3345//1826
f 3346//1826 3348//1826 3345//1826
f 3350//1827 3349//1827 3347//1827
f 3348//1827 3350//1827 3347//1827
f 3352//1828 3351//1828 3349//1828
f 3350//1828 3352//1828 3349//1828
f 3330//1829 3329//1829 3351//1829
f 3352//1829 3330//1829 3351//1829
f 3329//1770 3331//1770 3353//1770
f 3332//1771 3330//1771 3354//1771
f 3331//1816 3333//1816 3353//1816
f 3334//1771 3332//1771 3354//1771
f 3333//1816 3335//1816 3353//1816
f 3336//1771 3334//1771 3354//1771
f 3335//1770 3337//1770 3353//1770
f 3338//1772 3336//1772 3354//1772
f 3337//1817 3339//1817 3353//1817
f 3340//1772 3338//1772 3354//1772
f 3339//1817 3341//1817 3353//1817
f 3342//1771 3340//1771 3354//1771
f 3341//1770 3343//1770 3353//1770
f 3344//1782 3342//1782 3354//1782
f 3343//1770 3345//1770 3353//1770
f 3346//1782 3344//1782 3354//1782
f 3345//1770 3347//1770 3353//1770
f 3348//1782 3346//1782 3354//1782
f 3347//1770 3349//1770 3353//1770
f 3350//1771 3348//1771 3354//1771
f 3349//1770 3351//1770 3353//1770
f 3352//1771 3350//1771 3354//1771
f 3351//1770 3329//1770 3353//1770
f 3330//1771 3352//1771 3354//1771
f 3355//1830 3356//1830 3358//1830
f 3355//1831 3358//1831 3357//1831
f 3357//1832 3358//1832 3360//1832
f 3357//1833 3360//1833 3359//1833
f 3359//1834 3360//1834 3362//1834
f 3359//1835 3362//1835 3361//1835
f 3361//1836 3362//1836 3364//1836
f 3361//1837 3364//1837 3363//1837
f 3363//1838 3364//1838 3366//1838
f 3363//1839 3366//1839 3365//1839
f 3365//1840 3366//1840 3368//1840
f 3365//1841 3368//1841 3367//1841
f 3369//1842 3370//1842 3372//1842
f 3369//1843 3372//1843 3371//1843
f 3371//1844 3372//1844 3374//1844
f 3371//1845 3374//1845 3373//1845
f 3373//1846 3374//1846 3376//1846
f 3373//1847 3376//1847 3375//1847
f 3375//1848 3376//1848 3378//1848
f 3375//1849 3378//1849 3377//1849
f 3377//1850 3378//1850 3380//1850
f 3377//1851 3380//1851 3379//1851
f 3379//1852 3380//1852 3382//1852
f 3379//1853 3382//1853 3381//1853
f 3383//1854 3384//1854 3386//1854
f 3383//1855 3386//1855 3385//1855
f 3385//1856 3386//1856 3388//1856
f 3385//1857 3388//1857 3387//1857
f 3387//1858 3388//1858 3390//1858
f 3387//1859 3390//1859 3389//1859
f 3389//1860 3390//1860 3392//1860
f 3389//1861 3392//1861 3391//1861
f 3391//1862 3392//1862 3394//1862
f 3391//1863 3394//1863 3393//1863
f 3393//1864 3394//1864 3396//1864
f 3393//1865 3396//1865 3395//1865
f 3397//1866 3398//1866 3400//1866
f 3397//1867 3400//1867 3399//1867
f 3399//1868 3400//1868 3402//1868
f 3399//1869 3402//1869 3401//1869
f 3401//1870 3402//1870 3404//1870
f 3401//1871 3404//1871 3403//1871
f 3403//1872 3404//1872 3406//1872
f 3403//1873 3406//1873 3405//1873
f 3405//1874 3406//1874 3408//1874
f 3405//1875 3408//1875 3407//1875
f 3407//1876 3408//1876 3410//1876
f 3407//1877 3410//1877 3409//1877
g Rudder
usemtl metal_dark
f 3413//1768 3412//1768 3411//1768
f 3414//1769 3413//1769 3411//1769
f 3415//1743 3416//1743 3417//1743
f 3415//1743 3417//1743 3418//1743
f 3419//1770 3420//1770 3421//1770
f 3419//1770 3421//1770 3422//1770
f 3425//1771 3424//1771 3423//1771
f 3426//1772 3425//1772 3423//1772
f 3429//1773 3428//1773 3427//1773
f 3430//1774 3429//1774 3427//1774
f 3431//1775 3432//1775 3433//1775
f 3431//1775 3433//1775 3434//1775
f 3437//1768 3436//1768 3435//1768
f 3438//1769 3437//1769 3435//1769
f 3439//1743 3440//1743 3441//1743
f 3439//1743 3441//1743 3442//1743
f 3443//1770 3444//1770 3445//1770
f 3443//1770 3445//1770 3446//1770
f 3449//1771 3448//1771 3447//1771
f 3450//1772 3449//1772 3447//1772
f 3453//1773 3452//1773 3451//1773
f 3454//1774 3453//1774 3451//1774
f 3455//1775 3456//1775 3457//1775
f 3455//1775 3457//1775 3458//1775
# EOF
