# Blender OBJ File: C:\junk\torpedo.blend
# www.blender.org
mtllib torpedo.mtl
v 0.562481 14.200000 -0.065500
v 0.378438 14.200000 0.057109
v 0.050409 14.200000 -0.005436
v 0.043977 14.200000 0.025232
v 0.905867 14.200000 0.149716
v 1.007074 14.200000 0.053732
v 1.033631 14.200000 0.192160
v 0.979760 14.200000 0.220100
v 0.715839 14.200000 0.073346
v 0.849588 14.200000 -0.058138
v -0.715839 14.200000 -0.073346
v -0.378438 14.200000 -0.057109
v -0.562481 14.200000 0.065500
v -0.849588 14.200000 0.058138
v -1.007074 14.200000 -0.053732
v -0.905867 14.200000 -0.149716
v -1.033631 14.200000 -0.192160
v -0.979760 14.200000 -0.220099
v -0.050409 14.200000 0.005436
v -0.043977 14.200000 -0.025232
v -0.493557 14.200000 -0.277627
v -0.272595 14.200000 -0.268643
v -0.020747 14.200000 -0.046262
v -0.644861 14.200000 -0.653578
v -0.783157 14.200000 -0.635414
v -0.723276 14.200000 -0.763014
v -0.663271 14.200000 -0.753952
v -0.536014 14.200000 -0.480098
v -0.721504 14.200000 -0.452340
v 0.536014 14.200000 0.480098
v 0.272595 14.200000 0.268643
v 0.493557 14.200000 0.277627
v 0.721504 14.200000 0.452341
v 0.783157 14.200000 0.635414
v 0.644861 14.200000 0.653578
v 0.723276 14.200000 0.763014
v 0.663271 14.200000 0.753953
v 0.020747 14.200000 0.046262
v 0.236110 14.200000 0.514711
v 0.062630 14.200000 0.377564
v -0.010407 14.200000 0.049622
v 0.137540 14.200000 0.907796
v 0.260100 14.200000 0.974389
v 0.136654 14.200000 1.042423
v 0.093435 14.200000 0.999821
v 0.151450 14.200000 0.703468
v 0.317830 14.200000 0.790041
v -0.151450 14.200000 -0.703468
v -0.062630 14.200000 -0.377564
v -0.236111 14.200000 -0.514711
v -0.317830 14.200000 -0.790041
v -0.260101 14.200000 -0.974389
v -0.137540 14.200000 -0.907796
v -0.136654 14.200000 -1.042423
v -0.093435 14.200000 -0.999821
v 0.010407 14.200000 -0.049622
v 0.111522 14.200000 -0.555192
v 0.171258 14.200000 -0.342268
v 0.037587 14.200000 -0.034028
v 0.422316 14.200000 -0.815266
v 0.362305 14.200000 -0.941180
v 0.502165 14.200000 -0.923661
v 0.512089 14.200000 -0.863792
v 0.290963 14.200000 -0.658138
v 0.207244 14.200000 -0.825972
v -0.290963 14.200000 0.658138
v -0.171258 14.200000 0.342268
v -0.111522 14.200000 0.555192
v -0.207244 14.200000 0.825972
v -0.362306 14.200000 0.941180
v -0.422317 14.200000 0.815266
v -0.502165 14.200000 0.923661
v -0.512089 14.200000 0.863792
v -0.037587 14.200000 0.034028
v -0.416557 14.200000 0.383609
v -0.339731 14.200000 0.176238
v -0.820863 14.200000 0.411333
v -0.846323 14.200000 0.548473
v -0.949175 14.200000 0.452092
v -0.922013 14.200000 0.397824
v -0.622238 14.200000 0.361421
v -0.653158 14.200000 0.546410
v 0.622237 14.200000 -0.361421
v 0.339731 14.200000 -0.176238
v 0.416557 14.200000 -0.383609
v 0.653158 14.200000 -0.546410
v 0.846323 14.200000 -0.548473
v 0.820863 14.200000 -0.411333
v 0.949174 14.200000 -0.452092
v 0.922014 14.200000 -0.397824
v -0.000000 14.200000 -0.000000
v -0.899549 4.000000 1.091242
v -1.059180 -10.000000 0.937090
v -0.619949 -10.000000 1.271088
v -0.413476 4.000000 1.352419
v -1.248676 4.000000 0.663934
v -1.337163 -10.000000 0.460427
v -1.407702 4.000000 0.135547
v -1.411576 -10.000000 -0.086331
v -1.352419 4.000000 -0.413476
v -1.271088 -10.000000 -0.619946
v -1.091242 4.000000 -0.899550
v -0.937089 -10.000000 -1.059181
v -0.663933 4.000000 -1.248677
v -0.460426 -10.000000 -1.337164
v -0.135546 4.000000 -1.407703
v 0.086333 -10.000000 -1.411576
v 0.413477 4.000000 -1.352419
v 0.619948 -10.000000 -1.271088
v 0.899551 4.000000 -1.091242
v 1.059182 -10.000000 -0.937088
v 1.248677 4.000000 -0.663933
v 1.337165 -10.000000 -0.460425
v 1.407703 4.000000 -0.135546
v 1.411576 -10.000000 0.086333
v 1.352419 4.000000 0.413476
v 1.271088 -10.000000 0.619949
v 1.091242 4.000000 0.899550
v 0.937088 -10.000000 1.059182
v 0.663933 4.000000 1.248676
v 0.460425 -10.000000 1.337165
v 0.135546 4.000000 1.407703
v -0.086334 -10.000000 1.411576
v -0.525188 10.300000 0.543848
v -0.277089 10.300000 0.703431
v -0.104825 12.318556 0.428766
v -0.431063 12.318882 0.094700
v 0.013195 10.300000 0.755923
v 0.301470 10.300000 0.693332
v 0.109814 12.318556 0.427219
v 0.543849 10.300000 0.525188
v 0.703432 10.300000 0.277089
v 0.421614 12.318882 0.092439
v 0.755924 10.300000 -0.013195
v 0.693333 10.300000 -0.301470
v 0.420073 12.318882 -0.122200
v 0.525189 10.300000 -0.543849
v 0.277089 10.300000 -0.703432
v 0.107553 12.318556 -0.428767
v -0.013194 10.300000 -0.755924
v -0.301470 10.300000 -0.693333
v -0.107086 12.318556 -0.427220
v -0.543849 10.300000 -0.525189
v -0.703431 10.300000 -0.277089
v -0.432604 12.318882 -0.119939
v -0.755923 10.300000 0.013195
v -0.693332 10.300000 0.301470
v -1.009773 6.800000 0.774827
v -0.636396 6.800000 1.102270
v -1.229422 6.800000 0.329424
v -1.261903 6.800000 -0.166132
v -1.102270 6.800000 -0.636396
v -0.774827 6.800000 -1.009774
v -0.329423 6.800000 -1.229423
v 0.166133 6.800000 -1.261903
v 0.636397 6.800000 -1.102270
v 1.009774 6.800000 -0.774827
v 1.229423 6.800000 -0.329423
v 1.261903 6.800000 0.166133
v 1.102270 6.800000 0.636396
v 0.774827 6.800000 1.009774
v 0.329423 6.800000 1.229423
v -0.166133 6.800000 1.261903
v 0.078926 13.839621 -0.203912
v -0.080606 13.839621 -0.203216
v 0.000000 13.839621 -0.010991
v -0.078926 13.839621 0.181930
v 0.080607 13.839621 0.181234
v 0.192921 13.839621 0.067935
v -0.192225 13.839621 0.069616
v 0.192225 13.839621 -0.091598
v -0.192921 13.839621 -0.089917
v 0.092018 14.716608 0.079994
v -0.090984 14.716608 0.081027
v -0.092017 14.716608 -0.101976
v 0.090986 14.716608 -0.103008
v -0.090984 14.516607 0.081026
v -0.092017 14.516607 -0.101976
v 0.090986 14.516607 -0.103008
v 0.092018 14.516607 0.079994
v 0.870716 14.716608 -0.098757
v 1.131931 14.516607 -0.098757
v 1.134017 14.516607 0.073219
v -0.870714 14.716608 0.076777
v -1.131929 14.516607 0.076777
v -1.134015 14.516609 -0.095200
v -0.087767 14.516607 -1.142921
v 0.084210 14.516607 -1.145007
v -0.087767 14.716608 -0.881707
v 0.084210 14.716608 -0.883311
v 0.087767 14.516607 1.120939
v -0.084210 14.516607 1.123024
v 0.087767 14.716608 0.859724
v -0.084210 14.716608 0.861328
v -0.914315 12.681276 -0.095202
v -1.134015 13.916609 -0.095201
v -1.131929 13.916607 0.076776
v -0.912654 12.681275 0.076775
v 0.892334 12.681274 0.073218
v 1.134016 13.916607 0.073219
v 1.131930 13.916607 -0.098758
v 0.890673 12.681275 -0.098759
v 1.168518 13.239620 -0.099631
v 1.169962 13.239620 0.072346
v 1.298353 13.916607 -0.099630
v 1.299958 13.916607 0.072346
v -1.298353 13.916609 0.077649
v -1.168518 13.239622 0.077648
v -1.169961 13.239622 -0.094328
v -1.299957 13.916609 -0.094328
v -1.298352 14.516609 0.077649
v -1.299957 14.516609 -0.094327
v 1.298354 14.516607 -0.099630
v 1.299958 14.516607 0.072347
v 1.299958 14.716606 0.072347
v 0.872321 14.716608 0.073220
v 1.298354 14.716606 -0.099630
v -1.299957 14.716608 -0.094327
v -0.872319 14.716608 -0.095200
v -1.298352 14.716608 0.077649
v -0.083337 14.516607 1.288966
v 0.088640 14.516607 1.287362
v 0.088640 14.716608 1.287362
v -0.083337 14.716608 1.288966
v 0.083337 14.516607 -1.310949
v -0.088639 14.516607 -1.309344
v -0.088639 14.716608 -1.309344
v 0.083337 14.716608 -1.310949
v 0.087767 13.916607 1.120939
v -0.084210 13.916607 1.123024
v -0.087767 13.916607 -1.142921
v 0.084210 13.916607 -1.145007
v 0.083337 13.916607 -1.310949
v -0.088639 13.916607 -1.309344
v -0.083337 13.916607 1.288966
v 0.088640 13.916607 1.287362
v -0.083337 13.239621 1.158971
v 0.088640 13.239621 1.157527
v -0.084210 12.681275 0.903324
v 0.087767 12.681275 0.901663
v 0.083337 13.239621 -1.180953
v -0.088639 13.239621 -1.179509
v 0.084210 12.681275 -0.903325
v -0.087767 12.681275 -0.901664
v -1.255439 -10.246815 -0.612314
v -1.394197 -10.246815 -0.085268
v -0.925551 -10.246815 -1.046140
v -0.454757 -10.246815 -1.320701
v 0.085270 -10.246815 -1.394197
v 0.612315 -10.246815 -1.255438
v 1.046141 -10.246815 -0.925551
v 1.320701 -10.246815 -0.454756
v 1.394197 -10.246815 0.085271
v 1.255438 -10.246815 0.612316
v 0.925550 -10.246815 1.046141
v 0.454756 -10.246815 1.320701
v -0.085271 -10.246815 1.394197
v -0.612316 -10.246815 1.255438
v -1.046139 -10.246815 0.925553
v -1.320700 -10.246815 0.454759
v -1.208877 -10.487552 -0.589604
v -1.342488 -10.487552 -0.082106
v -0.891224 -10.487552 -1.007341
v -0.437891 -10.487552 -1.271718
v 0.082107 -10.487552 -1.342488
v 0.589605 -10.487552 -1.208876
v 1.007341 -10.487552 -0.891223
v 1.271719 -10.487552 -0.437890
v 1.342488 -10.487552 0.082108
v 1.208876 -10.487552 0.589606
v 0.891223 -10.487552 1.007341
v 0.437890 -10.487552 1.271719
v -0.082108 -10.487552 1.342488
v -0.589606 -10.487552 1.208876
v -1.007340 -10.487552 0.891225
v -1.271718 -10.487552 0.437892
v -1.132548 -10.716284 -0.552376
v -1.257723 -10.716284 -0.076922
v -0.834952 -10.716284 -0.943737
v -0.410242 -10.716284 -1.191422
v 0.076923 -10.716284 -1.257723
v 0.552378 -10.716284 -1.132547
v 0.943737 -10.716284 -0.834951
v 1.191422 -10.716284 -0.410242
v 1.257723 -10.716284 0.076924
v 1.132547 -10.716284 0.552378
v 0.834951 -10.716284 0.943738
v 0.410241 -10.716284 1.191422
v -0.076924 -10.716284 1.257723
v -0.552378 -10.716284 1.132547
v -0.943736 -10.716284 0.834953
v -1.191421 -10.716284 0.410244
v -1.028332 -10.927379 -0.501547
v -1.141989 -10.927379 -0.069843
v -0.758121 -10.927379 -0.856895
v -0.372492 -10.927379 -1.081788
v 0.069845 -10.927379 -1.141989
v 0.501548 -10.927379 -1.028331
v 0.856896 -10.927379 -0.758120
v 1.081788 -10.927379 -0.372492
v 1.141989 -10.927379 0.069845
v 1.028331 -10.927379 0.501549
v 0.758120 -10.927379 0.856896
v 0.372491 -10.927379 1.081788
v -0.069845 -10.927379 1.141988
v -0.501549 -10.927379 1.028331
v -0.856894 -10.927379 0.758122
v -1.081788 -10.927379 0.372493
v -0.898795 -11.115639 -0.438368
v -0.998135 -11.115639 -0.061045
v -0.662622 -11.115639 -0.748954
v -0.325570 -11.115639 -0.945518
v 0.061046 -11.115639 -0.998135
v 0.438369 -11.115639 -0.898795
v 0.748954 -11.115639 -0.662621
v 0.945518 -11.115639 -0.325570
v 0.998135 -11.115639 0.061047
v 0.898794 -11.115639 0.438370
v 0.662621 -11.115639 0.748954
v 0.325569 -11.115639 0.945518
v -0.061047 -11.115639 0.998135
v -0.438370 -11.115639 0.898794
v -0.748953 -11.115639 0.662623
v -0.945517 -11.115639 0.325571
v -0.747127 -11.276428 -0.364395
v -0.829703 -11.276428 -0.050744
v -0.550807 -11.276428 -0.622571
v -0.270632 -11.276428 -0.785965
v 0.050745 -11.276428 -0.829703
v 0.364396 -11.276428 -0.747126
v 0.622571 -11.276428 -0.550806
v 0.785965 -11.276428 -0.270631
v 0.829703 -11.276428 0.050746
v 0.747126 -11.276428 0.364397
v 0.550806 -11.276428 0.622571
v 0.270631 -11.276428 0.785965
v -0.050746 -11.276428 0.829703
v -0.364397 -11.276428 0.747126
v -0.622570 -11.276428 0.550808
v -0.785965 -11.276428 0.270632
v -0.577062 -11.405787 -0.281450
v -0.640842 -11.405787 -0.039194
v -0.425429 -11.405787 -0.480858
v -0.209029 -11.405787 -0.607060
v 0.039194 -11.405787 -0.640842
v 0.281450 -11.405787 -0.577062
v 0.480858 -11.405787 -0.425429
v 0.607060 -11.405787 -0.209028
v 0.640842 -11.405787 0.039195
v 0.577062 -11.405787 0.281451
v 0.425429 -11.405787 0.480858
v 0.209028 -11.405787 0.607060
v -0.039195 -11.405787 0.640842
v -0.281451 -11.405787 0.577061
v -0.480857 -11.405787 0.425430
v -0.607059 -11.405787 0.209030
v -0.392788 -11.500531 -0.191574
v -0.436201 -11.500531 -0.026678
v -0.289576 -11.500531 -0.327305
v -0.142279 -11.500531 -0.413206
v 0.026678 -11.500531 -0.436201
v 0.191574 -11.500531 -0.392788
v 0.327305 -11.500531 -0.289576
v 0.413206 -11.500531 -0.142279
v 0.436201 -11.500531 0.026678
v 0.392788 -11.500531 0.191575
v 0.289576 -11.500531 0.327305
v 0.142279 -11.500531 0.413206
v -0.026679 -11.500531 0.436201
v -0.191575 -11.500531 0.392788
v -0.327304 -11.500531 0.289577
v -0.413206 -11.500531 0.142280
v -0.198842 -11.558326 -0.096981
v -0.220819 -11.558326 -0.013505
v -0.146593 -11.558326 -0.165692
v -0.072026 -11.558326 -0.209178
v 0.013505 -11.558326 -0.220819
v 0.096981 -11.558326 -0.198842
v 0.165692 -11.558326 -0.146593
v 0.209179 -11.558326 -0.072026
v 0.220819 -11.558326 0.013506
v 0.198842 -11.558326 0.096981
v 0.146593 -11.558326 0.165692
v 0.072026 -11.558326 0.209179
v -0.013506 -11.558326 0.220819
v -0.096981 -11.558326 0.198842
v -0.165692 -11.558326 0.146593
v -0.209178 -11.558326 0.072027
v 0.000000 -11.577751 0.000000
vt 0.000000 0.000000
vt 0.000000 0.000000
vt 0.000000 0.000000
vt 0.000000 0.000000
vt 0.000000 0.000000
vt 0.000000 0.000000
vt 0.000000 0.000000
vt 0.000000 0.000000
vt 0.000000 0.000000
vt 0.000000 0.000000
vt 0.000000 0.000000
vt 0.000000 0.000000
vt 0.000000 0.000000
vt 0.000000 0.000000
vt 0.000000 0.000000
vt 0.000000 0.000000
vt 0.000000 0.000000
vt 0.000000 0.000000
vt 0.000000 0.000000
vt 0.000000 0.000000
vt 0.000000 0.000000
vt 0.000000 0.000000
vt 0.000000 0.000000
vt 0.000000 0.000000
vt 0.000000 0.000000
vt 0.000000 0.000000
vt 0.000000 0.000000
vt 0.000000 0.000000
vt 0.000000 0.000000
vt 0.000000 0.000000
vt 0.000000 0.000000
vt 0.000000 0.000000
vt 0.000000 0.000000
vt 0.000000 0.000000
vt 0.000000 0.000000
vt 0.000000 0.000000
vt 0.000000 0.000000
vt 0.000000 0.000000
vt 0.000000 0.000000
vt 0.000000 0.000000
vt 0.000000 0.000000
vt 0.000000 0.000000
vt 0.000000 0.000000
vt 0.000000 0.000000
vt 0.000000 0.000000
vt 0.000000 0.000000
vt 0.000000 0.000000
vt 0.000000 0.000000
vt 0.000000 0.000000
vt 0.000000 0.000000
vt 0.000000 0.000000
vt 0.000000 0.000000
vt 0.000000 0.000000
vt 0.000000 0.000000
vt 0.000000 0.000000
vt 0.000000 0.000000
vt 0.000000 0.000000
vt 0.000000 0.000000
vt 0.000000 0.000000
vt 0.000000 0.000000
vt 0.000000 0.000000
vt 0.000000 0.000000
vt 0.000000 0.000000
vt 0.000000 0.000000
vt 0.000000 0.000000
vt 0.000000 0.000000
vt 0.000000 0.000000
vt 0.000000 0.000000
vt 0.000000 0.000000
vt 0.000000 0.000000
vt 0.000000 0.000000
vt 0.000000 0.000000
vt 0.000000 0.000000
vt 0.000000 0.000000
vt 0.000000 0.000000
vt 0.000000 0.000000
vt 0.000000 0.000000
vt 0.000000 0.000000
vt 0.000000 0.000000
vt 0.000000 0.000000
vt 0.000000 0.000000
vt 0.000000 0.000000
vt 0.000000 0.000000
vt 0.000000 0.000000
vt 0.000000 0.000000
vt 0.000000 0.000000
vt 0.000000 0.000000
vt 0.000000 0.000000
vt 0.000000 0.000000
vt 0.000000 0.000000
vt 0.000000 0.000000
vt 0.000000 0.000000
vt 0.000000 0.000000
vt 0.000000 0.000000
vt 0.000000 0.000000
vt 0.000000 0.000000
vt 0.000000 0.000000
vt 0.000000 0.000000
vt 0.000000 0.000000
vt 0.000000 0.000000
vt 0.000000 0.000000
vt 0.000000 0.000000
vt 0.000000 0.000000
vt 0.000000 0.000000
vt 0.000000 0.000000
vt 0.000000 0.000000
vt 0.000000 0.000000
vt 0.000000 0.000000
vt 0.000000 0.000000
vt 0.000000 0.000000
vt 0.000000 0.000000
vt 0.000000 0.000000
vt 0.000000 0.000000
vt 0.000000 0.000000
vt 0.000000 0.000000
vt 0.000000 0.000000
vt 0.000000 0.000000
vt 0.000000 0.000000
vt 0.000000 0.000000
vt 0.000000 0.000000
vt 0.000000 0.000000
vt 0.000000 0.000000
vt 0.000000 0.000000
vt 0.000000 0.000000
vt 0.000000 0.000000
vt 0.000000 0.000000
vt 0.000000 0.000000
vt 0.000000 0.000000
vt 0.000000 0.000000
vt 0.000000 0.000000
vt 0.000000 0.000000
vt 0.000000 0.000000
vt 0.000000 0.000000
vt 0.000000 0.000000
vt 0.000000 0.000000
vt 0.000000 0.000000
vt 0.000000 0.000000
vt 0.000000 0.000000
vt 0.000000 0.000000
vt 0.000000 0.000000
vt 0.000000 0.000000
vt 0.000000 0.000000
vt 0.000000 0.000000
vt 0.000000 0.000000
vt 0.000000 0.000000
vt 0.000000 0.000000
vt 0.000000 0.000000
vt 0.000000 0.000000
vt 0.000000 0.000000
vt 0.000000 0.000000
vt 0.000000 0.000000
vt 0.000000 0.000000
vt 0.000000 0.000000
vt 0.000000 0.000000
vt 0.000000 0.000000
vt 0.000000 0.000000
vt 0.000000 0.000000
vt 0.000000 0.000000
vt 0.000000 0.000000
vt 0.000000 0.000000
vt 0.000000 0.000000
vt 0.000000 0.000000
vt 0.000000 0.000000
vt 0.000000 0.000000
vt 0.000000 0.000000
vt 0.000000 0.000000
vt 0.000000 0.000000
vt 0.000000 0.000000
vt 0.000000 0.000000
vt 0.000000 0.000000
vt 0.000000 0.000000
vt 0.000000 0.000000
vt 0.000000 0.000000
vt 0.000000 0.000000
vt 0.000000 0.000000
vt 0.000000 0.000000
vt 0.000000 0.000000
vt 0.000000 0.000000
vt 0.000000 0.000000
vt 0.000000 0.000000
vt 0.000000 0.000000
vt 0.000000 0.000000
vt 0.000000 0.000000
vt 0.000000 0.000000
vt 0.000000 0.000000
vt 0.000000 0.000000
vt 0.000000 0.000000
vt 0.000000 0.000000
vt 0.000000 0.000000
vt 0.000000 0.000000
vt 0.000000 0.000000
vt 0.000000 0.000000
vt 0.000000 0.000000
vt 0.000000 0.000000
vt 0.000000 0.000000
vt 0.000000 0.000000
vt 0.000000 0.000000
vt 0.000000 0.000000
vt 0.000000 0.000000
vt 0.000000 0.000000
vt 0.000000 0.000000
vt 0.000000 0.000000
vt 0.000000 0.000000
vt 0.000000 0.000000
vt 0.000000 0.000000
vt 0.000000 0.000000
vt 0.000000 0.000000
vt 0.000000 0.000000
vt 0.000000 0.000000
vt 0.000000 0.000000
vt 0.000000 0.000000
vt 0.000000 0.000000
vt 0.000000 0.000000
vt 0.000000 0.000000
vt 0.000000 0.000000
vt 0.000000 0.000000
vt 0.000000 0.000000
vt 0.000000 0.000000
vt 0.000000 0.000000
vt 0.000000 0.000000
vt 0.000000 0.000000
vt 0.000000 0.000000
vt 0.000000 0.000000
vt 0.000000 0.000000
vt 0.000000 0.000000
vt 0.000000 0.000000
vt 0.000000 0.000000
vt 0.000000 0.000000
vt 0.000000 0.000000
vt 0.000000 0.000000
vt 0.000000 0.000000
vt 0.000000 0.000000
vt 0.000000 0.000000
vt 0.000000 0.000000
vt 0.000000 0.000000
vt 0.000000 0.000000
vt 0.000000 0.000000
vt 0.000000 0.000000
vt 0.000000 0.000000
vt 0.000000 0.000000
vt 0.000000 0.000000
vt 0.000000 0.000000
vt 0.000000 0.000000
vt 0.000000 0.000000
vt 0.000000 0.000000
vt 0.000000 0.000000
vt 0.000000 0.000000
vt 0.000000 0.000000
vt 0.000000 0.000000
vt 0.000000 0.000000
vt 0.000000 0.000000
vt 0.000000 0.000000
vt 0.000000 0.000000
vt 0.000000 0.000000
vt 0.000000 0.000000
vt 0.000000 0.000000
vt 0.000000 0.000000
vt 0.000000 0.000000
vt 0.000000 0.000000
vt 0.000000 0.000000
vt 0.000000 0.000000
vt 0.000000 0.000000
vt 0.000000 0.000000
vt 0.000000 0.000000
vt 0.000000 0.000000
vt 0.000000 0.000000
vt 0.000000 0.000000
vt 0.000000 0.000000
vt 0.000000 0.000000
vt 0.000000 0.000000
vt 0.000000 0.000000
vt 0.000000 0.000000
vt 0.000000 0.000000
vt 0.000000 0.000000
vt 0.000000 0.000000
vt 0.000000 0.000000
vt 0.000000 0.000000
vt 0.000000 0.000000
vt 0.000000 0.000000
vt 0.000000 0.000000
vt 0.000000 0.000000
vt 0.000000 0.000000
vt 0.000000 0.000000
vt 0.000000 0.000000
vt 0.000000 0.000000
vt 0.000000 0.000000
vt 0.000000 0.000000
vt 0.000000 0.000000
vt 0.000000 0.000000
vt 0.000000 0.000000
vt 0.000000 0.000000
vt 0.000000 0.000000
vt 0.000000 0.000000
vt 0.000000 0.000000
vt 0.000000 0.000000
vt 0.000000 0.000000
vt 0.000000 0.000000
vt 0.000000 0.000000
vt 0.000000 0.000000
vt 0.000000 0.000000
vt 0.000000 0.000000
vt 0.000000 0.000000
vt 0.000000 0.000000
vt 0.000000 0.000000
vt 0.000000 0.000000
vt 0.000000 0.000000
vt 0.000000 0.000000
vt 0.000000 0.000000
vt 0.000000 0.000000
vt 0.000000 0.000000
vt 0.000000 0.000000
vt 0.000000 0.000000
vt 0.000000 0.000000
vt 0.000000 0.000000
vt 0.000000 0.000000
vt 0.000000 0.000000
vt 0.000000 0.000000
vt 0.000000 0.000000
vt 0.000000 0.000000
vt 0.000000 0.000000
vt 0.000000 0.000000
vt 0.000000 0.000000
vt 0.000000 0.000000
vt 0.000000 0.000000
vt 0.000000 0.000000
vt 0.000000 0.000000
vt 0.000000 0.000000
vt 0.000000 0.000000
vt 0.000000 0.000000
vt 0.000000 0.000000
vt 0.000000 0.000000
vt 0.000000 0.000000
vt 0.000000 0.000000
vt 0.000000 0.000000
vt 0.000000 0.000000
vt 0.000000 0.000000
vt 0.000000 0.000000
vt 0.000000 0.000000
vt 0.000000 0.000000
vt 0.000000 0.000000
vt 0.000000 0.000000
vt 0.000000 0.000000
vt 0.000000 0.000000
vt 0.000000 0.000000
vt 0.000000 0.000000
vt 0.000000 0.000000
vt 0.000000 0.000000
vt 0.000000 0.000000
vt 0.000000 0.000000
vt 0.000000 0.000000
vt 0.000000 0.000000
vt 0.000000 0.000000
vt 0.000000 0.000000
vt 0.000000 0.000000
vt 0.000000 0.000000
vt 0.000000 0.000000
vt 0.000000 0.000000
vt 0.000000 0.000000
vt 0.000000 0.000000
vt 0.000000 0.000000
vt 0.000000 0.000000
vt 0.000000 0.000000
vt 0.000000 0.000000
vt 0.000000 0.000000
vt 0.000000 0.000000
vt 0.000000 0.000000
vt 0.000000 0.000000
vt 0.000000 0.000000
vt 0.000000 0.000000
vt 0.000000 0.000000
vt 0.000000 0.000000
vt 0.000000 0.000000
vt 0.000000 0.000000
vt 0.000000 0.000000
vt 0.000000 0.000000
vt 0.000000 0.000000
vt 0.000000 0.000000
vt 0.000000 0.000000
vt 0.000000 0.000000
vt 0.000000 0.000000
vt 0.000000 0.000000
vt 0.000000 0.000000
vt 0.000000 0.000000
vt 0.000000 0.000000
vt 0.000000 0.000000
vt 0.000000 0.000000
vt 0.000000 0.000000
vt 0.000000 0.000000
vt 0.000000 0.000000
vt 0.000000 0.000000
vt 0.000000 0.000000
vt 0.000000 0.000000
vt 0.000000 0.000000
vt 0.000000 0.000000
vt 0.000000 0.000000
vt 0.000000 0.000000
vt 0.000000 0.000000
vt 0.000000 0.000000
vt 0.000000 0.000000
vt 0.000000 0.000000
vt 0.000000 0.000000
vt 0.000000 0.000000
vt 0.000000 0.000000
vt 0.000000 0.000000
vt 0.000000 0.000000
vt 0.000000 0.000000
vt 0.000000 0.000000
vt 0.000000 0.000000
vt 0.000000 0.000000
vt 0.000000 0.000000
vt 0.000000 0.000000
vt 0.000000 0.000000
vt 0.000000 0.000000
vt 0.000000 0.000000
vt 0.000000 0.000000
vt 0.000000 0.000000
vt 0.000000 0.000000
vt 0.000000 0.000000
vt 0.000000 0.000000
vt 0.000000 0.000000
vt 0.000000 0.000000
vt 0.000000 0.000000
vt 0.000000 0.000000
vt 0.000000 0.000000
vt 0.000000 0.000000
vt 0.000000 0.000000
vt 0.000000 0.000000
vt 0.000000 0.000000
vt 0.000000 0.000000
vt 0.000000 0.000000
vt 0.000000 0.000000
vt 0.000000 0.000000
vt 0.000000 0.000000
vt 0.000000 0.000000
vt 0.000000 0.000000
vt 0.000000 0.000000
vt 0.000000 0.000000
vt 0.000000 0.000000
vt 0.000000 0.000000
vt 0.000000 0.000000
vt 0.000000 0.000000
vt 0.000000 0.000000
vt 0.000000 0.000000
vt 0.000000 0.000000
vt 0.000000 0.000000
vt 0.000000 0.000000
vt 0.000000 0.000000
vt 0.000000 0.000000
vt 0.000000 0.000000
vt 0.000000 0.000000
vt 0.000000 0.000000
vt 0.000000 0.000000
vt 0.000000 0.000000
vt 0.000000 0.000000
vt 0.000000 0.000000
vt 0.000000 0.000000
vt 0.000000 0.000000
vt 0.000000 0.000000
vt 0.000000 0.000000
vt 0.000000 0.000000
vt 0.000000 0.000000
vt 0.000000 0.000000
vt 0.000000 0.000000
vt 0.000000 0.000000
vt 0.000000 0.000000
vt 0.000000 0.000000
vt 0.000000 0.000000
vt 0.000000 0.000000
vt 0.000000 0.000000
vt 0.000000 0.000000
vt 0.000000 0.000000
vt 0.000000 0.000000
vt 0.000000 0.000000
vt 0.000000 0.000000
vt 0.000000 0.000000
vt 0.000000 0.000000
vt 0.000000 0.000000
vt 0.000000 0.000000
vt 0.000000 0.000000
vt 0.000000 0.000000
vt 0.000000 0.000000
vt 0.000000 0.000000
vt 0.000000 0.000000
vt 0.000000 0.000000
vt 0.000000 0.000000
vt 0.000000 0.000000
vt 0.000000 0.000000
vt 0.000000 0.000000
vt 0.000000 0.000000
vt 0.000000 0.000000
vt 0.000000 0.000000
vt 0.000000 0.000000
vt 0.000000 0.000000
vt 0.000000 0.000000
vt 0.000000 0.000000
vt 0.000000 0.000000
vt 0.000000 0.000000
vt 0.000000 0.000000
vt 0.000000 0.000000
vt 0.000000 0.000000
vt 0.000000 0.000000
vt 0.000000 0.000000
vt 0.000000 0.000000
vt 0.000000 0.000000
vt 0.000000 0.000000
vt 0.000000 0.000000
vt 0.000000 0.000000
vt 0.000000 0.000000
vt 0.000000 0.000000
vt 0.000000 0.000000
vt 0.000000 0.000000
vt 0.000000 0.000000
vt 0.000000 0.000000
vt 0.000000 0.000000
vt 0.000000 0.000000
vt 0.000000 0.000000
vt 0.000000 0.000000
vt 0.000000 0.000000
vt 0.000000 0.000000
vt 0.000000 0.000000
vt 0.000000 0.000000
vt 0.000000 0.000000
vt 0.000000 0.000000
vt 0.000000 0.000000
vt 0.000000 0.000000
vt 0.000000 0.000000
vt 0.000000 0.000000
vt 0.000000 0.000000
vt 0.000000 0.000000
vt 0.000000 0.000000
vt 0.000000 0.000000
vt 0.000000 0.000000
vt 0.000000 0.000000
vt 0.000000 0.000000
vt 0.000000 0.000000
vt 0.000000 0.000000
vt 0.000000 0.000000
vt 0.000000 0.000000
vt 0.000000 0.000000
vt 0.000000 0.000000
vt 0.000000 0.000000
vt 0.000000 0.000000
vt 0.000000 0.000000
vt 0.000000 0.000000
vt 0.000000 0.000000
vt 0.000000 0.000000
vt 0.000000 0.000000
vt 0.000000 0.000000
vt 0.000000 0.000000
vt 0.000000 0.000000
vt 0.000000 0.000000
vt 0.000000 0.000000
vt 0.000000 0.000000
vt 0.000000 0.000000
vt 0.000000 0.000000
vt 0.000000 0.000000
vt 0.000000 0.000000
vt 0.000000 0.000000
vt 0.000000 0.000000
vt 0.000000 0.000000
vt 0.000000 0.000000
vt 0.000000 0.000000
vt 0.000000 0.000000
vt 0.000000 0.000000
vt 0.000000 0.000000
vt 0.000000 0.000000
vt 0.000000 0.000000
vt 0.000000 0.000000
vt 0.000000 0.000000
vt 0.000000 0.000000
vt 0.000000 0.000000
vt 0.000000 0.000000
vt 0.000000 0.000000
vt 0.000000 0.000000
vt 0.000000 0.000000
vt 0.000000 0.000000
vt 0.000000 0.000000
vt 0.000000 0.000000
vt 0.000000 0.000000
vt 0.000000 0.000000
vt 0.000000 0.000000
vt 0.000000 0.000000
vt 0.000000 0.000000
vt 0.000000 0.000000
vt 0.000000 0.000000
vt 0.000000 0.000000
vt 0.000000 0.000000
vt 0.000000 0.000000
vt 0.000000 0.000000
vt 0.000000 0.000000
vt 0.000000 0.000000
vt 0.000000 0.000000
vt 0.000000 0.000000
vt 0.000000 0.000000
vt 0.000000 0.000000
vt 0.000000 0.000000
vt 0.000000 0.000000
vt 0.000000 0.000000
vt 0.000000 0.000000
vt 0.000000 0.000000
vt 0.000000 0.000000
vt 0.000000 0.000000
vt 0.000000 0.000000
vt 0.000000 0.000000
vt 0.000000 0.000000
vt 0.000000 0.000000
vt 0.000000 0.000000
vt 0.000000 0.000000
vt 0.000000 0.000000
vt 0.000000 0.000000
vt 0.000000 0.000000
vt 0.000000 0.000000
vt 0.000000 0.000000
vt 0.000000 0.000000
vt 0.000000 0.000000
vt 0.000000 0.000000
vt 0.000000 0.000000
vt 0.000000 0.000000
vt 0.000000 0.000000
vt 0.000000 0.000000
vt 0.000000 0.000000
vt 0.000000 0.000000
vt 0.000000 0.000000
vt 0.000000 0.000000
vt 0.000000 0.000000
vt 0.000000 0.000000
vt 0.000000 0.000000
vt 0.000000 0.000000
vt 0.000000 0.000000
vt 0.000000 0.000000
vt 0.000000 0.000000
vt 0.000000 0.000000
vt 0.000000 0.000000
vt 0.000000 0.000000
vt 0.000000 0.000000
vt 0.000000 0.000000
vt 0.000000 0.000000
vt 0.000000 0.000000
vt 0.000000 0.000000
vt 0.000000 0.000000
vt 0.000000 0.000000
vt 0.000000 0.000000
vt 0.000000 0.000000
vt 0.000000 0.000000
vt 0.000000 0.000000
vt 0.000000 0.000000
vt 0.000000 0.000000
vt 0.000000 0.000000
vt 0.000000 0.000000
vt 0.000000 0.000000
vt 0.000000 0.000000
vt 0.000000 0.000000
vt 0.000000 0.000000
vt 0.000000 0.000000
vt 0.000000 0.000000
vt 0.000000 0.000000
vt 0.000000 0.000000
vt 0.000000 0.000000
vt 0.000000 0.000000
vt 0.000000 0.000000
vt 0.000000 0.000000
vt 0.000000 0.000000
vt 0.000000 0.000000
vt 0.000000 0.000000
vt 0.000000 0.000000
vt 0.000000 0.000000
vt 0.000000 0.000000
vt 0.000000 0.000000
vt 0.000000 0.000000
vt 0.000000 0.000000
vt 0.000000 0.000000
vt 0.000000 0.000000
vt 0.000000 0.000000
vt 0.000000 0.000000
vt 0.000000 0.000000
vt 0.000000 0.000000
vt 0.000000 0.000000
vt 0.000000 0.000000
vt 0.000000 0.000000
vt 0.000000 0.000000
vt 0.000000 0.000000
vt 0.000000 0.000000
vt 0.000000 0.000000
vt 0.000000 0.000000
vt 0.000000 0.000000
vt 0.000000 0.000000
vt 0.000000 0.000000
vt 0.000000 0.000000
vt 0.000000 0.000000
vt 0.000000 0.000000
vt 0.000000 0.000000
vt 0.000000 0.000000
vt 0.000000 0.000000
vt 0.000000 0.000000
vt 0.000000 0.000000
vt 0.000000 0.000000
vt 0.000000 0.000000
vt 0.000000 0.000000
vt 0.000000 0.000000
vt 0.000000 0.000000
vt 0.000000 0.000000
vt 0.000000 0.000000
vt 0.000000 0.000000
vt 0.000000 0.000000
vt 0.000000 0.000000
vt 0.000000 0.000000
vt 0.000000 0.000000
vt 0.000000 0.000000
vt 0.000000 0.000000
vt 0.000000 0.000000
vt 0.000000 0.000000
vt 0.000000 0.000000
vt 0.000000 0.000000
vt 0.000000 0.000000
vt 0.000000 0.000000
vt 0.000000 0.000000
vt 0.000000 0.000000
vt 0.000000 0.000000
vt 0.000000 0.000000
vt 0.000000 0.000000
vt 0.000000 0.000000
vt 0.000000 0.000000
vt 0.000000 0.000000
vt 0.000000 0.000000
vt 0.000000 0.000000
vt 0.000000 0.000000
vt 0.000000 0.000000
vt 0.000000 0.000000
vt 0.000000 0.000000
vt 0.000000 0.000000
vt 0.000000 0.000000
vt 0.000000 0.000000
vt 0.000000 0.000000
vt 0.000000 0.000000
vt 0.000000 0.000000
vt 0.000000 0.000000
vt 0.000000 0.000000
vt 0.000000 0.000000
vt 0.000000 0.000000
vt 0.000000 0.000000
vt 0.000000 0.000000
vt 0.000000 0.000000
vt 0.000000 0.000000
vt 0.000000 0.000000
vt 0.000000 0.000000
vt 0.000000 0.000000
vt 0.000000 0.000000
vt 0.000000 0.000000
vt 0.000000 0.000000
vt 0.000000 0.000000
vt 0.000000 0.000000
vt 0.000000 0.000000
vt 0.000000 0.000000
vt 0.000000 0.000000
vt 0.000000 0.000000
vt 0.000000 0.000000
vt 0.000000 0.000000
vt 0.000000 0.000000
vt 0.000000 0.000000
vt 0.000000 0.000000
vt 0.000000 0.000000
vt 0.000000 0.000000
vt 0.000000 0.000000
vt 0.000000 0.000000
vt 0.000000 0.000000
vt 0.000000 0.000000
vt 0.000000 0.000000
vt 0.000000 0.000000
vt 0.000000 0.000000
vt 0.000000 0.000000
vt 0.000000 0.000000
vt 0.000000 0.000000
vt 0.000000 0.000000
vt 0.000000 0.000000
vt 0.000000 0.000000
vt 0.000000 0.000000
vt 0.000000 0.000000
vt 0.000000 0.000000
vt 0.000000 0.000000
vt 0.000000 0.000000
vt 0.000000 0.000000
vt 0.000000 0.000000
vt 0.000000 0.000000
vt 0.000000 0.000000
vt 0.000000 0.000000
vt 0.000000 0.000000
vt 0.000000 0.000000
vt 0.000000 0.000000
vt 0.000000 0.000000
vt 0.000000 0.000000
vt 0.000000 0.000000
vt 0.000000 0.000000
vt 0.000000 0.000000
vt 0.000000 0.000000
vt 0.000000 0.000000
vt 0.000000 0.000000
vt 0.000000 0.000000
vt 0.000000 0.000000
vt 0.000000 0.000000
vt 0.000000 0.000000
vt 0.000000 0.000000
vt 0.000000 0.000000
vt 0.000000 0.000000
vt 0.000000 0.000000
vt 0.000000 0.000000
vt 0.000000 0.000000
vt 0.000000 0.000000
vt 0.000000 0.000000
vt 0.000000 0.000000
vt 0.000000 0.000000
vt 0.000000 0.000000
vt 0.000000 0.000000
vt 0.000000 0.000000
vt 0.000000 0.000000
vt 0.000000 0.000000
vt 0.000000 0.000000
vt 0.000000 0.000000
vt 0.000000 0.000000
vt 0.000000 0.000000
vt 0.000000 0.000000
vt 0.000000 0.000000
vt 0.000000 0.000000
vt 0.000000 0.000000
vt 0.000000 0.000000
vt 0.000000 0.000000
vt 0.000000 0.000000
vt 0.000000 0.000000
vt 0.000000 0.000000
vt 0.000000 0.000000
vt 0.000000 0.000000
vt 0.000000 0.000000
vt 0.000000 0.000000
vt 0.000000 0.000000
vt 0.000000 0.000000
vt 0.000000 0.000000
vt 0.000000 0.000000
vt 0.000000 0.000000
vt 0.000000 0.000000
vt 0.000000 0.000000
vt 0.000000 0.000000
vt 0.000000 0.000000
vt 0.000000 0.000000
vt 0.000000 0.000000
vt 0.000000 0.000000
vt 0.000000 0.000000
vt 0.000000 0.000000
vt 0.000000 0.000000
vt 0.000000 0.000000
vt 0.000000 0.000000
vt 0.000000 0.000000
vt 0.000000 0.000000
vt 0.000000 0.000000
vt 0.000000 0.000000
vt 0.000000 0.000000
vt 0.000000 0.000000
vt 0.000000 0.000000
vt 0.000000 0.000000
vt 0.000000 0.000000
vt 0.000000 0.000000
vt 0.000000 0.000000
vt 0.000000 0.000000
vt 0.000000 0.000000
vt 0.000000 0.000000
vt 0.000000 0.000000
vt 0.000000 0.000000
vt 0.000000 0.000000
vt 0.000000 0.000000
vt 0.000000 0.000000
vt 0.000000 0.000000
vt 0.000000 0.000000
vt 0.000000 0.000000
vt 0.000000 0.000000
vt 0.000000 0.000000
vt 0.000000 0.000000
vt 0.000000 0.000000
vt 0.000000 0.000000
vt 0.000000 0.000000
vt 0.000000 0.000000
vt 0.000000 0.000000
vt 0.000000 0.000000
vt 0.000000 0.000000
vt 0.000000 0.000000
vt 0.000000 0.000000
vt 0.000000 0.000000
vt 0.000000 0.000000
vt 0.000000 0.000000
vt 0.000000 0.000000
vt 0.000000 0.000000
vt 0.000000 0.000000
vt 0.000000 0.000000
vt 0.000000 0.000000
vt 0.000000 0.000000
vt 0.000000 0.000000
vt 0.000000 0.000000
vt 0.000000 0.000000
vt 0.000000 0.000000
vt 0.000000 0.000000
vt 0.000000 0.000000
vt 0.000000 0.000000
vt 0.000000 0.000000
vt 0.000000 0.000000
vt 0.000000 0.000000
vt 0.000000 0.000000
vt 0.000000 0.000000
vt 0.000000 0.000000
vt 0.000000 0.000000
vt 0.000000 0.000000
vt 0.000000 0.000000
vt 0.000000 0.000000
vt 0.000000 0.000000
vt 0.000000 0.000000
vt 0.000000 0.000000
vt 0.000000 0.000000
vt 0.000000 0.000000
vt 0.000000 0.000000
vt 0.000000 0.000000
vt 0.000000 0.000000
vt 0.000000 0.000000
vt 0.000000 0.000000
vt 0.000000 0.000000
vt 0.000000 0.000000
vt 0.000000 0.000000
vt 0.000000 0.000000
vt 0.000000 0.000000
vt 0.000000 0.000000
vt 0.000000 0.000000
vt 0.000000 0.000000
vt 0.000000 0.000000
vt 0.000000 0.000000
vt 0.000000 0.000000
vt 0.000000 0.000000
vt 0.000000 0.000000
vt 0.000000 0.000000
vt 0.000000 0.000000
vt 0.000000 0.000000
vt 0.000000 0.000000
vt 0.000000 0.000000
vt 0.000000 0.000000
vt 0.000000 0.000000
vt 0.000000 0.000000
vt 0.000000 0.000000
vt 0.000000 0.000000
vt 0.000000 0.000000
vt 0.000000 0.000000
vt 0.000000 0.000000
vt 0.000000 0.000000
vt 0.000000 0.000000
vt 0.000000 0.000000
vt 0.000000 0.000000
vt 0.000000 0.000000
vt 0.000000 0.000000
vt 0.000000 0.000000
vt 0.000000 0.000000
vt 0.000000 0.000000
vt 0.000000 0.000000
vt 0.000000 0.000000
vt 0.000000 0.000000
vt 0.000000 0.000000
vt 0.000000 0.000000
vt 0.000000 0.000000
vt 0.000000 0.000000
vt 0.000000 0.000000
vt 0.000000 0.000000
vt 0.000000 0.000000
vt 0.000000 0.000000
vt 0.000000 0.000000
vt 0.000000 0.000000
vt 0.000000 0.000000
vt 0.000000 0.000000
vt 0.000000 0.000000
vt 0.000000 0.000000
vt 0.000000 0.000000
vt 0.000000 0.000000
vt 0.000000 0.000000
vt 0.000000 0.000000
vt 0.000000 0.000000
vt 0.000000 0.000000
vt 0.000000 0.000000
vt 0.000000 0.000000
vt 0.000000 0.000000
vt 0.000000 0.000000
vt 0.000000 0.000000
vt 0.000000 0.000000
vt 0.000000 0.000000
vt 0.000000 0.000000
vt 0.000000 0.000000
vt 0.000000 0.000000
vt 0.000000 0.000000
vt 0.000000 0.000000
vt 0.000000 0.000000
vt 0.000000 0.000000
vt 0.000000 0.000000
vt 0.000000 0.000000
vt 0.000000 0.000000
vt 0.000000 0.000000
vt 0.000000 0.000000
vt 0.000000 0.000000
vt 0.000000 0.000000
vt 0.000000 0.000000
vt 0.000000 0.000000
vt 0.000000 0.000000
vt 0.000000 0.000000
vt 0.000000 0.000000
vt 0.000000 0.000000
vt 0.000000 0.000000
vt 0.000000 0.000000
vt 0.000000 0.000000
vt 0.000000 0.000000
vt 0.000000 0.000000
vt 0.000000 0.000000
vt 0.000000 0.000000
vt 0.000000 0.000000
vt 0.000000 0.000000
vt 0.000000 0.000000
vt 0.000000 0.000000
vt 0.000000 0.000000
vt 0.000000 0.000000
vt 0.000000 0.000000
vt 0.000000 0.000000
vt 0.000000 0.000000
vt 0.000000 0.000000
vt 0.000000 0.000000
vt 0.000000 0.000000
vt 0.000000 0.000000
vt 0.000000 0.000000
vt 0.000000 0.000000
vt 0.000000 0.000000
vt 0.000000 0.000000
vt 0.000000 0.000000
vt 0.000000 0.000000
vt 0.000000 0.000000
vt 0.000000 0.000000
vt 0.000000 0.000000
vt 0.000000 0.000000
vt 0.000000 0.000000
vt 0.000000 0.000000
vt 0.000000 0.000000
vt 0.000000 0.000000
vt 0.000000 0.000000
vt 0.000000 0.000000
vt 0.000000 0.000000
vt 0.000000 0.000000
vt 0.000000 0.000000
vt 0.000000 0.000000
vt 0.000000 0.000000
vt 0.000000 0.000000
vt 0.000000 0.000000
vt 0.000000 0.000000
vt 0.000000 0.000000
vt 0.000000 0.000000
vt 0.000000 0.000000
vt 0.000000 0.000000
vt 0.000000 0.000000
vt 0.000000 0.000000
vt 0.000000 0.000000
vt 0.000000 0.000000
vt 0.000000 0.000000
vt 0.000000 0.000000
vt 0.000000 0.000000
vt 0.000000 0.000000
vt 0.000000 0.000000
vt 0.000000 0.000000
vt 0.000000 0.000000
vt 0.000000 0.000000
vt 0.000000 0.000000
vt 0.000000 0.000000
vt 0.000000 0.000000
vt 0.000000 0.000000
vt 0.000000 0.000000
vt 0.000000 0.000000
vt 0.000000 0.000000
vt 0.000000 0.000000
vt 0.000000 0.000000
vt 0.000000 0.000000
vt 0.000000 0.000000
vt 0.000000 0.000000
vt 0.000000 0.000000
vt 0.000000 0.000000
vt 0.000000 0.000000
vt 0.000000 0.000000
vt 0.000000 0.000000
vt 0.000000 0.000000
vt 0.000000 0.000000
vt 0.000000 0.000000
vt 0.000000 0.000000
vt 0.000000 0.000000
vt 0.000000 0.000000
vt 0.000000 0.000000
vt 0.000000 0.000000
vt 0.000000 0.000000
vt 0.000000 0.000000
vt 0.000000 0.000000
vt 0.000000 0.000000
vt 0.000000 0.000000
vt 0.000000 0.000000
vt 0.000000 0.000000
vt 0.000000 0.000000
vt 0.000000 0.000000
vt 0.000000 0.000000
vt 0.000000 0.000000
vt 0.000000 0.000000
vt 0.000000 0.000000
vt 0.000000 0.000000
vt 0.000000 0.000000
vt 0.000000 0.000000
vt 0.000000 0.000000
vt 0.000000 0.000000
vt 0.000000 0.000000
vt 0.000000 0.000000
vt 0.000000 0.000000
vt 0.000000 0.000000
vt 0.000000 0.000000
vt 0.000000 0.000000
vt 0.000000 0.000000
vt 0.000000 0.000000
vt 0.000000 0.000000
vt 0.000000 0.000000
vt 0.000000 0.000000
vt 0.000000 0.000000
vt 0.000000 0.000000
vt 0.000000 0.000000
vt 0.000000 0.000000
vt 0.000000 0.000000
vt 0.000000 0.000000
vt 0.000000 0.000000
vt 0.000000 0.000000
vt 0.000000 0.000000
vt 0.000000 0.000000
vt 0.000000 0.000000
vt 0.000000 0.000000
vt 0.000000 0.000000
vt 0.000000 0.000000
vt 0.000000 0.000000
vt 0.000000 0.000000
vt 0.000000 0.000000
vt 0.000000 0.000000
vt 0.000000 0.000000
vt 0.000000 0.000000
vt 0.000000 0.000000
vt 0.000000 0.000000
vt 0.000000 0.000000
vt 0.000000 0.000000
vt 0.000000 0.000000
vt 0.000000 0.000000
vt 0.000000 0.000000
vt 0.000000 0.000000
vt 0.000000 0.000000
vt 0.000000 0.000000
vt 0.000000 0.000000
vt 0.000000 0.000000
vt 0.000000 0.000000
vt 0.000000 0.000000
vt 0.000000 0.000000
vt 0.000000 0.000000
vt 0.000000 0.000000
vt 0.000000 0.000000
vt 0.000000 0.000000
vt 0.000000 0.000000
vt 0.000000 0.000000
vt 0.000000 0.000000
vt 0.000000 0.000000
vt 0.000000 0.000000
vt 0.000000 0.000000
vt 0.000000 0.000000
vt 0.000000 0.000000
vt 0.000000 0.000000
vt 0.000000 0.000000
vt 0.000000 0.000000
vt 0.000000 0.000000
vt 0.000000 0.000000
vt 0.000000 0.000000
vt 0.000000 0.000000
vt 0.000000 0.000000
vt 0.000000 0.000000
vt 0.000000 0.000000
vt 0.000000 0.000000
vt 0.000000 0.000000
vt 0.000000 0.000000
vt 0.000000 0.000000
vt 0.000000 0.000000
vt 0.000000 0.000000
vt 0.000000 0.000000
vt 0.000000 0.000000
vn 0.000000 -1.000000 0.000000
vn 0.000000 -1.000000 0.000000
vn 0.000000 -1.000000 0.000000
vn 0.000000 -1.000000 0.000000
vn 0.000000 -1.000000 0.000000
vn 0.000000 -1.000000 0.000000
vn 0.000000 -1.000000 0.000000
vn 0.000000 -1.000000 0.000000
vn 0.000000 -1.000000 0.000000
vn 0.000000 -1.000000 0.000000
vn 0.000000 -1.000000 0.000000
vn 0.000000 -1.000000 0.000000
vn 0.000000 -1.000000 0.000000
vn 0.000000 -1.000000 0.000000
vn 0.000000 -1.000000 0.000000
vn 0.000000 -1.000000 0.000000
vn 0.000000 -1.000000 0.000000
vn 0.000000 -1.000000 0.000000
vn 0.000000 -1.000000 0.000000
vn 0.000000 -1.000000 0.000000
vn 0.000000 -1.000000 0.000000
vn 0.000000 -1.000000 0.000000
vn 0.000000 -1.000000 0.000000
vn 0.000000 -1.000000 0.000000
vn 0.000000 -1.000000 0.000000
vn 0.000000 -1.000000 0.000000
vn 0.000000 -1.000000 0.000000
vn 0.000000 -1.000000 0.000000
vn 0.000000 -1.000000 0.000000
vn 0.000000 -1.000000 0.000000
vn 0.000000 -1.000000 0.000000
vn 0.000000 -1.000000 0.000000
vn 0.000000 -1.000000 0.000000
vn 0.000000 -1.000000 0.000000
vn 0.000000 -1.000000 0.000000
vn 0.000000 -1.000000 0.000000
vn 0.000000 -1.000000 0.000000
vn 0.000000 -1.000000 0.000000
vn 0.000000 -1.000000 0.000000
vn 0.000000 -1.000000 0.000000
vn 0.000000 -1.000000 0.000000
vn 0.000000 -1.000000 0.000000
vn 0.000000 -1.000000 0.000000
vn 0.000000 -1.000000 0.000000
vn 0.000000 -1.000000 0.000000
vn 0.000000 -1.000000 0.000000
vn 0.000000 -1.000000 0.000000
vn 0.000000 -1.000000 0.000000
vn 0.000000 -1.000000 0.000000
vn 0.000000 -1.000000 0.000000
vn 0.000000 -1.000000 0.000000
vn 0.000000 -1.000000 0.000000
vn 0.000000 -1.000000 0.000000
vn 0.000000 -1.000000 0.000000
vn 0.000000 -1.000000 0.000000
vn 0.000000 -1.000000 0.000000
vn 0.000000 -1.000000 0.000000
vn 0.000000 -1.000000 0.000000
vn 0.000000 -1.000000 0.000000
vn 0.000000 -1.000000 0.000000
vn 0.000000 -1.000000 0.000000
vn 0.000000 -1.000000 0.000000
vn 0.000000 -1.000000 0.000000
vn 0.000000 -1.000000 0.000000
vn 0.000000 -1.000000 0.000000
vn 0.000000 -1.000000 0.000000
vn 0.000000 -1.000000 0.000000
vn 0.000000 -1.000000 0.000000
vn 0.000000 -1.000000 0.000000
vn 0.000000 -1.000000 0.000000
vn 0.000000 -1.000000 0.000000
vn 0.000000 -1.000000 0.000000
vn 0.000000 -1.000000 0.000000
vn 0.000000 -1.000000 0.000000
vn 0.000000 -1.000000 0.000000
vn 0.000000 -1.000000 0.000000
vn 0.000000 -1.000000 0.000000
vn 0.000000 -1.000000 0.000000
vn 0.000000 -1.000000 0.000000
vn 0.000000 -1.000000 0.000000
vn 0.000000 -1.000000 0.000000
vn 0.000000 -1.000000 0.000000
vn 0.000000 -1.000000 0.000000
vn 0.000000 -1.000000 0.000000
vn 0.000000 -1.000000 0.000000
vn 0.000000 -1.000000 0.000000
vn 0.000000 -1.000000 0.000000
vn 0.000000 -1.000000 0.000000
vn 0.000000 -1.000000 0.000000
vn 0.000000 -1.000000 0.000000
vn 0.000000 -1.000000 0.000000
vn 0.000000 -1.000000 0.000000
vn 0.000000 -1.000000 0.000000
vn 0.000000 -1.000000 0.000000
vn 0.000000 -1.000000 0.000000
vn 0.000000 -1.000000 0.000000
vn 0.000000 -1.000000 0.000000
vn 0.000000 -1.000000 0.000000
vn 0.000000 -1.000000 0.000000
vn 0.000000 -1.000000 0.000000
vn 0.000000 -1.000000 0.000000
vn 0.000000 -1.000000 0.000000
vn 0.000000 -1.000000 0.000000
vn 0.000000 -1.000000 0.000000
vn 0.000000 -1.000000 0.000000
vn 0.000000 -1.000000 0.000000
vn 0.000000 -1.000000 0.000000
vn 0.000000 -1.000000 0.000000
vn 0.000000 -1.000000 0.000000
vn 0.000000 -1.000000 0.000000
vn 0.000000 -1.000000 0.000000
vn 0.000000 -1.000000 0.000000
vn 0.000000 -1.000000 0.000000
vn 0.000000 -1.000000 0.000000
vn 0.000000 -1.000000 0.000000
vn 0.000000 -1.000000 0.000000
vn 0.000000 -1.000000 0.000000
vn 0.000000 -1.000000 0.000000
vn 0.000000 -1.000000 0.000000
vn 0.000000 -1.000000 0.000000
vn 0.000000 -1.000000 0.000000
vn 0.000000 -1.000000 0.000000
vn 0.000000 -1.000000 0.000000
vn 0.000000 -1.000000 0.000000
vn 0.000000 -1.000000 0.000000
vn 0.000000 -1.000000 0.000000
vn 0.000000 -1.000000 0.000000
vn 0.000000 -1.000000 0.000000
vn 0.000000 -1.000000 0.000000
vn 0.000000 -1.000000 0.000000
vn 0.000000 -1.000000 0.000000
vn 0.000000 -1.000000 0.000000
vn 0.000000 -1.000000 0.000000
vn 0.000000 -1.000000 0.000000
vn 0.000000 -1.000000 0.000000
vn 0.000000 -1.000000 0.000000
vn 0.000000 -1.000000 0.000000
vn 0.000000 -1.000000 0.000000
vn 0.000000 -1.000000 0.000000
vn 0.000000 -1.000000 0.000000
vn 0.000000 -1.000000 0.000000
vn 0.000000 -1.000000 0.000000
vn 0.000000 -1.000000 0.000000
vn 0.000000 -1.000000 0.000000
vn 0.000000 -1.000000 0.000000
vn 0.000000 -1.000000 0.000000
vn 0.000000 -1.000000 0.000000
vn 0.000000 -1.000000 0.000000
vn 0.000000 -1.000000 0.000000
vn 0.000000 -1.000000 0.000000
vn 0.000000 -1.000000 0.000000
vn 0.000000 -1.000000 0.000000
vn 0.000000 -1.000000 0.000000
vn 0.000000 -1.000000 0.000000
vn 0.000000 -1.000000 0.000000
vn 0.000000 -1.000000 0.000000
vn 0.000000 -1.000000 0.000000
vn 0.000000 -1.000000 0.000000
vn 0.000000 -1.000000 0.000000
vn 0.000000 -1.000000 0.000000
vn 0.000000 -1.000000 0.000000
vn 0.000000 -1.000000 0.000000
vn 0.000000 -1.000000 0.000000
vn 0.000000 -1.000000 0.000000
vn 0.000000 -1.000000 0.000000
vn 0.000000 -1.000000 0.000000
vn 0.000000 -1.000000 0.000000
vn 0.000000 -1.000000 0.000000
vn 0.000000 -1.000000 0.000000
vn 0.000000 -1.000000 0.000000
vn 0.000000 -1.000000 0.000000
vn 0.000000 -1.000000 0.000000
vn 0.000000 -1.000000 0.000000
vn 0.000000 -1.000000 0.000000
vn 0.000000 -1.000000 0.000000
vn 0.000000 -1.000000 0.000000
vn 0.000000 -1.000000 0.000000
vn 0.000000 -1.000000 0.000000
vn 0.000000 -1.000000 0.000000
vn 0.000000 -1.000000 0.000000
vn 0.000000 -1.000000 0.000000
vn 0.000000 -1.000000 0.000000
vn 0.000000 -1.000000 0.000000
vn 0.000000 -1.000000 0.000000
vn 0.000000 -1.000000 0.000000
vn 0.000000 -1.000000 0.000000
vn 0.000000 -1.000000 0.000000
vn 0.000000 -1.000000 0.000000
vn 0.000000 -1.000000 0.000000
vn 0.000000 -1.000000 0.000000
vn 0.000000 -1.000000 0.000000
vn 0.000000 -1.000000 0.000000
vn 0.000000 -1.000000 0.000000
vn 0.000000 -1.000000 0.000000
vn 0.000000 -1.000000 0.000000
vn 0.000000 -1.000000 0.000000
vn 0.000000 -1.000000 0.000000
vn 0.000000 -1.000000 0.000000
vn 0.000000 -1.000000 0.000000
vn 0.000000 -1.000000 0.000000
vn 0.000000 -1.000000 0.000000
vn 0.000000 -1.000000 0.000000
vn 0.000000 -1.000000 0.000000
vn 0.000000 -1.000000 0.000000
vn 0.000000 -1.000000 0.000000
vn 0.000000 -1.000000 0.000000
vn 0.000000 -1.000000 0.000000
vn 0.000000 -1.000000 0.000000
vn 0.000000 -1.000000 0.000000
vn 0.000000 -1.000000 0.000000
vn 0.000000 -1.000000 0.000000
vn 0.000000 -1.000000 0.000000
vn 0.000000 -1.000000 0.000000
vn 0.000000 -1.000000 0.000000
vn 0.000000 -1.000000 0.000000
vn 0.000000 -1.000000 0.000000
vn 0.000000 -1.000000 0.000000
vn 0.000000 -1.000000 0.000000
vn 0.000000 -1.000000 0.000000
vn 0.000000 -1.000000 0.000000
vn 0.000000 -1.000000 0.000000
vn 0.000000 -1.000000 0.000000
vn 0.000000 -1.000000 0.000000
vn 0.000000 -1.000000 0.000000
vn 0.000000 -1.000000 0.000000
vn 0.000000 -1.000000 0.000000
vn 0.000000 -1.000000 0.000000
vn 0.000000 -1.000000 0.000000
vn 0.000000 -1.000000 0.000000
vn 0.000000 -1.000000 0.000000
vn 0.000000 -1.000000 0.000000
vn 0.000000 -1.000000 0.000000
vn 0.000000 -1.000000 0.000000
vn 0.000000 -1.000000 0.000000
vn 0.000000 -1.000000 0.000000
vn 0.000000 -1.000000 0.000000
vn 0.000000 -1.000000 0.000000
vn 0.000000 -1.000000 0.000000
vn 0.000000 -1.000000 0.000000
vn 0.000000 -1.000000 0.000000
vn 0.000000 -1.000000 0.000000
vn 0.000000 -1.000000 0.000000
vn 0.000000 -1.000000 0.000000
vn 0.000000 -1.000000 0.000000
vn 0.000000 -1.000000 0.000000
vn 0.000000 -1.000000 0.000000
vn 0.000000 -1.000000 0.000000
vn 0.000000 -1.000000 0.000000
vn 0.000000 -1.000000 0.000000
vn 0.000000 -1.000000 0.000000
vn 0.000000 -1.000000 0.000000
vn 0.000000 -1.000000 0.000000
vn 0.000000 -1.000000 0.000000
vn 0.000000 -1.000000 0.000000
vn 0.000000 -1.000000 0.000000
vn 0.000000 -1.000000 0.000000
vn 0.000000 -1.000000 0.000000
vn 0.000000 -1.000000 0.000000
vn 0.000000 -1.000000 0.000000
vn 0.000000 -1.000000 0.000000
vn 0.000000 -1.000000 0.000000
vn 0.000000 -1.000000 0.000000
vn 0.000000 -1.000000 0.000000
vn 0.000000 -1.000000 0.000000
vn 0.000000 -1.000000 0.000000
vn 0.000000 -1.000000 0.000000
vn 0.000000 -1.000000 0.000000
vn 0.000000 -1.000000 0.000000
vn 0.000000 -1.000000 0.000000
vn 0.000000 -1.000000 0.000000
vn -0.635925 0.022248 0.771430
vn -0.748953 0.000000 0.662623
vn -0.438370 0.000000 0.898795
vn -0.292282 0.022249 0.956073
vn -0.635925 0.022248 0.771430
vn -0.882731 0.022248 0.469352
vn -0.945517 0.000000 0.325571
vn -0.882731 0.022248 0.469352
vn -0.635925 0.022248 0.771430
vn -0.995152 0.022248 0.095798
vn -0.998135 0.000000 -0.061045
vn -0.995152 0.022248 0.095798
vn -0.882731 0.022248 0.469352
vn -0.956073 0.022248 -0.292282
vn -0.898795 0.000000 -0.438369
vn -0.956073 0.022248 -0.292282
vn -0.995152 0.022248 0.095798
vn -0.771430 0.022248 -0.635925
vn -0.662622 0.000000 -0.748954
vn -0.771430 0.022248 -0.635925
vn -0.956073 0.022248 -0.292282
vn -0.469351 0.022248 -0.882731
vn -0.325570 0.000000 -0.945518
vn -0.469351 0.022248 -0.882731
vn -0.771430 0.022248 -0.635925
vn -0.095798 0.022248 -0.995152
vn 0.061046 0.000000 -0.998135
vn -0.095798 0.022248 -0.995152
vn -0.469351 0.022248 -0.882731
vn 0.292282 0.022248 -0.956073
vn 0.438369 0.000000 -0.898795
vn 0.292282 0.022248 -0.956073
vn -0.095798 0.022248 -0.995152
vn 0.635925 0.022248 -0.771430
vn 0.748955 0.000000 -0.662621
vn 0.635925 0.022248 -0.771430
vn 0.292282 0.022248 -0.956073
vn 0.882731 0.022248 -0.469352
vn 0.945518 0.000000 -0.325570
vn 0.882731 0.022248 -0.469352
vn 0.635925 0.022248 -0.771430
vn 0.995152 0.022248 -0.095798
vn 0.998135 0.000000 0.061047
vn 0.995152 0.022248 -0.095798
vn 0.882731 0.022248 -0.469352
vn 0.956073 0.022248 0.292282
vn 0.898795 0.000000 0.438370
vn 0.956073 0.022248 0.292282
vn 0.995152 0.022248 -0.095798
vn 0.771430 0.022248 0.635925
vn 0.662621 0.000000 0.748955
vn 0.771430 0.022248 0.635925
vn 0.956073 0.022248 0.292282
vn 0.469351 0.022248 0.882731
vn 0.325570 0.000000 0.945518
vn 0.469351 0.022248 0.882731
vn 0.771430 0.022248 0.635925
vn 0.095798 0.022248 0.995152
vn -0.061047 0.000000 0.998135
vn 0.095798 0.022248 0.995152
vn 0.469351 0.022248 0.882731
vn -0.292282 0.022249 0.956073
vn -0.292282 0.022249 0.956073
vn 0.095798 0.022248 0.995152
vn -0.686345 0.158547 0.709784
vn -0.363702 0.153972 0.918702
vn -0.561347 -0.080114 0.823694
vn -0.686345 0.158547 0.709784
vn -0.561347 -0.080114 0.823694
vn -0.889477 -0.031953 0.455862
vn -0.363702 0.153972 0.918702
vn 0.017213 0.151285 0.988340
vn -0.561347 -0.080114 0.823694
vn 0.017213 0.151285 0.988340
vn 0.395804 0.154397 0.905263
vn 0.575934 -0.077947 0.813772
vn 0.017213 0.151285 0.988340
vn 0.575934 -0.077947 0.813772
vn -0.561347 -0.080114 0.823694
vn 0.395804 0.154397 0.905263
vn 0.710601 0.159400 0.685301
vn 0.575934 -0.077947 0.813772
vn 0.710601 0.159400 0.685301
vn 0.918230 0.156563 0.363788
vn 0.898408 -0.031861 0.438004
vn 0.710601 0.159400 0.685301
vn 0.898408 -0.031861 0.438004
vn 0.575934 -0.077947 0.813772
vn 0.918230 0.156563 0.363788
vn 0.988098 0.152902 -0.016847
vn 0.898408 -0.031861 0.438004
vn 0.988098 0.152902 -0.016847
vn 0.905380 0.154732 -0.395406
vn 0.886305 -0.030611 -0.462090
vn 0.988098 0.152902 -0.016847
vn 0.886305 -0.030611 -0.462090
vn 0.898408 -0.031861 0.438004
vn 0.905380 0.154732 -0.395406
vn 0.686199 0.157511 -0.710156
vn 0.886305 -0.030611 -0.462090
vn 0.686199 0.157511 -0.710156
vn 0.363669 0.153726 -0.918756
vn 0.551455 -0.080815 -0.830281
vn 0.686199 0.157511 -0.710156
vn 0.551455 -0.080815 -0.830281
vn 0.886305 -0.030611 -0.462090
vn 0.363669 0.153726 -0.918756
vn -0.017304 0.151284 -0.988339
vn 0.551455 -0.080815 -0.830281
vn -0.017304 0.151284 -0.988339
vn -0.395837 0.154642 -0.905207
vn -0.549163 -0.080144 -0.831863
vn -0.017304 0.151284 -0.988339
vn -0.549163 -0.080144 -0.831863
vn 0.551455 -0.080815 -0.830281
vn -0.395837 0.154642 -0.905207
vn -0.709607 0.156656 -0.686962
vn -0.549163 -0.080144 -0.831863
vn -0.709607 0.156656 -0.686962
vn -0.919149 0.151803 -0.363485
vn -0.885043 -0.032930 -0.464343
vn -0.709607 0.156656 -0.686962
vn -0.885043 -0.032930 -0.464343
vn -0.549163 -0.080144 -0.831863
vn -0.919149 0.151803 -0.363485
vn -0.988463 0.150430 0.017671
vn -0.885043 -0.032930 -0.464343
vn -0.988463 0.150430 0.017671
vn -0.905013 0.155006 0.396138
vn -0.889477 -0.031953 0.455862
vn -0.988463 0.150430 0.017671
vn -0.889477 -0.031953 0.455862
vn -0.885043 -0.032930 -0.464343
vn -0.905013 0.155006 0.396138
vn -0.686345 0.158547 0.709784
vn -0.889477 -0.031953 0.455862
vn -0.789348 0.100195 0.605714
vn -0.497463 0.100195 0.861679
vn -0.686345 0.158547 0.709784
vn -0.789348 0.100195 0.605714
vn -0.686345 0.158547 0.709784
vn -0.905013 0.155006 0.396138
vn -0.961065 0.100193 0.257517
vn -0.789348 0.100195 0.605714
vn -0.905013 0.155006 0.396138
vn -0.961065 0.100193 0.257517
vn -0.905013 0.155006 0.396138
vn -0.988463 0.150430 0.017671
vn -0.986458 0.100193 -0.129857
vn -0.961065 0.100193 0.257517
vn -0.988463 0.150430 0.017671
vn -0.986458 0.100193 -0.129857
vn -0.988463 0.150430 0.017671
vn -0.919149 0.151803 -0.363485
vn -0.861679 0.100195 -0.497463
vn -0.986458 0.100193 -0.129857
vn -0.919149 0.151803 -0.363485
vn -0.861679 0.100195 -0.497463
vn -0.919149 0.151803 -0.363485
vn -0.709607 0.156656 -0.686962
vn -0.605714 0.100194 -0.789348
vn -0.861679 0.100195 -0.497463
vn -0.709607 0.156656 -0.686962
vn -0.605714 0.100194 -0.789348
vn -0.709607 0.156656 -0.686962
vn -0.395837 0.154642 -0.905207
vn -0.257517 0.100193 -0.961065
vn -0.605714 0.100194 -0.789348
vn -0.395837 0.154642 -0.905207
vn -0.257517 0.100193 -0.961065
vn -0.395837 0.154642 -0.905207
vn -0.017304 0.151284 -0.988339
vn 0.129857 0.100193 -0.986458
vn -0.257517 0.100193 -0.961065
vn -0.017304 0.151284 -0.988339
vn 0.129857 0.100193 -0.986458
vn -0.017304 0.151284 -0.988339
vn 0.363669 0.153726 -0.918756
vn 0.497463 0.100195 -0.861679
vn 0.129857 0.100193 -0.986458
vn 0.363669 0.153726 -0.918756
vn 0.497463 0.100195 -0.861679
vn 0.363669 0.153726 -0.918756
vn 0.686199 0.157511 -0.710156
vn 0.789348 0.100194 -0.605714
vn 0.497463 0.100195 -0.861679
vn 0.686199 0.157511 -0.710156
vn 0.789348 0.100194 -0.605714
vn 0.686199 0.157511 -0.710156
vn 0.905380 0.154732 -0.395406
vn 0.961065 0.100193 -0.257517
vn 0.789348 0.100194 -0.605714
vn 0.905380 0.154732 -0.395406
vn 0.961065 0.100193 -0.257517
vn 0.905380 0.154732 -0.395406
vn 0.988098 0.152902 -0.016847
vn 0.986458 0.100193 0.129857
vn 0.961065 0.100193 -0.257517
vn 0.988098 0.152902 -0.016847
vn 0.986458 0.100193 0.129857
vn 0.988098 0.152902 -0.016847
vn 0.918230 0.156563 0.363788
vn 0.861679 0.100195 0.497463
vn 0.986458 0.100193 0.129857
vn 0.918230 0.156563 0.363788
vn 0.861679 0.100195 0.497463
vn 0.918230 0.156563 0.363788
vn 0.710601 0.159400 0.685301
vn 0.605714 0.100195 0.789348
vn 0.861679 0.100195 0.497463
vn 0.710601 0.159400 0.685301
vn 0.605714 0.100195 0.789348
vn 0.710601 0.159400 0.685301
vn 0.395804 0.154397 0.905263
vn 0.257517 0.100193 0.961065
vn 0.605714 0.100195 0.789348
vn 0.395804 0.154397 0.905263
vn 0.257517 0.100193 0.961065
vn 0.395804 0.154397 0.905263
vn 0.017213 0.151285 0.988340
vn -0.129857 0.100193 0.986458
vn 0.257517 0.100193 0.961065
vn 0.017213 0.151285 0.988340
vn -0.129857 0.100193 0.986458
vn 0.017213 0.151285 0.988340
vn -0.363702 0.153972 0.918702
vn -0.497463 0.100195 0.861679
vn -0.129857 0.100193 0.986458
vn -0.363702 0.153972 0.918702
vn -0.497463 0.100195 0.861679
vn -0.363702 0.153972 0.918702
vn -0.686345 0.158547 0.709784
vn -0.292282 0.022249 0.956073
vn 0.095798 0.022248 0.995152
vn -0.129857 0.100193 0.986458
vn -0.292282 0.022249 0.956073
vn -0.129857 0.100193 0.986458
vn -0.497463 0.100195 0.861679
vn 0.095798 0.022248 0.995152
vn 0.469351 0.022248 0.882731
vn 0.257517 0.100193 0.961065
vn 0.095798 0.022248 0.995152
vn 0.257517 0.100193 0.961065
vn -0.129857 0.100193 0.986458
vn 0.469351 0.022248 0.882731
vn 0.771430 0.022248 0.635925
vn 0.605714 0.100195 0.789348
vn 0.469351 0.022248 0.882731
vn 0.605714 0.100195 0.789348
vn 0.257517 0.100193 0.961065
vn 0.771430 0.022248 0.635925
vn 0.956073 0.022248 0.292282
vn 0.861679 0.100195 0.497463
vn 0.771430 0.022248 0.635925
vn 0.861679 0.100195 0.497463
vn 0.605714 0.100195 0.789348
vn 0.956073 0.022248 0.292282
vn 0.995152 0.022248 -0.095798
vn 0.986458 0.100193 0.129857
vn 0.956073 0.022248 0.292282
vn 0.986458 0.100193 0.129857
vn 0.861679 0.100195 0.497463
vn 0.995152 0.022248 -0.095798
vn 0.882731 0.022248 -0.469352
vn 0.961065 0.100193 -0.257517
vn 0.995152 0.022248 -0.095798
vn 0.961065 0.100193 -0.257517
vn 0.986458 0.100193 0.129857
vn 0.882731 0.022248 -0.469352
vn 0.635925 0.022248 -0.771430
vn 0.789348 0.100194 -0.605714
vn 0.882731 0.022248 -0.469352
vn 0.789348 0.100194 -0.605714
vn 0.961065 0.100193 -0.257517
vn 0.635925 0.022248 -0.771430
vn 0.292282 0.022248 -0.956073
vn 0.497463 0.100195 -0.861679
vn 0.635925 0.022248 -0.771430
vn 0.497463 0.100195 -0.861679
vn 0.789348 0.100194 -0.605714
vn 0.292282 0.022248 -0.956073
vn -0.095798 0.022248 -0.995152
vn 0.129857 0.100193 -0.986458
vn 0.292282 0.022248 -0.956073
vn 0.129857 0.100193 -0.986458
vn 0.497463 0.100195 -0.861679
vn -0.095798 0.022248 -0.995152
vn -0.469351 0.022248 -0.882731
vn -0.257517 0.100193 -0.961065
vn -0.095798 0.022248 -0.995152
vn -0.257517 0.100193 -0.961065
vn 0.129857 0.100193 -0.986458
vn -0.469351 0.022248 -0.882731
vn -0.771430 0.022248 -0.635925
vn -0.605714 0.100194 -0.789348
vn -0.469351 0.022248 -0.882731
vn -0.605714 0.100194 -0.789348
vn -0.257517 0.100193 -0.961065
vn -0.771430 0.022248 -0.635925
vn -0.956073 0.022248 -0.292282
vn -0.861679 0.100195 -0.497463
vn -0.771430 0.022248 -0.635925
vn -0.861679 0.100195 -0.497463
vn -0.605714 0.100194 -0.789348
vn -0.956073 0.022248 -0.292282
vn -0.995152 0.022248 0.095798
vn -0.986458 0.100193 -0.129857
vn -0.956073 0.022248 -0.292282
vn -0.986458 0.100193 -0.129857
vn -0.861679 0.100195 -0.497463
vn -0.995152 0.022248 0.095798
vn -0.882731 0.022248 0.469352
vn -0.961065 0.100193 0.257517
vn -0.995152 0.022248 0.095798
vn -0.961065 0.100193 0.257517
vn -0.986458 0.100193 -0.129857
vn -0.882731 0.022248 0.469352
vn -0.635925 0.022248 0.771430
vn -0.789348 0.100195 0.605714
vn -0.882731 0.022248 0.469352
vn -0.789348 0.100195 0.605714
vn -0.961065 0.100193 0.257517
vn -0.635925 0.022248 0.771430
vn -0.292282 0.022249 0.956073
vn -0.497463 0.100195 0.861679
vn -0.635925 0.022248 0.771430
vn -0.497463 0.100195 0.861679
vn -0.789348 0.100195 0.605714
vn 0.529946 0.822052 -0.208298
vn -0.532721 0.820857 -0.205916
vn 0.000000 1.000000 -0.000000
vn -0.527461 0.823496 0.208903
vn 0.529450 0.822803 0.206586
vn 0.000000 1.000000 -0.000000
vn 0.529450 0.822803 0.206586
vn 0.455658 0.761648 0.460725
vn 0.000000 1.000000 -0.000000
vn -0.452421 0.761523 0.464110
vn -0.527461 0.823496 0.208903
vn 0.000000 1.000000 -0.000000
vn 0.455658 0.761648 0.460725
vn 0.453487 0.759414 -0.466519
vn 0.000000 1.000000 -0.000000
vn 0.453487 0.759414 -0.466519
vn 0.529946 0.822052 -0.208298
vn 0.000000 1.000000 -0.000000
vn -0.532721 0.820857 -0.205916
vn -0.454676 0.761333 -0.462214
vn 0.000000 1.000000 -0.000000
vn -0.454676 0.761333 -0.462214
vn -0.452421 0.761523 0.464110
vn 0.000000 1.000000 -0.000000
vn 0.304461 -0.902885 0.303485
vn -0.303484 -0.902885 0.304461
vn -0.304461 -0.902885 -0.303484
vn 0.304461 -0.902885 0.303485
vn -0.304461 -0.902885 -0.303484
vn 0.303484 -0.902885 -0.304461
vn 0.303055 -0.903184 -0.304001
vn 0.304001 -0.903184 0.303055
vn -0.303055 -0.903184 0.304001
vn 0.303055 -0.903184 -0.304001
vn -0.303055 -0.903184 0.304001
vn -0.304001 -0.903184 -0.303055
vn 0.002045 0.709086 -0.705119
vn 0.297866 0.303420 -0.905103
vn -0.303055 -0.903184 0.304001
vn 0.002045 0.709086 -0.705119
vn -0.303055 -0.903184 0.304001
vn 0.303484 -0.902885 -0.304461
vn 0.297866 0.303420 -0.905103
vn -0.297197 -0.298174 0.907065
vn -0.304001 -0.903184 -0.303055
vn 0.297866 0.303420 -0.905103
vn -0.304001 -0.903184 -0.303055
vn -0.303055 -0.903184 0.304001
vn -0.002045 0.709086 0.705119
vn -0.297866 0.303420 0.905103
vn 0.303055 -0.903184 -0.304001
vn -0.002045 0.709086 0.705119
vn 0.303055 -0.903184 -0.304001
vn -0.303484 -0.902885 0.304461
vn -0.297866 0.303420 0.905103
vn 0.297197 -0.298174 -0.907065
vn 0.304001 -0.903184 0.303055
vn -0.297866 0.303420 0.905103
vn 0.304001 -0.903184 0.303055
vn 0.303055 -0.903184 -0.304001
vn 0.905103 -0.303420 0.297866
vn 0.907065 -0.298174 0.297197
vn -0.303055 -0.903184 0.304001
vn 0.905103 -0.303420 0.297866
vn -0.303055 -0.903184 0.304001
vn 0.304001 -0.903184 0.303055
vn -0.705119 0.709086 -0.002045
vn 0.905103 -0.303420 0.297866
vn 0.304001 -0.903184 0.303055
vn -0.705119 0.709086 -0.002045
vn 0.304001 -0.903184 0.303055
vn -0.304461 -0.902885 -0.303484
vn 0.704012 0.710177 -0.004029
vn -0.705119 0.709086 -0.002045
vn -0.304461 -0.902885 -0.303484
vn 0.704012 0.710177 -0.004029
vn -0.304461 -0.902885 -0.303484
vn 0.303484 -0.902885 -0.304461
vn -0.905103 -0.303420 -0.297866
vn -0.907065 -0.298174 -0.297197
vn 0.303055 -0.903184 -0.304001
vn -0.905103 -0.303420 -0.297866
vn 0.303055 -0.903184 -0.304001
vn -0.304001 -0.903184 -0.303055
vn 0.705119 0.709086 0.002045
vn -0.905103 -0.303420 -0.297866
vn -0.304001 -0.903184 -0.303055
vn 0.705119 0.709086 0.002045
vn -0.304001 -0.903184 -0.303055
vn 0.304461 -0.902885 0.303485
vn -0.704012 0.710177 0.004028
vn 0.705119 0.709086 0.002045
vn 0.304461 -0.902885 0.303485
vn -0.704012 0.710177 0.004028
vn 0.304461 -0.902885 0.303485
vn -0.303484 -0.902885 0.304461
vn -0.454676 0.761333 -0.462214
vn -0.885043 -0.032930 -0.464343
vn 0.576506 0.486963 -0.656131
vn -0.454676 0.761333 -0.462214
vn 0.576506 0.486963 -0.656131
vn 0.325484 0.298505 -0.897193
vn -0.452421 0.761523 0.464110
vn -0.454676 0.761333 -0.462214
vn 0.325484 0.298505 -0.897193
vn -0.452421 0.761523 0.464110
vn 0.325484 0.298505 -0.897193
vn 0.334120 0.304456 0.892004
vn -0.885043 -0.032930 -0.464343
vn -0.889477 -0.031953 0.455862
vn -0.594305 -0.467253 0.654581
vn -0.885043 -0.032930 -0.464343
vn -0.594305 -0.467253 0.654581
vn 0.576506 0.486963 -0.656131
vn 0.455658 0.761648 0.460725
vn 0.898408 -0.031861 0.438004
vn -0.570893 0.487423 0.660681
vn 0.455658 0.761648 0.460725
vn -0.570893 0.487423 0.660681
vn -0.325456 0.298508 0.897202
vn 0.453487 0.759414 -0.466519
vn 0.455658 0.761648 0.460725
vn -0.325456 0.298508 0.897202
vn 0.453487 0.759414 -0.466519
vn -0.325456 0.298508 0.897202
vn -0.334123 0.304519 -0.891981
vn 0.898408 -0.031861 0.438004
vn 0.886305 -0.030611 -0.462090
vn 0.590123 -0.469510 -0.656746
vn 0.898408 -0.031861 0.438004
vn 0.590123 -0.469510 -0.656746
vn -0.570893 0.487423 0.660681
vn -0.570893 0.487423 0.660681
vn 0.590123 -0.469510 -0.656746
vn 0.692210 -0.234236 -0.682627
vn -0.570893 0.487423 0.660681
vn 0.692210 -0.234236 -0.682627
vn 0.692080 -0.233928 -0.682863
vn 0.590123 -0.469510 -0.656746
vn -0.334123 0.304519 -0.891981
vn 0.719063 -0.068455 -0.691565
vn 0.590123 -0.469510 -0.656746
vn 0.719063 -0.068455 -0.691565
vn 0.692210 -0.234236 -0.682627
vn 0.692080 -0.233928 -0.682863
vn 0.692210 -0.234236 -0.682627
vn 0.719063 -0.068455 -0.691565
vn 0.692080 -0.233928 -0.682863
vn 0.719063 -0.068455 -0.691565
vn 0.718695 -0.068332 -0.691960
vn -0.594305 -0.467253 0.654581
vn 0.334120 0.304456 0.892004
vn -0.719063 -0.068455 0.691565
vn -0.594305 -0.467253 0.654581
vn -0.719063 -0.068455 0.691565
vn -0.692660 -0.222087 0.686221
vn 0.576506 0.486963 -0.656131
vn -0.594305 -0.467253 0.654581
vn -0.692660 -0.222087 0.686221
vn 0.576506 0.486963 -0.656131
vn -0.692660 -0.222087 0.686221
vn -0.692664 -0.221875 0.686286
vn 0.325484 0.298505 -0.897193
vn 0.576506 0.486963 -0.656131
vn -0.692664 -0.221875 0.686286
vn 0.325484 0.298505 -0.897193
vn -0.692664 -0.221875 0.686286
vn 0.718695 0.068332 -0.691960
vn -0.692664 -0.221875 0.686286
vn -0.692660 -0.222087 0.686221
vn -0.719063 -0.068455 0.691565
vn -0.692664 -0.221875 0.686286
vn -0.719063 -0.068455 0.691565
vn 0.718695 0.068332 -0.691960
vn 0.718695 0.068332 -0.691960
vn -0.719063 -0.068455 0.691565
vn -0.701946 0.000000 0.712231
vn 0.718695 0.068332 -0.691960
vn -0.701946 0.000000 0.712231
vn -0.701930 0.000000 0.712246
vn 0.325484 0.298505 -0.897193
vn 0.718695 0.068332 -0.691960
vn -0.701930 0.000000 0.712246
vn 0.325484 0.298505 -0.897193
vn -0.701930 0.000000 0.712246
vn 0.297197 -0.298174 -0.907065
vn 0.718695 -0.068332 -0.691960
vn 0.719063 -0.068455 -0.691565
vn 0.701946 -0.000000 -0.712231
vn 0.718695 -0.068332 -0.691960
vn 0.701946 -0.000000 -0.712231
vn 0.701930 -0.000000 -0.712246
vn -0.325456 0.298508 0.897202
vn 0.718695 -0.068332 -0.691960
vn 0.701930 -0.000000 -0.712246
vn -0.325456 0.298508 0.897202
vn 0.701930 -0.000000 -0.712246
vn -0.297197 -0.298174 0.907065
vn 0.719063 -0.068455 -0.691565
vn -0.334123 0.304519 -0.891981
vn 0.297866 0.303420 -0.905103
vn 0.719063 -0.068455 -0.691565
vn 0.297866 0.303420 -0.905103
vn 0.701946 -0.000000 -0.712231
vn -0.334123 0.304519 -0.891981
vn -0.325456 0.298508 0.897202
vn -0.297197 -0.298174 0.907065
vn -0.334123 0.304519 -0.891981
vn -0.297197 -0.298174 0.907065
vn 0.297866 0.303420 -0.905103
vn 0.334120 0.304456 0.892004
vn 0.325484 0.298505 -0.897193
vn 0.297197 -0.298174 -0.907065
vn 0.334120 0.304456 0.892004
vn 0.297197 -0.298174 -0.907065
vn -0.297866 0.303420 0.905103
vn -0.297197 -0.298174 0.907065
vn 0.701930 -0.000000 -0.712246
vn -0.574797 0.575010 0.582213
vn -0.297197 -0.298174 0.907065
vn -0.574797 0.575010 0.582213
vn 0.004029 0.710177 0.704012
vn 0.701930 -0.000000 -0.712246
vn 0.701946 -0.000000 -0.712231
vn 0.573609 0.577424 -0.580995
vn 0.701930 -0.000000 -0.712246
vn 0.573609 0.577424 -0.580995
vn -0.574797 0.575010 0.582213
vn 0.297197 -0.298174 -0.907065
vn -0.701930 0.000000 0.712246
vn 0.574797 0.575010 -0.582213
vn 0.297197 -0.298174 -0.907065
vn 0.574797 0.575010 -0.582213
vn -0.004029 0.710192 -0.703997
vn -0.701930 0.000000 0.712246
vn -0.701946 0.000000 0.712231
vn -0.573609 0.577424 0.580994
vn -0.701930 0.000000 0.712246
vn -0.573609 0.577424 0.580994
vn 0.574797 0.575010 -0.582213
vn 0.002045 0.709086 -0.705119
vn 0.004029 0.710177 0.704012
vn -0.574797 0.575010 0.582213
vn 0.002045 0.709086 -0.705119
vn -0.574797 0.575010 0.582213
vn 0.573609 0.577424 -0.580995
vn -0.002045 0.709086 0.705119
vn -0.004029 0.710192 -0.703997
vn 0.574797 0.575010 -0.582213
vn -0.002045 0.709086 0.705119
vn 0.574797 0.575010 -0.582213
vn -0.573609 0.577424 0.580994
vn 0.712246 0.000000 0.701930
vn 0.712231 0.000000 0.701946
vn 0.580414 -0.578583 0.573028
vn 0.712246 0.000000 0.701930
vn 0.580414 -0.578583 0.573028
vn 0.582213 -0.575010 0.574797
vn -0.907065 -0.298174 -0.297197
vn 0.712246 0.000000 0.701930
vn 0.582213 -0.575010 0.574797
vn -0.907065 -0.298174 -0.297197
vn 0.582213 -0.575010 0.574797
vn -0.704012 0.710177 0.004028
vn -0.712246 -0.000000 -0.701930
vn -0.712231 -0.000000 -0.701946
vn -0.580414 -0.578583 -0.573028
vn -0.712246 -0.000000 -0.701930
vn -0.580414 -0.578583 -0.573028
vn -0.582213 -0.575010 -0.574797
vn 0.907065 -0.298174 0.297197
vn -0.712246 -0.000000 -0.701930
vn -0.582213 -0.575010 -0.574797
vn 0.907065 -0.298174 0.297197
vn -0.582213 -0.575010 -0.574797
vn 0.704012 0.710177 -0.004029
vn -0.897095 0.302114 -0.322410
vn -0.897193 0.298505 -0.325484
vn -0.907065 -0.298174 -0.297197
vn -0.897095 0.302114 -0.322410
vn -0.907065 -0.298174 -0.297197
vn -0.905103 -0.303420 -0.297866
vn 0.897094 0.302083 0.322440
vn 0.897202 0.298508 0.325456
vn 0.907065 -0.298174 0.297197
vn 0.897094 0.302083 0.322440
vn 0.907065 -0.298174 0.297197
vn 0.905103 -0.303420 0.297866
vn 0.897202 0.298508 0.325456
vn 0.691960 0.068332 0.718695
vn -0.712246 -0.000000 -0.701930
vn 0.897202 0.298508 0.325456
vn -0.712246 -0.000000 -0.701930
vn 0.907065 -0.298174 0.297197
vn 0.691960 0.068332 0.718695
vn -0.691565 -0.068455 -0.719063
vn -0.712231 -0.000000 -0.701946
vn 0.691960 0.068332 0.718695
vn -0.712231 -0.000000 -0.701946
vn -0.712246 -0.000000 -0.701930
vn -0.897193 0.298505 -0.325484
vn -0.691960 0.068332 -0.718695
vn 0.712246 0.000000 0.701930
vn -0.897193 0.298505 -0.325484
vn 0.712246 0.000000 0.701930
vn -0.907065 -0.298174 -0.297197
vn -0.691960 0.068332 -0.718695
vn 0.691565 -0.068455 0.719063
vn 0.712231 0.000000 0.701946
vn -0.691960 0.068332 -0.718695
vn 0.712231 0.000000 0.701946
vn 0.712246 0.000000 0.701930
vn 0.686286 -0.221875 0.692664
vn 0.686108 -0.222121 0.692761
vn 0.691565 -0.068455 0.719063
vn 0.686286 -0.221875 0.692664
vn 0.691565 -0.068455 0.719063
vn -0.691960 0.068332 -0.718695
vn -0.648288 -0.465753 0.602326
vn 0.653880 -0.463469 0.598029
vn 0.686108 -0.222121 0.692761
vn -0.648288 -0.465753 0.602326
vn 0.686108 -0.222121 0.692761
vn 0.686286 -0.221875 0.692664
vn -0.682899 -0.233900 -0.692055
vn -0.682657 -0.234236 -0.692179
vn -0.691565 -0.068455 -0.719063
vn -0.682899 -0.233900 -0.692055
vn -0.691565 -0.068455 -0.719063
vn 0.691960 0.068332 0.718695
vn 0.897202 0.298508 0.325456
vn 0.659919 0.491117 0.568605
vn -0.682899 -0.233900 -0.692055
vn 0.897202 0.298508 0.325456
vn -0.682899 -0.233900 -0.692055
vn 0.691960 0.068332 0.718695
vn 0.659919 0.491117 0.568605
vn -0.657804 -0.471822 -0.587092
vn -0.682657 -0.234236 -0.692179
vn 0.659919 0.491117 0.568605
vn -0.682657 -0.234236 -0.692179
vn -0.682899 -0.233900 -0.692055
vn 0.551455 -0.080815 -0.830281
vn -0.549163 -0.080144 -0.831863
vn -0.657804 -0.471822 -0.587092
vn 0.551455 -0.080815 -0.830281
vn -0.657804 -0.471822 -0.587092
vn 0.659919 0.491117 0.568605
vn -0.532721 0.820857 -0.205916
vn 0.529946 0.822052 -0.208298
vn 0.897202 0.298508 0.325456
vn -0.532721 0.820857 -0.205916
vn 0.897202 0.298508 0.325456
vn 0.897094 0.302083 0.322440
vn 0.529946 0.822052 -0.208298
vn 0.551455 -0.080815 -0.830281
vn 0.659919 0.491117 0.568605
vn 0.529946 0.822052 -0.208298
vn 0.659919 0.491117 0.568605
vn 0.897202 0.298508 0.325456
vn -0.561347 -0.080114 0.823694
vn 0.575934 -0.077947 0.813772
vn 0.653880 -0.463469 0.598029
vn -0.561347 -0.080114 0.823694
vn 0.653880 -0.463469 0.598029
vn -0.648288 -0.465753 0.602326
vn 0.529450 0.822803 0.206586
vn -0.527461 0.823496 0.208903
vn -0.897193 0.298505 -0.325484
vn 0.529450 0.822803 0.206586
vn -0.897193 0.298505 -0.325484
vn -0.897095 0.302114 -0.322410
vn -0.527461 0.823496 0.208903
vn -0.561347 -0.080114 0.823694
vn -0.648288 -0.465753 0.602326
vn -0.527461 0.823496 0.208903
vn -0.648288 -0.465753 0.602326
vn -0.897193 0.298505 -0.325484
vn 0.575934 -0.077947 0.813772
vn 0.898408 -0.031861 0.438004
vn 0.455658 0.761648 0.460725
vn 0.575934 -0.077947 0.813772
vn 0.455658 0.761648 0.460725
vn 0.529450 0.822803 0.206586
vn 0.898408 -0.031861 0.438004
vn 0.886305 -0.030611 -0.462090
vn 0.453487 0.759414 -0.466519
vn 0.898408 -0.031861 0.438004
vn 0.453487 0.759414 -0.466519
vn 0.455658 0.761648 0.460725
vn -0.549163 -0.080144 -0.831863
vn -0.885043 -0.032930 -0.464343
vn -0.454676 0.761333 -0.462214
vn -0.549163 -0.080144 -0.831863
vn -0.454676 0.761333 -0.462214
vn -0.532721 0.820857 -0.205916
vn -0.885043 -0.032930 -0.464343
vn -0.889477 -0.031953 0.455862
vn -0.452421 0.761523 0.464110
vn -0.885043 -0.032930 -0.464343
vn -0.452421 0.761523 0.464110
vn -0.454676 0.761333 -0.462214
vn 0.529450 0.822803 0.206586
vn -0.897095 0.302114 -0.322410
vn 0.653880 -0.463469 0.598029
vn 0.529450 0.822803 0.206586
vn 0.653880 -0.463469 0.598029
vn 0.575934 -0.077947 0.813772
vn -0.897095 0.302114 -0.322410
vn 0.691565 -0.068455 0.719063
vn 0.686108 -0.222121 0.692761
vn -0.897095 0.302114 -0.322410
vn 0.686108 -0.222121 0.692761
vn 0.653880 -0.463469 0.598029
vn -0.897095 0.302114 -0.322410
vn -0.905103 -0.303420 -0.297866
vn 0.712231 0.000000 0.701946
vn -0.897095 0.302114 -0.322410
vn 0.712231 0.000000 0.701946
vn 0.691565 -0.068455 0.719063
vn -0.905103 -0.303420 -0.297866
vn 0.705119 0.709086 0.002045
vn 0.580414 -0.578583 0.573028
vn -0.905103 -0.303420 -0.297866
vn 0.580414 -0.578583 0.573028
vn 0.712231 0.000000 0.701946
vn 0.704012 0.710177 -0.004029
vn 0.303484 -0.902885 -0.304461
vn -0.303055 -0.903184 0.304001
vn 0.704012 0.710177 -0.004029
vn -0.303055 -0.903184 0.304001
vn 0.907065 -0.298174 0.297197
vn 0.551455 -0.080815 -0.830281
vn 0.529946 0.822052 -0.208298
vn 0.453487 0.759414 -0.466519
vn 0.551455 -0.080815 -0.830281
vn 0.453487 0.759414 -0.466519
vn 0.886305 -0.030611 -0.462090
vn -0.561347 -0.080114 0.823694
vn -0.527461 0.823496 0.208903
vn -0.452421 0.761523 0.464110
vn -0.561347 -0.080114 0.823694
vn -0.452421 0.761523 0.464110
vn -0.889477 -0.031953 0.455862
vn -0.532721 0.820857 -0.205916
vn 0.897094 0.302083 0.322440
vn -0.657804 -0.471822 -0.587092
vn -0.532721 0.820857 -0.205916
vn -0.657804 -0.471822 -0.587092
vn -0.549163 -0.080144 -0.831863
vn 0.686286 -0.221875 0.692664
vn -0.691960 0.068332 -0.718695
vn -0.897193 0.298505 -0.325484
vn 0.686286 -0.221875 0.692664
vn -0.897193 0.298505 -0.325484
vn -0.648288 -0.465753 0.602326
vn 0.897094 0.302083 0.322440
vn -0.691565 -0.068455 -0.719063
vn -0.682657 -0.234236 -0.692179
vn 0.897094 0.302083 0.322440
vn -0.682657 -0.234236 -0.692179
vn -0.657804 -0.471822 -0.587092
vn 0.897094 0.302083 0.322440
vn 0.905103 -0.303420 0.297866
vn -0.712231 -0.000000 -0.701946
vn 0.897094 0.302083 0.322440
vn -0.712231 -0.000000 -0.701946
vn -0.691565 -0.068455 -0.719063
vn 0.905103 -0.303420 0.297866
vn -0.705119 0.709086 -0.002045
vn -0.580414 -0.578583 -0.573028
vn 0.905103 -0.303420 0.297866
vn -0.580414 -0.578583 -0.573028
vn -0.712231 -0.000000 -0.701946
vn -0.704012 0.710177 0.004028
vn -0.303484 -0.902885 0.304461
vn 0.303055 -0.903184 -0.304001
vn -0.704012 0.710177 0.004028
vn 0.303055 -0.903184 -0.304001
vn -0.907065 -0.298174 -0.297197
vn 0.297866 0.303420 -0.905103
vn 0.002045 0.709086 -0.705119
vn 0.573609 0.577424 -0.580995
vn 0.297866 0.303420 -0.905103
vn 0.573609 0.577424 -0.580995
vn 0.701946 -0.000000 -0.712231
vn -0.004029 0.710192 -0.703997
vn -0.304461 -0.902885 -0.303484
vn 0.304001 -0.903184 0.303055
vn -0.004029 0.710192 -0.703997
vn 0.304001 -0.903184 0.303055
vn 0.297197 -0.298174 -0.907065
vn 0.453487 0.759414 -0.466519
vn -0.334123 0.304519 -0.891981
vn 0.590123 -0.469510 -0.656746
vn 0.453487 0.759414 -0.466519
vn 0.590123 -0.469510 -0.656746
vn 0.886305 -0.030611 -0.462090
vn -0.452421 0.761523 0.464110
vn 0.334120 0.304456 0.892004
vn -0.594305 -0.467253 0.654581
vn -0.452421 0.761523 0.464110
vn -0.594305 -0.467253 0.654581
vn -0.889477 -0.031953 0.455862
vn -0.570893 0.487423 0.660681
vn 0.692080 -0.233928 -0.682863
vn 0.718695 -0.068332 -0.691960
vn -0.570893 0.487423 0.660681
vn 0.718695 -0.068332 -0.691960
vn -0.325456 0.298508 0.897202
vn 0.334120 0.304456 0.892004
vn -0.297866 0.303420 0.905103
vn -0.701946 0.000000 0.712231
vn 0.334120 0.304456 0.892004
vn -0.701946 0.000000 0.712231
vn -0.719063 -0.068455 0.691565
vn -0.297866 0.303420 0.905103
vn -0.002045 0.709086 0.705119
vn -0.573609 0.577424 0.580994
vn -0.297866 0.303420 0.905103
vn -0.573609 0.577424 0.580994
vn -0.701946 0.000000 0.712231
vn 0.004029 0.710177 0.704012
vn 0.304461 -0.902885 0.303485
vn -0.304001 -0.903184 -0.303055
vn 0.004029 0.710177 0.704012
vn -0.304001 -0.903184 -0.303055
vn -0.297197 -0.298174 0.907065
vn -0.704012 0.710177 0.004028
vn 0.582213 -0.575010 0.574797
vn 0.580414 -0.578583 0.573028
vn -0.704012 0.710177 0.004028
vn 0.580414 -0.578583 0.573028
vn 0.705119 0.709086 0.002045
vn 0.704012 0.710177 -0.004029
vn -0.582213 -0.575010 -0.574797
vn -0.580414 -0.578583 -0.573028
vn 0.704012 0.710177 -0.004029
vn -0.580414 -0.578583 -0.573028
vn -0.705119 0.709086 -0.002045
vn -0.002045 0.709086 0.705119
vn -0.303484 -0.902885 0.304461
vn -0.304461 -0.902885 -0.303484
vn -0.002045 0.709086 0.705119
vn -0.304461 -0.902885 -0.303484
vn -0.004029 0.710192 -0.703997
vn 0.002045 0.709086 -0.705119
vn 0.303484 -0.902885 -0.304461
vn 0.304461 -0.902885 0.303485
vn 0.002045 0.709086 -0.705119
vn 0.304461 -0.902885 0.303485
vn 0.004029 0.710177 0.704012
vn -0.889872 -0.140558 -0.434017
vn -0.988226 -0.140558 -0.060439
vn -0.656044 -0.140558 -0.741519
vn -0.322338 -0.140558 -0.936131
vn 0.060440 -0.140558 -0.988226
vn 0.434017 -0.140558 -0.889872
vn 0.741519 -0.140558 -0.656043
vn 0.936131 -0.140558 -0.322338
vn 0.988226 -0.140558 0.060441
vn 0.889872 -0.140558 0.434018
vn 0.656043 -0.140558 0.741519
vn 0.322337 -0.140558 0.936131
vn -0.060441 -0.140558 0.988226
vn -0.434018 -0.140558 0.889872
vn -0.741518 -0.140558 0.656045
vn -0.936131 -0.140558 0.322339
vn -0.862942 -0.279623 -0.420882
vn -0.958319 -0.279623 -0.058610
vn -0.636190 -0.279623 -0.719078
vn -0.312583 -0.279623 -0.907801
vn 0.058611 -0.279623 -0.958319
vn 0.420883 -0.279623 -0.862942
vn 0.719079 -0.279623 -0.636189
vn 0.907801 -0.279623 -0.312583
vn 0.958319 -0.279623 0.058612
vn 0.862942 -0.279623 0.420883
vn 0.636189 -0.279623 0.719079
vn 0.312582 -0.279623 0.907801
vn -0.058612 -0.279623 0.958319
vn -0.420883 -0.279623 0.862942
vn -0.719077 -0.279623 0.636191
vn -0.907801 -0.279623 0.312584
vn -0.817565 -0.415435 -0.398750
vn -0.907926 -0.415435 -0.055528
vn -0.602736 -0.415435 -0.681266
vn -0.296146 -0.415435 -0.860064
vn 0.055529 -0.415435 -0.907926
vn 0.398751 -0.415435 -0.817564
vn 0.681266 -0.415435 -0.602735
vn 0.860065 -0.415435 -0.296146
vn 0.907926 -0.415435 0.055530
vn 0.817564 -0.415435 0.398751
vn 0.602735 -0.415435 0.681266
vn 0.296145 -0.415435 0.860065
vn -0.055530 -0.415435 0.907926
vn -0.398751 -0.415435 0.817564
vn -0.681265 -0.415435 0.602737
vn -0.860064 -0.415435 0.296147
vn -0.753164 -0.545715 -0.367340
vn -0.836408 -0.545715 -0.051154
vn -0.555258 -0.545715 -0.627601
vn -0.272818 -0.545715 -0.792316
vn 0.051155 -0.545715 -0.836408
vn 0.367341 -0.545715 -0.753164
vn 0.627602 -0.545715 -0.555257
vn 0.792316 -0.545715 -0.272818
vn 0.836408 -0.545715 0.051156
vn 0.753164 -0.545715 0.367341
vn 0.555257 -0.545715 0.627602
vn 0.272818 -0.545715 0.792316
vn -0.051156 -0.545715 0.836408
vn -0.367341 -0.545715 0.753163
vn -0.627601 -0.545715 0.555258
vn -0.792316 -0.545715 0.272819
vn -0.669283 -0.667461 -0.326429
vn -0.743256 -0.667461 -0.045457
vn -0.493418 -0.667461 -0.557705
vn -0.242434 -0.667461 -0.704075
vn 0.045458 -0.667461 -0.743256
vn 0.326430 -0.667461 -0.669283
vn 0.557705 -0.667461 -0.493418
vn 0.704075 -0.667461 -0.242434
vn 0.743256 -0.667461 0.045458
vn 0.669283 -0.667461 0.326430
vn 0.493418 -0.667461 0.557705
vn 0.242434 -0.667461 0.704075
vn -0.045458 -0.667461 0.743256
vn -0.326430 -0.667461 0.669283
vn -0.557704 -0.667461 0.493419
vn -0.704075 -0.667461 0.242435
vn -0.565957 -0.776851 -0.276034
vn -0.628510 -0.776851 -0.038439
vn -0.417242 -0.776851 -0.471604
vn -0.205006 -0.776851 -0.595377
vn 0.038440 -0.776851 -0.628510
vn 0.276034 -0.776851 -0.565957
vn 0.471605 -0.776851 -0.417242
vn 0.595378 -0.776851 -0.205006
vn 0.628510 -0.776851 0.038440
vn 0.565957 -0.776851 0.276034
vn 0.417242 -0.776851 0.471605
vn 0.205006 -0.776851 0.595378
vn -0.038440 -0.776851 0.628510
vn -0.276035 -0.776851 0.565957
vn -0.471604 -0.776851 0.417243
vn -0.595377 -0.776851 0.205007
vn -0.444170 -0.869358 -0.216634
vn -0.493262 -0.869358 -0.030168
vn -0.327457 -0.869358 -0.370121
vn -0.160891 -0.869358 -0.467259
vn 0.030168 -0.869358 -0.493262
vn 0.216635 -0.869358 -0.444169
vn 0.370121 -0.869358 -0.327456
vn 0.467259 -0.869358 -0.160891
vn 0.493262 -0.869358 0.030168
vn 0.444169 -0.869358 0.216635
vn 0.327456 -0.869358 0.370121
vn 0.160891 -0.869358 0.467259
vn -0.030169 -0.869358 0.493262
vn -0.216635 -0.869358 0.444169
vn -0.370120 -0.869358 0.327457
vn -0.467259 -0.869358 0.160892
vn -0.306304 -0.940138 -0.149393
vn -0.340158 -0.940138 -0.020804
vn -0.225817 -0.940138 -0.255239
vn -0.110952 -0.940138 -0.322226
vn 0.020804 -0.940138 -0.340158
vn 0.149393 -0.940138 -0.306304
vn 0.255239 -0.940138 -0.225817
vn 0.322226 -0.940138 -0.110952
vn 0.340158 -0.940138 0.020804
vn 0.306303 -0.940138 0.149394
vn 0.225817 -0.940138 0.255239
vn 0.110952 -0.940138 0.322226
vn -0.020804 -0.940138 0.340158
vn -0.149394 -0.940138 0.306303
vn -0.255238 -0.940138 0.225818
vn -0.322226 -0.940138 0.110953
vn -0.156394 -0.984745 -0.076278
vn -0.173680 -0.984745 -0.010622
vn -0.115299 -0.984745 -0.130321
vn -0.056651 -0.984745 -0.164524
vn 0.010622 -0.984745 -0.173680
vn 0.076278 -0.984745 -0.156394
vn 0.130321 -0.984745 -0.115299
vn 0.164524 -0.984745 -0.056651
vn 0.173680 -0.984745 0.010622
vn 0.156394 -0.984745 0.076278
vn 0.115299 -0.984745 0.130321
vn 0.056650 -0.984745 0.164524
vn -0.010622 -0.984745 0.173680
vn -0.076278 -0.984745 0.156394
vn -0.130321 -0.984745 0.115299
vn -0.164524 -0.984745 0.056651
vn 0.000000 -1.000000 0.000000
g g_Propeller_Plane
f 1/1/1 2/2/2 3/3/3
f 3/4/4 2/5/5 4/6/6
f 5/7/7 6/8/8 7/9/9
f 5/10/10 7/11/11 8/12/12
f 9/13/13 10/14/14 6/15/15
f 9/16/16 6/17/17 5/18/18
f 1/19/19 10/20/20 9/21/21
f 9/22/22 2/23/23 1/24/24
f 11/25/25 12/26/26 13/27/27
f 13/28/28 14/29/29 11/30/30
f 11/31/31 15/32/32 16/33/33
f 11/34/34 14/35/35 15/36/36
f 16/37/37 17/38/38 18/39/39
f 16/40/40 15/41/41 17/42/42
f 19/43/43 12/44/44 20/45/45
f 13/46/46 12/47/47 19/48/48
f 21/49/49 22/50/50 20/51/51
f 20/52/52 22/53/53 23/54/54
f 24/55/55 25/56/56 26/57/57
f 24/58/58 26/59/59 27/60/60
f 28/61/61 29/62/62 25/63/63
f 28/64/64 25/65/65 24/66/66
f 21/67/67 29/68/68 28/69/69
f 28/70/70 22/71/71 21/72/72
f 30/73/73 31/74/74 32/75/75
f 32/76/76 33/77/77 30/78/78
f 30/79/79 34/80/80 35/81/81
f 30/82/82 33/83/83 34/84/84
f 35/85/85 36/86/86 37/87/87
f 35/88/88 34/89/89 36/90/90
f 4/91/91 31/92/92 38/93/93
f 32/94/94 31/95/95 4/96/96
f 39/97/97 40/98/98 38/99/99
f 38/100/100 40/101/101 41/102/102
f 42/103/103 43/104/104 44/105/105
f 42/106/106 44/107/107 45/108/108
f 46/109/109 47/110/110 43/111/111
f 46/112/112 43/113/113 42/114/114
f 39/115/115 47/116/116 46/117/117
f 46/118/118 40/119/119 39/120/120
f 48/121/121 49/122/122 50/123/123
f 50/124/124 51/125/125 48/126/126
f 48/127/127 52/128/128 53/129/129
f 48/130/130 51/131/131 52/132/132
f 53/133/133 54/134/134 55/135/135
f 53/136/136 52/137/137 54/138/138
f 23/139/139 49/140/140 56/141/141
f 50/142/142 49/143/143 23/144/144
f 57/145/145 58/146/146 56/147/147
f 56/148/148 58/149/149 59/150/150
f 60/151/151 61/152/152 62/153/153
f 60/154/154 62/155/155 63/156/156
f 64/157/157 65/158/158 61/159/159
f 64/160/160 61/161/161 60/162/162
f 57/163/163 65/164/164 64/165/165
f 64/166/166 58/167/167 57/168/168
f 66/169/169 67/170/170 68/171/171
f 68/172/172 69/173/173 66/174/174
f 66/175/175 70/176/176 71/177/177
f 66/178/178 69/179/179 70/180/180
f 71/181/181 72/182/182 73/183/183
f 71/184/184 70/185/185 72/186/186
f 41/187/187 67/188/188 74/189/189
f 68/190/190 67/191/191 41/192/192
f 75/193/193 76/194/194 74/195/195
f 74/196/196 76/197/197 19/198/198
f 77/199/199 78/200/200 79/201/201
f 77/202/202 79/203/203 80/204/204
f 81/205/205 82/206/206 78/207/207
f 81/208/208 78/209/209 77/210/210
f 75/211/211 82/212/212 81/213/213
f 81/214/214 76/215/215 75/216/216
f 83/217/217 84/218/218 85/219/219
f 85/220/220 86/221/221 83/222/222
f 83/223/223 87/224/224 88/225/225
f 83/226/226 86/227/227 87/228/228
f 88/229/229 89/230/230 90/231/231
f 88/232/232 87/233/233 89/234/234
f 59/235/235 84/236/236 3/237/237
f 85/238/238 84/239/239 59/240/240
f 38/241/241 91/242/242 4/243/243
f 38/244/244 41/245/245 91/246/246
f 3/247/247 4/248/248 91/249/249
f 3/250/250 91/251/251 59/252/252
f 56/253/253 59/254/254 91/255/255
f 23/256/256 56/257/257 91/258/258
f 20/259/259 23/260/260 91/261/261
f 20/262/262 91/263/263 19/264/264
f 74/265/265 19/266/266 91/267/267
f 41/268/268 74/269/269 91/270/270
g g_torpedo_Cylinder
f 92/271/271 93/272/272 94/273/273
f 94/274/273 95/275/274 92/276/275
f 96/277/276 97/278/277 93/279/272
f 96/280/278 93/281/272 92/282/279
f 98/283/280 99/284/281 97/285/277
f 98/286/282 97/287/277 96/288/283
f 100/289/284 101/290/285 99/291/281
f 100/292/286 99/293/281 98/294/287
f 102/295/288 103/296/289 101/297/285
f 102/298/290 101/299/285 100/300/291
f 104/301/292 105/302/293 103/303/289
f 104/304/294 103/305/289 102/306/295
f 106/307/296 107/308/297 105/309/293
f 106/310/298 105/311/293 104/312/299
f 108/313/300 109/314/301 107/315/297
f 108/316/302 107/317/297 106/318/303
f 110/319/304 111/320/305 109/321/301
f 110/322/306 109/323/301 108/324/307
f 112/325/308 113/326/309 111/327/305
f 112/328/310 111/329/305 110/330/311
f 114/331/312 115/332/313 113/333/309
f 114/334/314 113/335/309 112/336/315
f 116/337/316 117/338/317 115/339/313
f 116/340/318 115/341/313 114/342/319
f 118/343/320 119/344/321 117/345/317
f 118/346/322 117/347/317 116/348/323
f 120/349/324 121/350/325 119/351/321
f 120/352/326 119/353/321 118/354/327
f 122/355/328 123/356/329 121/357/325
f 122/358/330 121/359/325 120/360/331
f 95/361/332 94/362/273 123/363/329
f 95/364/333 123/365/329 122/366/334
f 124/367/335 125/368/336 126/369/337
f 124/370/338 126/371/339 127/372/340
f 125/373/341 128/374/342 126/375/343
f 128/376/344 129/377/345 130/378/346
f 128/379/347 130/380/348 126/381/349
f 129/382/350 131/383/351 130/384/352
f 131/385/353 132/386/354 133/387/355
f 131/388/356 133/389/357 130/390/358
f 132/391/359 134/392/360 133/393/361
f 134/394/362 135/395/363 136/396/364
f 134/397/365 136/398/366 133/399/367
f 135/400/368 137/401/369 136/402/370
f 137/403/371 138/404/372 139/405/373
f 137/406/374 139/407/375 136/408/376
f 138/409/377 140/410/378 139/411/379
f 140/412/380 141/413/381 142/414/382
f 140/415/383 142/416/384 139/417/385
f 141/418/386 143/419/387 142/420/388
f 143/421/389 144/422/390 145/423/391
f 143/424/392 145/425/393 142/426/394
f 144/427/395 146/428/396 145/429/397
f 146/430/398 147/431/399 127/432/400
f 146/433/401 127/434/402 145/435/403
f 147/436/404 124/437/405 127/438/406
f 148/439/407 149/440/408 124/441/409
f 148/442/410 124/443/411 147/444/412
f 150/445/413 148/446/414 147/447/415
f 150/448/416 147/449/417 146/450/418
f 151/451/419 150/452/420 146/453/421
f 151/454/422 146/455/423 144/456/424
f 152/457/425 151/458/426 144/459/427
f 152/460/428 144/461/429 143/462/430
f 153/463/431 152/464/432 143/465/433
f 153/466/434 143/467/435 141/468/436
f 154/469/437 153/470/438 141/471/439
f 154/472/440 141/473/441 140/474/442
f 155/475/443 154/476/444 140/477/445
f 155/478/446 140/479/447 138/480/448
f 156/481/449 155/482/450 138/483/451
f 156/484/452 138/485/453 137/486/454
f 157/487/455 156/488/456 137/489/457
f 157/490/458 137/491/459 135/492/460
f 158/493/461 157/494/462 135/495/463
f 158/496/464 135/497/465 134/498/466
f 159/499/467 158/500/468 134/501/469
f 159/502/470 134/503/471 132/504/472
f 160/505/473 159/506/474 132/507/475
f 160/508/476 132/509/477 131/510/478
f 161/511/479 160/512/480 131/513/481
f 161/514/482 131/515/483 129/516/484
f 162/517/485 161/518/486 129/519/487
f 162/520/488 129/521/489 128/522/490
f 163/523/491 162/524/492 128/525/493
f 163/526/494 128/527/495 125/528/496
f 149/529/497 163/530/498 125/531/499
f 149/532/500 125/533/501 124/534/502
f 95/535/503 122/536/504 163/537/505
f 95/538/506 163/539/507 149/540/508
f 122/541/509 120/542/510 162/543/511
f 122/544/512 162/545/513 163/546/514
f 120/547/515 118/548/516 161/549/517
f 120/550/518 161/551/519 162/552/520
f 118/553/521 116/554/522 160/555/523
f 118/556/524 160/557/525 161/558/526
f 116/559/527 114/560/528 159/561/529
f 116/562/530 159/563/531 160/564/532
f 114/565/533 112/566/534 158/567/535
f 114/568/536 158/569/537 159/570/538
f 112/571/539 110/572/540 157/573/541
f 112/574/542 157/575/543 158/576/544
f 110/577/545 108/578/546 156/579/547
f 110/580/548 156/581/549 157/582/550
f 108/583/551 106/584/552 155/585/553
f 108/586/554 155/587/555 156/588/556
f 106/589/557 104/590/558 154/591/559
f 106/592/560 154/593/561 155/594/562
f 104/595/563 102/596/564 153/597/565
f 104/598/566 153/599/567 154/600/568
f 102/601/569 100/602/570 152/603/571
f 102/604/572 152/605/573 153/606/574
f 100/607/575 98/608/576 151/609/577
f 100/610/578 151/611/579 152/612/580
f 98/613/581 96/614/582 150/615/583
f 98/616/584 150/617/585 151/618/586
f 96/619/587 92/620/588 148/621/589
f 96/622/590 148/623/591 150/624/592
f 92/625/593 95/626/594 149/627/595
f 92/628/596 149/629/597 148/630/598
f 164/631/599 165/632/600 166/633/601
f 167/634/602 168/635/603 166/636/604
f 168/637/605 169/638/606 166/639/607
f 170/640/608 167/641/609 166/642/610
f 169/643/611 171/644/612 166/645/613
f 171/646/614 164/647/615 166/648/616
f 165/649/617 172/650/618 166/651/619
f 172/652/620 170/653/621 166/654/622
f 173/655/623 174/656/624 175/657/625
f 173/658/626 175/659/627 176/660/628
f 177/661/629 178/662/630 179/663/631
f 177/664/632 179/665/633 180/666/634
f 181/667/635 182/668/636 179/669/637
f 181/670/638 179/671/639 176/672/640
f 182/673/641 183/674/642 180/675/643
f 182/676/644 180/677/645 179/678/646
f 184/679/647 185/680/648 177/681/649
f 184/682/650 177/683/651 174/684/652
f 185/685/653 186/686/654 178/687/655
f 185/688/656 178/689/657 177/690/658
f 187/691/659 188/692/660 179/693/661
f 187/694/662 179/695/663 178/696/664
f 189/697/665 187/698/666 178/699/667
f 189/700/668 178/701/669 175/702/670
f 190/703/671 189/704/672 175/705/673
f 190/706/674 175/707/675 176/708/676
f 191/709/677 192/710/678 177/711/679
f 191/712/680 177/713/681 180/714/682
f 193/715/683 191/716/684 180/717/685
f 193/718/686 180/719/687 173/720/688
f 194/721/689 193/722/690 173/723/691
f 194/724/692 173/725/693 174/726/694
f 172/727/695 145/728/696 195/729/697
f 172/730/698 195/731/699 196/732/700
f 170/733/701 172/734/702 196/735/703
f 170/736/704 196/737/705 197/738/706
f 145/739/707 127/740/708 198/741/709
f 145/742/710 198/743/711 195/744/712
f 169/745/713 133/746/714 199/747/715
f 169/748/716 199/749/717 200/750/718
f 171/751/719 169/752/720 200/753/721
f 171/754/722 200/755/723 201/756/724
f 133/757/725 136/758/726 202/759/727
f 133/760/728 202/761/729 199/762/730
f 199/763/731 202/764/732 203/765/733
f 199/766/734 203/767/735 204/768/736
f 202/769/737 201/770/738 205/771/739
f 202/772/740 205/773/741 203/774/742
f 204/775/743 203/776/744 205/777/745
f 204/778/746 205/779/747 206/780/748
f 198/781/749 197/782/750 207/783/751
f 198/784/752 207/785/753 208/786/754
f 195/787/755 198/788/756 208/789/757
f 195/790/758 208/791/759 209/792/760
f 196/793/761 195/794/762 209/795/763
f 196/796/764 209/797/765 210/798/766
f 209/799/767 208/800/768 207/801/769
f 209/802/770 207/803/771 210/804/772
f 210/805/773 207/806/774 211/807/775
f 210/808/776 211/809/777 212/810/778
f 196/811/779 210/812/780 212/813/781
f 196/814/782 212/815/783 186/816/784
f 206/817/785 205/818/786 213/819/787
f 206/820/788 213/821/789 214/822/790
f 200/823/791 206/824/792 214/825/793
f 200/826/794 214/827/795 183/828/796
f 205/829/797 201/830/798 182/831/799
f 205/832/800 182/833/801 213/834/802
f 201/835/803 200/836/804 183/837/805
f 201/838/806 183/839/807 182/840/808
f 197/841/809 196/842/810 186/843/811
f 197/844/812 186/845/813 185/846/814
f 183/847/815 214/848/816 215/849/817
f 183/850/818 215/851/819 216/852/820
f 214/853/821 213/854/822 217/855/823
f 214/856/824 217/857/825 215/858/826
f 186/859/827 212/860/828 218/861/829
f 186/862/830 218/863/831 219/864/832
f 212/865/833 211/866/834 220/867/835
f 212/868/836 220/869/837 218/870/838
f 181/871/839 216/872/840 215/873/841
f 181/874/842 215/875/843 217/876/844
f 184/877/845 219/878/846 218/879/847
f 184/880/848 218/881/849 220/882/850
f 221/883/851 222/884/852 223/885/853
f 221/886/854 223/887/855 224/888/856
f 192/889/857 221/890/858 224/891/859
f 192/892/860 224/893/861 194/894/862
f 225/895/863 226/896/864 227/897/865
f 225/898/866 227/899/867 228/900/868
f 188/901/869 225/902/870 228/903/871
f 188/904/872 228/905/873 190/906/874
f 229/907/875 230/908/876 192/909/877
f 229/910/878 192/911/879 191/912/880
f 231/913/881 232/914/882 188/915/883
f 231/916/884 188/917/885 187/918/886
f 232/919/887 233/920/888 225/921/889
f 232/922/890 225/923/891 188/924/892
f 233/925/893 234/926/894 226/927/895
f 233/928/896 226/929/897 225/930/898
f 230/931/899 235/932/900 221/933/901
f 230/934/902 221/935/903 192/936/904
f 235/937/905 236/938/906 222/939/907
f 235/940/908 222/941/909 221/942/910
f 237/943/911 238/944/912 236/945/913
f 237/946/914 236/947/915 235/948/916
f 239/949/917 240/950/918 238/951/919
f 239/952/920 238/953/921 237/954/922
f 241/955/923 242/956/924 234/957/925
f 241/958/926 234/959/927 233/960/928
f 232/961/929 243/962/930 241/963/931
f 232/964/932 241/965/933 233/966/934
f 243/967/935 244/968/936 242/969/937
f 243/970/938 242/971/939 241/972/940
f 139/973/941 142/974/942 244/975/943
f 139/976/944 244/977/945 243/978/946
f 165/979/947 164/980/948 232/981/949
f 165/982/950 232/983/951 231/984/952
f 164/985/953 139/986/954 243/987/955
f 164/988/956 243/989/957 232/990/958
f 126/991/959 130/992/960 240/993/961
f 126/994/962 240/995/963 239/996/964
f 168/997/965 167/998/966 230/999/967
f 168/1000/968 230/1001/969 229/1002/970
f 167/1003/971 126/1004/972 239/1005/973
f 167/1006/974 239/1007/975 230/1008/976
f 130/1009/977 133/1010/978 169/1011/979
f 130/1012/980 169/1013/981 168/1014/982
f 133/1015/983 136/1016/984 171/1017/985
f 133/1018/986 171/1019/987 169/1020/988
f 142/1021/989 145/1022/990 172/1023/991
f 142/1024/992 172/1025/993 165/1026/994
f 145/1027/995 127/1028/996 170/1029/997
f 145/1030/998 170/1031/999 172/1032/1000
f 168/1033/1001 229/1034/1002 240/1035/1003
f 168/1036/1004 240/1037/1005 130/1038/1006
f 229/1039/1007 236/1040/1008 238/1041/1009
f 229/1042/1010 238/1043/1011 240/1044/1012
f 229/1045/1013 191/1046/1014 222/1047/1015
f 229/1048/1016 222/1049/1017 236/1050/1018
f 191/1051/1019 193/1052/1020 223/1053/1021
f 191/1054/1022 223/1055/1023 222/1056/1024
f 190/1057/1025 176/1058/1026 179/1059/1027
f 190/1060/1028 179/1061/1029 188/1062/1030
f 139/1063/1031 164/1064/1032 171/1065/1033
f 139/1066/1034 171/1067/1035 136/1068/1036
f 126/1069/1037 167/1070/1038 170/1071/1039
f 126/1072/1040 170/1073/1041 127/1074/1042
f 165/1075/1043 231/1076/1044 244/1077/1045
f 165/1078/1046 244/1079/1047 142/1080/1048
f 237/1081/1049 235/1082/1050 230/1083/1051
f 237/1084/1052 230/1085/1053 239/1086/1054
f 231/1087/1055 234/1088/1056 242/1089/1057
f 231/1090/1058 242/1091/1059 244/1092/1060
f 231/1093/1061 187/1094/1062 226/1095/1063
f 231/1096/1064 226/1097/1065 234/1098/1066
f 187/1099/1067 189/1100/1068 227/1101/1069
f 187/1102/1070 227/1103/1071 226/1104/1072
f 194/1105/1073 174/1106/1074 177/1107/1075
f 194/1108/1076 177/1109/1077 192/1110/1078
f 182/1111/1079 181/1112/1080 217/1113/1081
f 182/1114/1082 217/1115/1083 213/1116/1084
f 219/1117/1085 175/1118/1086 178/1119/1087
f 219/1120/1088 178/1121/1089 186/1122/1090
f 171/1123/1091 201/1124/1092 202/1125/1093
f 171/1126/1094 202/1127/1095 136/1128/1096
f 170/1129/1097 197/1130/1098 198/1131/1099
f 170/1132/1100 198/1133/1101 127/1134/1102
f 199/1135/1103 204/1136/1104 206/1137/1105
f 199/1138/1106 206/1139/1107 200/1140/1108
f 197/1141/1109 185/1142/1110 211/1143/1111
f 197/1144/1112 211/1145/1113 207/1146/1114
f 185/1147/1115 184/1148/1116 220/1149/1117
f 185/1150/1118 220/1151/1119 211/1152/1120
f 216/1153/1121 173/1154/1122 180/1155/1123
f 216/1156/1124 180/1157/1125 183/1158/1126
f 194/1159/1127 224/1160/1128 223/1161/1129
f 194/1162/1130 223/1163/1131 193/1164/1132
f 190/1165/1133 228/1166/1134 227/1167/1135
f 190/1168/1136 227/1169/1137 189/1170/1138
f 184/1171/1139 174/1172/1140 175/1173/1141
f 184/1174/1142 175/1175/1143 219/1176/1144
f 181/1177/1145 176/1178/1146 173/1179/1147
f 181/1180/1148 173/1181/1149 216/1182/1150
f 99/1183/281 101/1183/285 245/1183/1151
f 99/1183/281 245/1183/1151 246/1183/1152
f 101/1183/285 103/1183/289 247/1183/1153
f 101/1183/285 247/1183/1153 245/1183/1151
f 103/1183/289 105/1183/293 248/1183/1154
f 103/1183/289 248/1183/1154 247/1183/1153
f 105/1183/293 107/1183/297 249/1183/1155
f 105/1183/293 249/1183/1155 248/1183/1154
f 107/1183/297 109/1183/301 250/1183/1156
f 107/1183/297 250/1183/1156 249/1183/1155
f 109/1183/301 111/1183/305 251/1183/1157
f 109/1183/301 251/1183/1157 250/1183/1156
f 111/1183/305 113/1183/309 252/1183/1158
f 111/1183/305 252/1183/1158 251/1183/1157
f 113/1183/309 115/1183/313 253/1183/1159
f 113/1183/309 253/1183/1159 252/1183/1158
f 115/1183/313 117/1183/317 254/1183/1160
f 115/1183/313 254/1183/1160 253/1183/1159
f 117/1183/317 119/1183/321 255/1183/1161
f 117/1183/317 255/1183/1161 254/1183/1160
f 119/1183/321 121/1183/325 256/1183/1162
f 119/1183/321 256/1183/1162 255/1183/1161
f 121/1183/325 123/1183/329 257/1183/1163
f 121/1183/325 257/1183/1163 256/1183/1162
f 123/1183/329 94/1183/273 258/1183/1164
f 123/1183/329 258/1183/1164 257/1183/1163
f 94/1183/273 93/1183/272 259/1183/1165
f 94/1183/273 259/1183/1165 258/1183/1164
f 93/1183/272 97/1183/277 260/1183/1166
f 93/1183/272 260/1183/1166 259/1183/1165
f 97/1183/277 99/1183/281 246/1183/1152
f 97/1183/277 246/1183/1152 260/1183/1166
f 246/1183/1152 245/1183/1151 261/1183/1167
f 246/1183/1152 261/1183/1167 262/1183/1168
f 245/1183/1151 247/1183/1153 263/1183/1169
f 245/1183/1151 263/1183/1169 261/1183/1167
f 247/1183/1153 248/1183/1154 264/1183/1170
f 247/1183/1153 264/1183/1170 263/1183/1169
f 248/1183/1154 249/1183/1155 265/1183/1171
f 248/1183/1154 265/1183/1171 264/1183/1170
f 249/1183/1155 250/1183/1156 266/1183/1172
f 249/1183/1155 266/1183/1172 265/1183/1171
f 250/1183/1156 251/1183/1157 267/1183/1173
f 250/1183/1156 267/1183/1173 266/1183/1172
f 251/1183/1157 252/1183/1158 268/1183/1174
f 251/1183/1157 268/1183/1174 267/1183/1173
f 252/1183/1158 253/1183/1159 269/1183/1175
f 252/1183/1158 269/1183/1175 268/1183/1174
f 253/1183/1159 254/1183/1160 270/1183/1176
f 253/1183/1159 270/1183/1176 269/1183/1175
f 254/1183/1160 255/1183/1161 271/1183/1177
f 254/1183/1160 271/1183/1177 270/1183/1176
f 255/1183/1161 256/1183/1162 272/1183/1178
f 255/1183/1161 272/1183/1178 271/1183/1177
f 256/1183/1162 257/1183/1163 273/1183/1179
f 256/1183/1162 273/1183/1179 272/1183/1178
f 257/1183/1163 258/1183/1164 274/1183/1180
f 257/1183/1163 274/1183/1180 273/1183/1179
f 258/1183/1164 259/1183/1165 275/1183/1181
f 258/1183/1164 275/1183/1181 274/1183/1180
f 259/1183/1165 260/1183/1166 276/1183/1182
f 259/1183/1165 276/1183/1182 275/1183/1181
f 260/1183/1166 246/1183/1152 262/1183/1168
f 260/1183/1166 262/1183/1168 276/1183/1182
f 262/1183/1168 261/1183/1167 277/1183/1183
f 262/1183/1168 277/1183/1183 278/1183/1184
f 261/1183/1167 263/1183/1169 279/1183/1185
f 261/1183/1167 279/1183/1185 277/1183/1183
f 263/1183/1169 264/1183/1170 280/1183/1186
f 263/1183/1169 280/1183/1186 279/1183/1185
f 264/1183/1170 265/1183/1171 281/1183/1187
f 264/1183/1170 281/1183/1187 280/1183/1186
f 265/1183/1171 266/1183/1172 282/1183/1188
f 265/1183/1171 282/1183/1188 281/1183/1187
f 266/1183/1172 267/1183/1173 283/1183/1189
f 266/1183/1172 283/1183/1189 282/1183/1188
f 267/1183/1173 268/1183/1174 284/1183/1190
f 267/1183/1173 284/1183/1190 283/1183/1189
f 268/1183/1174 269/1183/1175 285/1183/1191
f 268/1183/1174 285/1183/1191 284/1183/1190
f 269/1183/1175 270/1183/1176 286/1183/1192
f 269/1183/1175 286/1183/1192 285/1183/1191
f 270/1183/1176 271/1183/1177 287/1183/1193
f 270/1183/1176 287/1183/1193 286/1183/1192
f 271/1183/1177 272/1183/1178 288/1183/1194
f 271/1183/1177 288/1183/1194 287/1183/1193
f 272/1183/1178 273/1183/1179 289/1183/1195
f 272/1183/1178 289/1183/1195 288/1183/1194
f 273/1183/1179 274/1183/1180 290/1183/1196
f 273/1183/1179 290/1183/1196 289/1183/1195
f 274/1183/1180 275/1183/1181 291/1183/1197
f 274/1183/1180 291/1183/1197 290/1183/1196
f 275/1183/1181 276/1183/1182 292/1183/1198
f 275/1183/1181 292/1183/1198 291/1183/1197
f 276/1183/1182 262/1183/1168 278/1183/1184
f 276/1183/1182 278/1183/1184 292/1183/1198
f 278/1183/1184 277/1183/1183 293/1183/1199
f 278/1183/1184 293/1183/1199 294/1183/1200
f 277/1183/1183 279/1183/1185 295/1183/1201
f 277/1183/1183 295/1183/1201 293/1183/1199
f 279/1183/1185 280/1183/1186 296/1183/1202
f 279/1183/1185 296/1183/1202 295/1183/1201
f 280/1183/1186 281/1183/1187 297/1183/1203
f 280/1183/1186 297/1183/1203 296/1183/1202
f 281/1183/1187 282/1183/1188 298/1183/1204
f 281/1183/1187 298/1183/1204 297/1183/1203
f 282/1183/1188 283/1183/1189 299/1183/1205
f 282/1183/1188 299/1183/1205 298/1183/1204
f 283/1183/1189 284/1183/1190 300/1183/1206
f 283/1183/1189 300/1183/1206 299/1183/1205
f 284/1183/1190 285/1183/1191 301/1183/1207
f 284/1183/1190 301/1183/1207 300/1183/1206
f 285/1183/1191 286/1183/1192 302/1183/1208
f 285/1183/1191 302/1183/1208 301/1183/1207
f 286/1183/1192 287/1183/1193 303/1183/1209
f 286/1183/1192 303/1183/1209 302/1183/1208
f 287/1183/1193 288/1183/1194 304/1183/1210
f 287/1183/1193 304/1183/1210 303/1183/1209
f 288/1183/1194 289/1183/1195 305/1183/1211
f 288/1183/1194 305/1183/1211 304/1183/1210
f 289/1183/1195 290/1183/1196 306/1183/1212
f 289/1183/1195 306/1183/1212 305/1183/1211
f 290/1183/1196 291/1183/1197 307/1183/1213
f 290/1183/1196 307/1183/1213 306/1183/1212
f 291/1183/1197 292/1183/1198 308/1183/1214
f 291/1183/1197 308/1183/1214 307/1183/1213
f 292/1183/1198 278/1183/1184 294/1183/1200
f 292/1183/1198 294/1183/1200 308/1183/1214
f 294/1183/1200 293/1183/1199 309/1183/1215
f 294/1183/1200 309/1183/1215 310/1183/1216
f 293/1183/1199 295/1183/1201 311/1183/1217
f 293/1183/1199 311/1183/1217 309/1183/1215
f 295/1183/1201 296/1183/1202 312/1183/1218
f 295/1183/1201 312/1183/1218 311/1183/1217
f 296/1183/1202 297/1183/1203 313/1183/1219
f 296/1183/1202 313/1183/1219 312/1183/1218
f 297/1183/1203 298/1183/1204 314/1183/1220
f 297/1183/1203 314/1183/1220 313/1183/1219
f 298/1183/1204 299/1183/1205 315/1183/1221
f 298/1183/1204 315/1183/1221 314/1183/1220
f 299/1183/1205 300/1183/1206 316/1183/1222
f 299/1183/1205 316/1183/1222 315/1183/1221
f 300/1183/1206 301/1183/1207 317/1183/1223
f 300/1183/1206 317/1183/1223 316/1183/1222
f 301/1183/1207 302/1183/1208 318/1183/1224
f 301/1183/1207 318/1183/1224 317/1183/1223
f 302/1183/1208 303/1183/1209 319/1183/1225
f 302/1183/1208 319/1183/1225 318/1183/1224
f 303/1183/1209 304/1183/1210 320/1183/1226
f 303/1183/1209 320/1183/1226 319/1183/1225
f 304/1183/1210 305/1183/1211 321/1183/1227
f 304/1183/1210 321/1183/1227 320/1183/1226
f 305/1183/1211 306/1183/1212 322/1183/1228
f 305/1183/1211 322/1183/1228 321/1183/1227
f 306/1183/1212 307/1183/1213 323/1183/1229
f 306/1183/1212 323/1183/1229 322/1183/1228
f 307/1183/1213 308/1183/1214 324/1183/1230
f 307/1183/1213 324/1183/1230 323/1183/1229
f 308/1183/1214 294/1183/1200 310/1183/1216
f 308/1183/1214 310/1183/1216 324/1183/1230
f 310/1183/1216 309/1183/1215 325/1183/1231
f 310/1183/1216 325/1183/1231 326/1183/1232
f 309/1183/1215 311/1183/1217 327/1183/1233
f 309/1183/1215 327/1183/1233 325/1183/1231
f 311/1183/1217 312/1183/1218 328/1183/1234
f 311/1183/1217 328/1183/1234 327/1183/1233
f 312/1183/1218 313/1183/1219 329/1183/1235
f 312/1183/1218 329/1183/1235 328/1183/1234
f 313/1183/1219 314/1183/1220 330/1183/1236
f 313/1183/1219 330/1183/1236 329/1183/1235
f 314/1183/1220 315/1183/1221 331/1183/1237
f 314/1183/1220 331/1183/1237 330/1183/1236
f 315/1183/1221 316/1183/1222 332/1183/1238
f 315/1183/1221 332/1183/1238 331/1183/1237
f 316/1183/1222 317/1183/1223 333/1183/1239
f 316/1183/1222 333/1183/1239 332/1183/1238
f 317/1183/1223 318/1183/1224 334/1183/1240
f 317/1183/1223 334/1183/1240 333/1183/1239
f 318/1183/1224 319/1183/1225 335/1183/1241
f 318/1183/1224 335/1183/1241 334/1183/1240
f 319/1183/1225 320/1183/1226 336/1183/1242
f 319/1183/1225 336/1183/1242 335/1183/1241
f 320/1183/1226 321/1183/1227 337/1183/1243
f 320/1183/1226 337/1183/1243 336/1183/1242
f 321/1183/1227 322/1183/1228 338/1183/1244
f 321/1183/1227 338/1183/1244 337/1183/1243
f 322/1183/1228 323/1183/1229 339/1183/1245
f 322/1183/1228 339/1183/1245 338/1183/1244
f 323/1183/1229 324/1183/1230 340/1183/1246
f 323/1183/1229 340/1183/1246 339/1183/1245
f 324/1183/1230 310/1183/1216 326/1183/1232
f 324/1183/1230 326/1183/1232 340/1183/1246
f 326/1183/1232 325/1183/1231 341/1183/1247
f 326/1183/1232 341/1183/1247 342/1183/1248
f 325/1183/1231 327/1183/1233 343/1183/1249
f 325/1183/1231 343/1183/1249 341/1183/1247
f 327/1183/1233 328/1183/1234 344/1183/1250
f 327/1183/1233 344/1183/1250 343/1183/1249
f 328/1183/1234 329/1183/1235 345/1183/1251
f 328/1183/1234 345/1183/1251 344/1183/1250
f 329/1183/1235 330/1183/1236 346/1183/1252
f 329/1183/1235 346/1183/1252 345/1183/1251
f 330/1183/1236 331/1183/1237 347/1183/1253
f 330/1183/1236 347/1183/1253 346/1183/1252
f 331/1183/1237 332/1183/1238 348/1183/1254
f 331/1183/1237 348/1183/1254 347/1183/1253
f 332/1183/1238 333/1183/1239 349/1183/1255
f 332/1183/1238 349/1183/1255 348/1183/1254
f 333/1183/1239 334/1183/1240 350/1183/1256
f 333/1183/1239 350/1183/1256 349/1183/1255
f 334/1183/1240 335/1183/1241 351/1183/1257
f 334/1183/1240 351/1183/1257 350/1183/1256
f 335/1183/1241 336/1183/1242 352/1183/1258
f 335/1183/1241 352/1183/1258 351/1183/1257
f 336/1183/1242 337/1183/1243 353/1183/1259
f 336/1183/1242 353/1183/1259 352/1183/1258
f 337/1183/1243 338/1183/1244 354/1183/1260
f 337/1183/1243 354/1183/1260 353/1183/1259
f 338/1183/1244 339/1183/1245 355/1183/1261
f 338/1183/1244 355/1183/1261 354/1183/1260
f 339/1183/1245 340/1183/1246 356/1183/1262
f 339/1183/1245 356/1183/1262 355/1183/1261
f 340/1183/1246 326/1183/1232 342/1183/1248
f 340/1183/1246 342/1183/1248 356/1183/1262
f 342/1183/1248 341/1183/1247 357/1183/1263
f 342/1183/1248 357/1183/1263 358/1183/1264
f 341/1183/1247 343/1183/1249 359/1183/1265
f 341/1183/1247 359/1183/1265 357/1183/1263
f 343/1183/1249 344/1183/1250 360/1183/1266
f 343/1183/1249 360/1183/1266 359/1183/1265
f 344/1183/1250 345/1183/1251 361/1183/1267
f 344/1183/1250 361/1183/1267 360/1183/1266
f 345/1183/1251 346/1183/1252 362/1183/1268
f 345/1183/1251 362/1183/1268 361/1183/1267
f 346/1183/1252 347/1183/1253 363/1183/1269
f 346/1183/1252 363/1183/1269 362/1183/1268
f 347/1183/1253 348/1183/1254 364/1183/1270
f 347/1183/1253 364/1183/1270 363/1183/1269
f 348/1183/1254 349/1183/1255 365/1183/1271
f 348/1183/1254 365/1183/1271 364/1183/1270
f 349/1183/1255 350/1183/1256 366/1183/1272
f 349/1183/1255 366/1183/1272 365/1183/1271
f 350/1183/1256 351/1183/1257 367/1183/1273
f 350/1183/1256 367/1183/1273 366/1183/1272
f 351/1183/1257 352/1183/1258 368/1183/1274
f 351/1183/1257 368/1183/1274 367/1183/1273
f 352/1183/1258 353/1183/1259 369/1183/1275
f 352/1183/1258 369/1183/1275 368/1183/1274
f 353/1183/1259 354/1183/1260 370/1183/1276
f 353/1183/1259 370/1183/1276 369/1183/1275
f 354/1183/1260 355/1183/1261 371/1183/1277
f 354/1183/1260 371/1183/1277 370/1183/1276
f 355/1183/1261 356/1183/1262 372/1183/1278
f 355/1183/1261 372/1183/1278 371/1183/1277
f 356/1183/1262 342/1183/1248 358/1183/1264
f 356/1183/1262 358/1183/1264 372/1183/1278
f 358/1183/1264 357/1183/1263 373/1183/1279
f 358/1183/1264 373/1183/1279 374/1183/1280
f 357/1183/1263 359/1183/1265 375/1183/1281
f 357/1183/1263 375/1183/1281 373/1183/1279
f 359/1183/1265 360/1183/1266 376/1183/1282
f 359/1183/1265 376/1183/1282 375/1183/1281
f 360/1183/1266 361/1183/1267 377/1183/1283
f 360/1183/1266 377/1183/1283 376/1183/1282
f 361/1183/1267 362/1183/1268 378/1183/1284
f 361/1183/1267 378/1183/1284 377/1183/1283
f 362/1183/1268 363/1183/1269 379/1183/1285
f 362/1183/1268 379/1183/1285 378/1183/1284
f 363/1183/1269 364/1183/1270 380/1183/1286
f 363/1183/1269 380/1183/1286 379/1183/1285
f 364/1183/1270 365/1183/1271 381/1183/1287
f 364/1183/1270 381/1183/1287 380/1183/1286
f 365/1183/1271 366/1183/1272 382/1183/1288
f 365/1183/1271 382/1183/1288 381/1183/1287
f 366/1183/1272 367/1183/1273 383/1183/1289
f 366/1183/1272 383/1183/1289 382/1183/1288
f 367/1183/1273 368/1183/1274 384/1183/1290
f 367/1183/1273 384/1183/1290 383/1183/1289
f 368/1183/1274 369/1183/1275 385/1183/1291
f 368/1183/1274 385/1183/1291 384/1183/1290
f 369/1183/1275 370/1183/1276 386/1183/1292
f 369/1183/1275 386/1183/1292 385/1183/1291
f 370/1183/1276 371/1183/1277 387/1183/1293
f 370/1183/1276 387/1183/1293 386/1183/1292
f 371/1183/1277 372/1183/1278 388/1183/1294
f 371/1183/1277 388/1183/1294 387/1183/1293
f 372/1183/1278 358/1183/1264 374/1183/1280
f 372/1183/1278 374/1183/1280 388/1183/1294
f 374/1183/1280 373/1183/1279 389/1183/1295
f 373/1183/1279 375/1183/1281 389/1183/1295
f 375/1183/1281 376/1183/1282 389/1183/1295
f 376/1183/1282 377/1183/1283 389/1183/1295
f 377/1183/1283 378/1183/1284 389/1183/1295
f 378/1183/1284 379/1183/1285 389/1183/1295
f 379/1183/1285 380/1183/1286 389/1183/1295
f 380/1183/1286 381/1183/1287 389/1183/1295
f 381/1183/1287 382/1183/1288 389/1183/1295
f 382/1183/1288 383/1183/1289 389/1183/1295
f 383/1183/1289 384/1183/1290 389/1183/1295
f 384/1183/1290 385/1183/1291 389/1183/1295
f 385/1183/1291 386/1183/1292 389/1183/1295
f 386/1183/1292 387/1183/1293 389/1183/1295
f 387/1183/1293 388/1183/1294 389/1183/1295
f 388/1183/1294 374/1183/1280 389/1183/1295
